obs_name,RNA_clusters,ATAC_clusters
CTAAGGTCTTGCTGGA,R10,C6
CTAAGGTCACACAGAA,R0,C2
CTAAGGTCACAGCAGA,R1,C6
CTAAGGTCACCTCCAA,R1,C2
CTAAGGTCACGCTCGA,R0,C5
CTAAGGTCACGTATCA,R0,C0
CTAAGGTCACTATGCA,R0,C4
CTAAGGTCAGAGTCAA,R1,C4
CTAAGGTCAGATCGCA,R0,C4
CTAAGGTCAGCAGGAA,R0,C4
CTAAGGTCAGTCACTA,R0,C4
CTAAGGTCATCCTGTA,R8,C4
CTAAGGTCATTGAGGA,R0,C6
CTAAGGTCCAACCACA,R1,C2
CTAAGGTCGACTAGTA,R1,C4
CTAAGGTCCAATGGAA,R0,C6
CTAAGGTCCACTTCGA,R0,C4
CTAAGGTCCAGCGTTA,R0,C0
CTAAGGTCCATACCAA,R0,C0
CTAAGGTCCCAGTTCA,R0,C0
CTAAGGTCCCGAAGTA,R0,C4
CTAAGGTCCCGTGAGA,R1,C4
CTAAGGTCCCTCCTGA,R1,C0
CTAAGGTCCGAACTTA,R0,C4
CTAAGGTCCGACTGGA,R0,C6
CTAAGGTCCGCATACA,R6,C7
CTAAGGTCCTCAATGA,R1,C4
CTAAGGTCCTGAGCCA,R1,C2
CTAAGGTCCTGGCATA,R1,C2
CTAAGGTCGAATCTGA,R6,C10
CTAAGGTCCAAGACTA,R0,C0
CTAAGGTCGAGCTGAA,R0,C4
CTAAGGTCGATAGACA,R0,C6
CTAAGGTCGCCACATA,R0,C0
CTAAGGTCGCGAGTAA,R1,C0
CTAAGGTCGCTAACGA,R0,C2
CTAAGGTCGCTCGGTA,R1,C0
CTAAGGTCGGAGAACA,R8,C0
CTAAGGTCGGTGCGAA,R1,C0
CTAAGGTCGTACGCAA,R0,C2
CTAAGGTCGTCGTAGA,R0,C0
CTAAGGTCGTCTGTCA,R0,C0
CTAAGGTCGTGTTCTA,R0,C0
CTAAGGTCTAGGATGA,R0,C0
CTAAGGTCTATCAGCA,R0,C0
CTAAGGTCTCCGTCTA,R0,C0
CTAAGGTCTCTTCACA,R0,C0
CTAAGGTCTGAAGAGA,R0,C0
CTAAGGTCTGGAACAA,R0,C0
CTAAGGTCTGGCTTCA,R0,C0
CTAAGGTCTGGTGGTA,R6,C0
CTAAGGTCTTCACGCA,R0,C0
CTAAGGTCAACTCACC,R0,C7
CTAAGGTCAAGAGATC,R0,C0
CTAAGGTCAAGGACAC,R6,C0
CTAAGGTCAATCCGTC,R1,C7
CTAAGGTCAATGTTGC,R0,C0
CTAAGGTCACACGACC,R10,C3
CTAAGGTCACAGATTC,R4,C0
CTAAGGTCAGATGTAC,R0,C0
CTAAGGTCAGCACCTC,R0,C0
CTAAGGTCAGCCATGC,R0,C0
CTAAGGTCAGGCTAAC,R6,C7
CTAAGGTCATAGCGAC,R8,C0
CTAAGGTCATCATTCC,R0,C0
CTAAGGTCATTGGCTC,R0,C0
CTAAGGTCCAAGGAGC,R6,C5
CTAAGGTCCACCTTAC,R10,C5
CTAAGGTCCCATCCTC,R1,C0
CTAAGGTCCCGACAAC,R0,C0
CTAAGGTCCCTAATCC,R0,C4
CTAAGGTCCCTCTATC,R0,C4
CTAAGGTCCGACACAC,R1,C5
CTAAGGTCCGGATTGC,R0,C4
CTAAGGTCCTAAGGTC,R1,C7
CTAAGGTCGAACAGGC,R0,C4
CTAAGGTCGACAGTGC,R6,C5
CTAAGGTCGAGTTAGC,R0,C2
CTAAGGTCGATGAATC,R3,C5
CTAAGGTCGCCAAGAC,R1,C2
CTAAGGTCCGGAAGAA,R7,C7
CTAAGGTCGTGACAAG,R1,C7
CTAAGGTCGAACCAGA,R7,C6
CGGATTGCTTGCTGGA,R6,C7
CGGATTGCACACAGAA,R1,C2
CGGATTGCACAGCAGA,R1,C2
CGGATTGCACCTCCAA,R1,C2
CGGATTGCACGCTCGA,R1,C2
CGGATTGCACGTATCA,R0,C7
CGGATTGCACTATGCA,R0,C4
CGGATTGCAGAGTCAA,R0,C0
CGGATTGCAGATCGCA,R0,C2
CGGATTGCAGCAGGAA,R0,C10
CGGATTGCAGTCACTA,R0,C4
CGGATTGCATCCTGTA,R1,C6
CGGATTGCATTGAGGA,R0,C6
CGGATTGCCAACCACA,R0,C2
CGGATTGCGACTAGTA,R1,C4
CGGATTGCCAATGGAA,R0,C0
CGGATTGCCACTTCGA,R8,C1
CGGATTGCCAGCGTTA,R0,C4
CGGATTGCCATACCAA,R1,C7
CGGATTGCCCAGTTCA,R0,C4
CGGATTGCCCGAAGTA,R0,C4
CGGATTGCCCGTGAGA,R1,C0
CGGATTGCCCTCCTGA,R0,C0
CGGATTGCCGAACTTA,R1,C4
CGGATTGCCGACTGGA,R0,C6
CGGATTGCCGCATACA,R1,C2
CGGATTGCCTCAATGA,R0,C0
CGGATTGCCTGAGCCA,R0,C0
CGGATTGCCTGGCATA,R1,C6
CGGATTGCGAATCTGA,R1,C3
CGGATTGCCAAGACTA,R0,C0
CGGATTGCGAGCTGAA,R0,C0
CGGATTGCGATAGACA,R3,C5
CGGATTGCGCCACATA,R0,C4
CGGATTGCGCGAGTAA,R6,C0
CGGATTGCGCTAACGA,R0,C0
CGGATTGCGCTCGGTA,R0,C5
CGGATTGCGGAGAACA,R4,C3
CGGATTGCGGTGCGAA,R0,C10
CGGATTGCGTACGCAA,R0,C0
CGGATTGCGTCGTAGA,R0,C0
CGGATTGCGTCTGTCA,R1,C0
CGGATTGCGTGTTCTA,R0,C3
CGGATTGCTAGGATGA,R0,C0
CGGATTGCTATCAGCA,R0,C0
CGGATTGCTCCGTCTA,R1,C2
CGGATTGCTCTTCACA,R1,C2
CGGATTGCTGAAGAGA,R2,C5
CGGATTGCTGGAACAA,R2,C5
CGGATTGCTGGCTTCA,R4,C3
CGGATTGCTGGTGGTA,R6,C0
CGGATTGCTTCACGCA,R1,C7
CGGATTGCAACTCACC,R0,C10
CGGATTGCAAGAGATC,R0,C0
CGGATTGCAAGGACAC,R0,C0
CGGATTGCAATCCGTC,R0,C0
CGGATTGCAATGTTGC,R6,C0
CGGATTGCACACGACC,R8,C5
CGGATTGCACAGATTC,R0,C0
CGGATTGCAGATGTAC,R0,C0
CGGATTGCAGCACCTC,R6,C0
CGGATTGCAGCCATGC,R0,C0
CGGATTGCAGGCTAAC,R8,C0
CGGATTGCATAGCGAC,R0,C0
CGGATTGCATCATTCC,R0,C0
CGGATTGCATTGGCTC,R0,C0
CGGATTGCCAAGGAGC,R0,C0
CGGATTGCCACCTTAC,R1,C10
CGGATTGCCCATCCTC,R0,C0
CGGATTGCCCGACAAC,R0,C6
CGGATTGCCCTAATCC,R0,C4
CGGATTGCCCTCTATC,R0,C0
CGGATTGCCGACACAC,R3,C4
CGGATTGCCGGATTGC,R0,C4
CGGATTGCCTAAGGTC,R0,C4
CGGATTGCGAACAGGC,R0,C4
CGGATTGCGACAGTGC,R0,C4
CGGATTGCGAGTTAGC,R1,C0
CGGATTGCGATGAATC,R1,C5
CGGATTGCGCCAAGAC,R1,C7
CGGATTGCCGGAAGAA,R7,C5
CGGATTGCGTGACAAG,R8,C6
CGGATTGCGAACCAGA,R1,C10
CGACACACTTGCTGGA,R1,C5
CGACACACAAGACGGA,R4,C2
CGACACACAAGGTACA,R1,C7
CGACACACACACAGAA,R1,C5
CGACACACACAGCAGA,R3,C7
CGACACACACCTCCAA,R0,C0
CGACACACACGCTCGA,R0,C4
CGACACACACGTATCA,R0,C4
CGACACACACTATGCA,R0,C0
CGACACACAGAGTCAA,R0,C2
CGACACACAGATCGCA,R1,C2
CGACACACAGCAGGAA,R0,C0
CGACACACAGTCACTA,R0,C4
CGACACACATCCTGTA,R0,C5
CGACACACATTGAGGA,R0,C4
CGACACACCAACCACA,R0,C4
CGACACACGACTAGTA,R1,C2
CGACACACCAATGGAA,R1,C10
CGACACACCACTTCGA,R1,C0
CGACACACCAGCGTTA,R0,C4
CGACACACCATACCAA,R0,C4
CGACACACCCAGTTCA,R0,C4
CGACACACCCGAAGTA,R6,C4
CGACACACCCGTGAGA,R0,C4
CGACACACCCTCCTGA,R6,C2
CGACACACCGAACTTA,R8,C4
CGACACACCGACTGGA,R0,C7
CGACACACCGCATACA,R0,C0
CGACACACCTCAATGA,R0,C4
CGACACACCTGAGCCA,R0,C5
CGACACACCTGGCATA,R1,C5
CGACACACGAATCTGA,R0,C4
CGACACACCAAGACTA,R0,C6
CGACACACGAGCTGAA,R0,C0
CGACACACGATAGACA,R2,C5
CGACACACGCCACATA,R0,C0
CGACACACGCGAGTAA,R1,C6
CGACACACGCTAACGA,R0,C0
CGACACACGCTCGGTA,R0,C5
CGACACACGGAGAACA,R1,C5
CGACACACGGTGCGAA,R6,C0
CGACACACGTACGCAA,R0,C0
CGACACACGTCGTAGA,R0,C0
CGACACACGTCTGTCA,R0,C0
CGACACACGTGTTCTA,R0,C10
CGACACACTAGGATGA,R4,C2
CGACACACTATCAGCA,R1,C3
CGACACACTCCGTCTA,R4,C5
CGACACACTCTTCACA,R1,C6
CGACACACTGAAGAGA,R4,C6
CGACACACTGGAACAA,R6,C2
CGACACACTGGCTTCA,R0,C0
CGACACACTGGTGGTA,R0,C0
CGACACACTTCACGCA,R1,C0
CGACACACAACTCACC,R1,C2
CGACACACAAGAGATC,R6,C0
CGACACACAAGGACAC,R0,C0
CGACACACAATCCGTC,R1,C5
CGACACACAATGTTGC,R0,C0
CGACACACACACGACC,R0,C0
CGACACACACAGATTC,R6,C0
CGACACACAGATGTAC,R0,C0
CGACACACAGCACCTC,R0,C0
CGACACACAGCCATGC,R4,C3
CGACACACAGGCTAAC,R0,C5
CGACACACATAGCGAC,R1,C5
CGACACACATCATTCC,R0,C0
CGACACACATTGGCTC,R6,C0
CGACACACCAAGGAGC,R0,C7
CGACACACCACCTTAC,R0,C0
CGACACACCCATCCTC,R0,C6
CGACACACCCGACAAC,R1,C5
CGACACACCCTAATCC,R0,C4
CGACACACCCTCTATC,R0,C4
CGACACACCGACACAC,R0,C4
CGACACACCGGATTGC,R0,C0
CGACACACCTAAGGTC,R0,C4
CGACACACGAACAGGC,R0,C4
CGACACACGACAGTGC,R0,C7
CGACACACGAGTTAGC,R1,C7
CGACACACGATGAATC,R1,C3
CGACACACGCCAAGAC,R6,C7
CGACACACCGGAAGAA,R7,C5
CGACACACGTGACAAG,R1,C7
CGACACACGAACCAGA,R3,C7
CCTCTATCTTGCTGGA,R3,C7
CCTCTATCAACCGAGA,R1,C2
CCTCTATCAACGCTTA,R1,C2
CCTCTATCAAGACGGA,R0,C4
CCTCTATCAAGGTACA,R1,C1
CCTCTATCACACAGAA,R1,C6
CCTCTATCACAGCAGA,R1,C5
CCTCTATCACCTCCAA,R0,C10
CCTCTATCACGCTCGA,R0,C7
CCTCTATCACGTATCA,R0,C4
CCTCTATCACTATGCA,R0,C7
CCTCTATCAGAGTCAA,R1,C4
CCTCTATCAGATCGCA,R1,C5
CCTCTATCAGCAGGAA,R1,C4
CCTCTATCAGTCACTA,R0,C6
CCTCTATCATCCTGTA,R1,C2
CCTCTATCATTGAGGA,R1,C4
CCTCTATCCAACCACA,R1,C4
CCTCTATCGACTAGTA,R0,C4
CCTCTATCCAATGGAA,R0,C5
CCTCTATCCACTTCGA,R0,C4
CCTCTATCCAGCGTTA,R0,C0
CCTCTATCCATACCAA,R0,C10
CCTCTATCCCAGTTCA,R1,C5
CCTCTATCCCGAAGTA,R1,C4
CCTCTATCCCGTGAGA,R0,C4
CCTCTATCCCTCCTGA,R1,C4
CCTCTATCCGAACTTA,R1,C6
CCTCTATCCGACTGGA,R1,C4
CCTCTATCCGCATACA,R0,C2
CCTCTATCCTCAATGA,R0,C0
CCTCTATCCTGAGCCA,R1,C0
CCTCTATCCTGGCATA,R1,C7
CCTCTATCGAATCTGA,R1,C2
CCTCTATCCAAGACTA,R0,C10
CCTCTATCGAGCTGAA,R0,C10
CCTCTATCGATAGACA,R0,C0
CCTCTATCGCCACATA,R1,C5
CCTCTATCGCGAGTAA,R0,C0
CCTCTATCGCTAACGA,R0,C2
CCTCTATCGCTCGGTA,R0,C0
CCTCTATCGGAGAACA,R0,C0
CCTCTATCGGTGCGAA,R0,C0
CCTCTATCGTACGCAA,R1,C5
CCTCTATCGTCGTAGA,R0,C6
CCTCTATCGTCTGTCA,R0,C0
CCTCTATCGTGTTCTA,R1,C7
CCTCTATCTAGGATGA,R0,C0
CCTCTATCTATCAGCA,R0,C0
CCTCTATCTCCGTCTA,R1,C0
CCTCTATCTCTTCACA,R0,C2
CCTCTATCTGAAGAGA,R4,C3
CCTCTATCTGGAACAA,R0,C0
CCTCTATCTGGCTTCA,R1,C0
CCTCTATCTGGTGGTA,R0,C0
CCTCTATCTTCACGCA,R6,C5
CCTCTATCAACTCACC,R0,C5
CCTCTATCAAGAGATC,R0,C0
CCTCTATCAAGGACAC,R0,C0
CCTCTATCAATCCGTC,R0,C0
CCTCTATCAATGTTGC,R1,C0
CCTCTATCACACGACC,R0,C0
CCTCTATCACAGATTC,R0,C0
CCTCTATCAGATGTAC,R0,C0
CCTCTATCAGCACCTC,R0,C0
CCTCTATCAGCCATGC,R0,C0
CCTCTATCAGGCTAAC,R0,C0
CCTCTATCATAGCGAC,R0,C6
CCTCTATCATCATTCC,R0,C6
CCTCTATCATTGGCTC,R6,C10
CCTCTATCCAAGGAGC,R1,C3
CCTCTATCCACCTTAC,R0,C0
CCTCTATCCCATCCTC,R0,C4
CCTCTATCCCGACAAC,R0,C0
CCTCTATCCCTAATCC,R10,C5
CCTCTATCCCTCTATC,R0,C0
CCTCTATCCGACACAC,R0,C5
CCTCTATCCGGATTGC,R0,C4
CCTCTATCCTAAGGTC,R1,C0
CCTCTATCGAACAGGC,R0,C4
CCTCTATCGACAGTGC,R1,C4
CCTCTATCGAGTTAGC,R3,C7
CCTCTATCGATGAATC,R3,C2
CCTCTATCGCCAAGAC,R3,C7
CCTCTATCCGGAAGAA,R7,C5
CCTCTATCGTGACAAG,R3,C5
CCTCTATCGAACCAGA,R7,C5
CCTAATCCTTGCTGGA,R7,C7
CCTAATCCAACCGAGA,R1,C2
CCTAATCCAACGCTTA,R1,C2
CCTAATCCAAGACGGA,R1,C10
CCTAATCCAAGGTACA,R1,C2
CCTAATCCACACAGAA,R1,C6
CCTAATCCACAGCAGA,R6,C2
CCTAATCCACCTCCAA,R1,C4
CCTAATCCACGCTCGA,R1,C4
CCTAATCCACGTATCA,R0,C0
CCTAATCCACTATGCA,R0,C2
CCTAATCCAGAGTCAA,R0,C0
CCTAATCCAGATCGCA,R0,C3
CCTAATCCAGCAGGAA,R8,C4
CCTAATCCAGTCACTA,R0,C4
CCTAATCCATCCTGTA,R0,C4
CCTAATCCATTGAGGA,R6,C2
CCTAATCCCAACCACA,R0,C4
CCTAATCCGACTAGTA,R0,C4
CCTAATCCCAATGGAA,R1,C4
CCTAATCCCACTTCGA,R0,C2
CCTAATCCCAGCGTTA,R1,C4
CCTAATCCCATACCAA,R1,C4
CCTAATCCCCAGTTCA,R0,C4
CCTAATCCCCGAAGTA,R0,C0
CCTAATCCCCGTGAGA,R0,C4
CCTAATCCCCTCCTGA,R1,C5
CCTAATCCCGAACTTA,R1,C2
CCTAATCCCGACTGGA,R1,C3
CCTAATCCCGCATACA,R2,C7
CCTAATCCCTCAATGA,R0,C0
CCTAATCCCTGAGCCA,R1,C0
CCTAATCCCTGGCATA,R0,C0
CCTAATCCGAATCTGA,R1,C2
CCTAATCCCAAGACTA,R0,C6
CCTAATCCGAGCTGAA,R0,C0
CCTAATCCGATAGACA,R1,C5
CCTAATCCGCCACATA,R1,C0
CCTAATCCGCGAGTAA,R1,C0
CCTAATCCGCTAACGA,R0,C2
CCTAATCCGCTCGGTA,R0,C5
CCTAATCCGGAGAACA,R1,C2
CCTAATCCGGTGCGAA,R1,C0
CCTAATCCGTACGCAA,R0,C0
CCTAATCCGTCGTAGA,R1,C0
CCTAATCCGTCTGTCA,R1,C0
CCTAATCCGTGTTCTA,R0,C6
CCTAATCCTAGGATGA,R0,C6
CCTAATCCTATCAGCA,R1,C2
CCTAATCCTCCGTCTA,R0,C0
CCTAATCCTCTTCACA,R0,C5
CCTAATCCTGAAGAGA,R1,C0
CCTAATCCTGGAACAA,R1,C0
CCTAATCCTGGCTTCA,R0,C0
CCTAATCCTGGTGGTA,R8,C0
CCTAATCCTTCACGCA,R0,C0
CCTAATCCAACTCACC,R4,C0
CCTAATCCAAGAGATC,R1,C7
CCTAATCCAAGGACAC,R4,C0
CCTAATCCAATCCGTC,R0,C0
CCTAATCCAATGTTGC,R0,C7
CCTAATCCACACGACC,R0,C0
CCTAATCCACAGATTC,R4,C3
CCTAATCCAGATGTAC,R4,C0
CCTAATCCAGCACCTC,R0,C0
CCTAATCCAGCCATGC,R0,C0
CCTAATCCAGGCTAAC,R4,C3
CCTAATCCATAGCGAC,R0,C5
CCTAATCCATCATTCC,R0,C0
CCTAATCCATTGGCTC,R0,C0
CCTAATCCCAAGGAGC,R0,C0
CCTAATCCCACCTTAC,R0,C0
CCTAATCCCCATCCTC,R0,C0
CCTAATCCCCGACAAC,R0,C5
CCTAATCCCCTAATCC,R1,C10
CCTAATCCCCTCTATC,R0,C4
CCTAATCCCGACACAC,R0,C4
CCTAATCCCGGATTGC,R0,C4
CCTAATCCCTAAGGTC,R0,C4
CCTAATCCGAACAGGC,R0,C4
CCTAATCCGACAGTGC,R8,C4
CCTAATCCGAGTTAGC,R1,C6
CCTAATCCGATGAATC,R3,C7
CCTAATCCGCCAAGAC,R3,C7
CCTAATCCCGGAAGAA,R7,C2
CCTAATCCGTGACAAG,R7,C5
CCTAATCCGAACCAGA,R1,C2
CCGACAACTTGCTGGA,R2,C2
CCGACAACAACAACCA,R1,C5
CCGACAACAACCGAGA,R7,C5
CCGACAACAACGCTTA,R0,C4
CCGACAACAAGACGGA,R1,C4
CCGACAACAAGGTACA,R1,C4
CCGACAACACACAGAA,R1,C4
CCGACAACACAGCAGA,R0,C4
CCGACAACACCTCCAA,R1,C0
CCGACAACACGCTCGA,R1,C4
CCGACAACACGTATCA,R1,C0
CCGACAACACTATGCA,R1,C4
CCGACAACAGAGTCAA,R0,C2
CCGACAACAGATCGCA,R1,C4
CCGACAACAGCAGGAA,R0,C4
CCGACAACAGTCACTA,R0,C4
CCGACAACATCCTGTA,R0,C4
CCGACAACATTGAGGA,R0,C5
CCGACAACCAACCACA,R0,C4
CCGACAACGACTAGTA,R1,C3
CCGACAACCAATGGAA,R0,C4
CCGACAACCACTTCGA,R0,C4
CCGACAACCAGCGTTA,R0,C4
CCGACAACCATACCAA,R0,C2
CCGACAACCCAGTTCA,R1,C7
CCGACAACCCGAAGTA,R0,C4
CCGACAACCCGTGAGA,R8,C7
CCGACAACCCTCCTGA,R8,C5
CCGACAACCGAACTTA,R1,C2
CCGACAACCGACTGGA,R0,C4
CCGACAACCGCATACA,R1,C6
CCGACAACCTCAATGA,R1,C0
CCGACAACCTGAGCCA,R0,C0
CCGACAACCTGGCATA,R1,C3
CCGACAACGAATCTGA,R0,C3
CCGACAACCAAGACTA,R1,C5
CCGACAACGAGCTGAA,R1,C5
CCGACAACGATAGACA,R0,C7
CCGACAACGCCACATA,R3,C0
CCGACAACGCGAGTAA,R0,C0
CCGACAACGCTAACGA,R1,C2
CCGACAACGCTCGGTA,R1,C5
CCGACAACGGAGAACA,R4,C6
CCGACAACGGTGCGAA,R1,C0
CCGACAACGTACGCAA,R1,C2
CCGACAACGTCGTAGA,R0,C6
CCGACAACGTCTGTCA,R0,C4
CCGACAACGTGTTCTA,R6,C5
CCGACAACTAGGATGA,R1,C5
CCGACAACTATCAGCA,R6,C0
CCGACAACTCCGTCTA,R1,C5
CCGACAACTCTTCACA,R1,C7
CCGACAACTGAAGAGA,R1,C0
CCGACAACTGGAACAA,R0,C0
CCGACAACTGGCTTCA,R8,C5
CCGACAACTGGTGGTA,R1,C5
CCGACAACTTCACGCA,R1,C6
CCGACAACAACTCACC,R0,C0
CCGACAACAAGAGATC,R8,C2
CCGACAACAAGGACAC,R0,C0
CCGACAACAATCCGTC,R1,C5
CCGACAACAATGTTGC,R0,C0
CCGACAACACACGACC,R0,C3
CCGACAACACAGATTC,R0,C0
CCGACAACAGATGTAC,R0,C0
CCGACAACAGCACCTC,R0,C0
CCGACAACAGCCATGC,R0,C0
CCGACAACAGGCTAAC,R0,C0
CCGACAACATAGCGAC,R10,C7
CCGACAACATCATTCC,R6,C7
CCGACAACATTGGCTC,R0,C7
CCGACAACCAAGGAGC,R0,C0
CCGACAACCACCTTAC,R0,C0
CCGACAACCCATCCTC,R1,C0
CCGACAACCCGACAAC,R0,C0
CCGACAACCCTAATCC,R0,C4
CCGACAACCCTCTATC,R0,C4
CCGACAACCGACACAC,R0,C5
CCGACAACCGGATTGC,R0,C4
CCGACAACCTAAGGTC,R0,C10
CCGACAACGAACAGGC,R0,C4
CCGACAACGACAGTGC,R0,C4
CCGACAACGAGTTAGC,R1,C2
CCGACAACGATGAATC,R1,C7
CCGACAACGCCAAGAC,R3,C7
CCGACAACCGGAAGAA,R3,C7
CCGACAACGTGACAAG,R7,C5
CCGACAACGAACCAGA,R0,C5
CCATCCTCTTGCTGGA,R3,C5
CCATCCTCAGTACAAG,R1,C2
CCATCCTCAACAACCA,R1,C10
CCATCCTCAACCGAGA,R3,C2
CCATCCTCAACGCTTA,R3,C7
CCATCCTCAAGACGGA,R0,C4
CCATCCTCAAGGTACA,R1,C4
CCATCCTCACACAGAA,R0,C4
CCATCCTCACAGCAGA,R0,C0
CCATCCTCACCTCCAA,R0,C4
CCATCCTCACGCTCGA,R0,C4
CCATCCTCACGTATCA,R10,C4
CCATCCTCACTATGCA,R1,C5
CCATCCTCAGAGTCAA,R0,C4
CCATCCTCAGATCGCA,R8,C4
CCATCCTCAGCAGGAA,R0,C4
CCATCCTCAGTCACTA,R4,C3
CCATCCTCATCCTGTA,R0,C6
CCATCCTCATTGAGGA,R0,C4
CCATCCTCCAACCACA,R1,C4
CCATCCTCGACTAGTA,R0,C4
CCATCCTCCAATGGAA,R8,C4
CCATCCTCCACTTCGA,R0,C3
CCATCCTCCAGCGTTA,R0,C4
CCATCCTCCATACCAA,R1,C0
CCATCCTCCCAGTTCA,R0,C4
CCATCCTCCCGAAGTA,R0,C6
CCATCCTCCCGTGAGA,R1,C6
CCATCCTCCCTCCTGA,R1,C4
CCATCCTCCGAACTTA,R0,C0
CCATCCTCCGACTGGA,R0,C6
CCATCCTCCGCATACA,R1,C10
CCATCCTCCTCAATGA,R1,C0
CCATCCTCCTGAGCCA,R0,C0
CCATCCTCCTGGCATA,R0,C10
CCATCCTCGAATCTGA,R6,C2
CCATCCTCCAAGACTA,R1,C5
CCATCCTCGAGCTGAA,R6,C2
CCATCCTCGATAGACA,R0,C0
CCATCCTCGCCACATA,R0,C0
CCATCCTCGCGAGTAA,R0,C6
CCATCCTCGCTAACGA,R0,C0
CCATCCTCGCTCGGTA,R1,C0
CCATCCTCGGAGAACA,R0,C5
CCATCCTCGGTGCGAA,R4,C3
CCATCCTCGTACGCAA,R0,C6
CCATCCTCGTCGTAGA,R1,C0
CCATCCTCGTCTGTCA,R8,C0
CCATCCTCGTGTTCTA,R4,C3
CCATCCTCTAGGATGA,R0,C2
CCATCCTCTATCAGCA,R4,C0
CCATCCTCTCCGTCTA,R1,C0
CCATCCTCTCTTCACA,R0,C0
CCATCCTCTGAAGAGA,R4,C5
CCATCCTCTGGAACAA,R0,C0
CCATCCTCTGGCTTCA,R4,C2
CCATCCTCTGGTGGTA,R0,C0
CCATCCTCTTCACGCA,R1,C0
CCATCCTCAACTCACC,R10,C0
CCATCCTCAAGAGATC,R4,C3
CCATCCTCAAGGACAC,R4,C7
CCATCCTCAATCCGTC,R0,C0
CCATCCTCAATGTTGC,R0,C0
CCATCCTCACACGACC,R1,C0
CCATCCTCACAGATTC,R8,C0
CCATCCTCAGATGTAC,R0,C5
CCATCCTCAGCACCTC,R0,C2
CCATCCTCAGCCATGC,R0,C0
CCATCCTCAGGCTAAC,R0,C0
CCATCCTCATAGCGAC,R0,C0
CCATCCTCATCATTCC,R0,C0
CCATCCTCATTGGCTC,R0,C0
CCATCCTCCAAGGAGC,R0,C4
CCATCCTCCACCTTAC,R0,C6
CCATCCTCCCATCCTC,R0,C0
CCATCCTCCCGACAAC,R0,C4
CCATCCTCCCTAATCC,R0,C0
CCATCCTCCCTCTATC,R0,C4
CCATCCTCCGACACAC,R0,C2
CCATCCTCCGGATTGC,R0,C2
CCATCCTCCTAAGGTC,R1,C7
CCATCCTCGAACAGGC,R6,C4
CCATCCTCGACAGTGC,R0,C4
CCATCCTCGAGTTAGC,R1,C2
CCATCCTCGATGAATC,R1,C5
CCATCCTCGCCAAGAC,R4,C7
CCATCCTCCGGAAGAA,R7,C7
CCATCCTCGTGACAAG,R7,C5
CCATCCTCGAACCAGA,R6,C2
CACCTTACTTGCTGGA,R7,C7
CACCTTACAGTACAAG,R1,C2
CACCTTACAACAACCA,R1,C2
CACCTTACAACCGAGA,R7,C0
CACCTTACAACGCTTA,R1,C6
CACCTTACAAGACGGA,R1,C4
CACCTTACAAGGTACA,R0,C4
CACCTTACACACAGAA,R1,C0
CACCTTACACAGCAGA,R1,C4
CACCTTACACCTCCAA,R1,C10
CACCTTACACGCTCGA,R1,C4
CACCTTACACGTATCA,R0,C4
CACCTTACACTATGCA,R0,C4
CACCTTACAGAGTCAA,R0,C0
CACCTTACAGATCGCA,R1,C4
CACCTTACAGCAGGAA,R1,C10
CACCTTACAGTCACTA,R1,C5
CACCTTACATCCTGTA,R0,C4
CACCTTACATTGAGGA,R0,C4
CACCTTACCAACCACA,R0,C4
CACCTTACGACTAGTA,R1,C7
CACCTTACCAATGGAA,R0,C2
CACCTTACCACTTCGA,R0,C4
CACCTTACCAGCGTTA,R1,C4
CACCTTACCATACCAA,R1,C6
CACCTTACCCAGTTCA,R1,C5
CACCTTACCCGAAGTA,R1,C4
CACCTTACCCGTGAGA,R0,C5
CACCTTACCCTCCTGA,R0,C0
CACCTTACCGAACTTA,R1,C0
CACCTTACCGACTGGA,R1,C0
CACCTTACCGCATACA,R1,C2
CACCTTACCTCAATGA,R1,C5
CACCTTACCTGAGCCA,R1,C0
CACCTTACCTGGCATA,R0,C0
CACCTTACGAATCTGA,R0,C0
CACCTTACCAAGACTA,R0,C0
CACCTTACGAGCTGAA,R0,C5
CACCTTACGATAGACA,R0,C2
CACCTTACGCCACATA,R1,C5
CACCTTACGCGAGTAA,R0,C0
CACCTTACGCTAACGA,R1,C0
CACCTTACGCTCGGTA,R0,C2
CACCTTACGGAGAACA,R1,C2
CACCTTACGGTGCGAA,R1,C0
CACCTTACGTACGCAA,R0,C6
CACCTTACGTCGTAGA,R1,C0
CACCTTACGTCTGTCA,R0,C0
CACCTTACGTGTTCTA,R0,C0
CACCTTACTAGGATGA,R0,C0
CACCTTACTATCAGCA,R0,C0
CACCTTACTCCGTCTA,R8,C0
CACCTTACTCTTCACA,R0,C0
CACCTTACTGAAGAGA,R0,C0
CACCTTACTGGAACAA,R0,C0
CACCTTACTGGCTTCA,R1,C5
CACCTTACTGGTGGTA,R0,C0
CACCTTACTTCACGCA,R0,C2
CACCTTACAACTCACC,R0,C0
CACCTTACAAGAGATC,R0,C0
CACCTTACAAGGACAC,R4,C0
CACCTTACAATCCGTC,R4,C0
CACCTTACAATGTTGC,R0,C3
CACCTTACACACGACC,R6,C0
CACCTTACACAGATTC,R1,C5
CACCTTACAGATGTAC,R8,C0
CACCTTACAGCACCTC,R0,C3
CACCTTACAGCCATGC,R0,C0
CACCTTACAGGCTAAC,R0,C9
CACCTTACATAGCGAC,R6,C0
CACCTTACATCATTCC,R10,C5
CACCTTACATTGGCTC,R0,C0
CACCTTACCAAGGAGC,R0,C4
CACCTTACCACCTTAC,R0,C0
CACCTTACCCATCCTC,R0,C5
CACCTTACCCGACAAC,R0,C0
CACCTTACCCTAATCC,R0,C4
CACCTTACCCTCTATC,R0,C0
CACCTTACCGACACAC,R0,C4
CACCTTACCGGATTGC,R0,C4
CACCTTACCTAAGGTC,R0,C4
CACCTTACGAACAGGC,R0,C0
CACCTTACGACAGTGC,R0,C4
CACCTTACGAGTTAGC,R3,C6
CACCTTACGATGAATC,R1,C6
CACCTTACGCCAAGAC,R1,C3
CACCTTACCGGAAGAA,R1,C5
CACCTTACGTGACAAG,R7,C5
CACCTTACGAACCAGA,R1,C7
CAAGGAGCTTGCTGGA,R1,C6
CAAGGAGCCTGTAGCC,R1,C5
CAAGGAGCAGTACAAG,R1,C2
CAAGGAGCAACAACCA,R1,C2
CAAGGAGCAACCGAGA,R0,C4
CAAGGAGCAACGCTTA,R1,C4
CAAGGAGCAAGACGGA,R1,C4
CAAGGAGCAAGGTACA,R0,C4
CAAGGAGCACACAGAA,R0,C4
CAAGGAGCACAGCAGA,R0,C4
CAAGGAGCACCTCCAA,R1,C0
CAAGGAGCACGCTCGA,R0,C0
CAAGGAGCACGTATCA,R1,C6
CAAGGAGCACTATGCA,R1,C4
CAAGGAGCAGAGTCAA,R0,C6
CAAGGAGCAGATCGCA,R1,C4
CAAGGAGCAGCAGGAA,R8,C4
CAAGGAGCAGTCACTA,R0,C4
CAAGGAGCATCCTGTA,R1,C4
CAAGGAGCATTGAGGA,R3,C4
CAAGGAGCCAACCACA,R0,C2
CAAGGAGCGACTAGTA,R0,C4
CAAGGAGCCAATGGAA,R1,C2
CAAGGAGCCACTTCGA,R1,C5
CAAGGAGCCAGCGTTA,R1,C0
CAAGGAGCCATACCAA,R0,C0
CAAGGAGCCCAGTTCA,R6,C3
CAAGGAGCCCGAAGTA,R0,C0
CAAGGAGCCCGTGAGA,R1,C0
CAAGGAGCCCTCCTGA,R0,C0
CAAGGAGCCGAACTTA,R1,C0
CAAGGAGCCGACTGGA,R1,C5
CAAGGAGCCGCATACA,R1,C0
CAAGGAGCCTCAATGA,R6,C0
CAAGGAGCCTGAGCCA,R0,C0
CAAGGAGCCTGGCATA,R0,C6
CAAGGAGCGAATCTGA,R0,C10
CAAGGAGCCAAGACTA,R0,C0
CAAGGAGCGAGCTGAA,R4,C3
CAAGGAGCGATAGACA,R4,C3
CAAGGAGCGCCACATA,R0,C0
CAAGGAGCGCGAGTAA,R0,C5
CAAGGAGCGCTAACGA,R0,C0
CAAGGAGCGCTCGGTA,R0,C0
CAAGGAGCGGAGAACA,R4,C3
CAAGGAGCGGTGCGAA,R0,C0
CAAGGAGCGTACGCAA,R0,C5
CAAGGAGCGTCGTAGA,R1,C2
CAAGGAGCGTCTGTCA,R6,C10
CAAGGAGCGTGTTCTA,R1,C2
CAAGGAGCTAGGATGA,R1,C0
CAAGGAGCTATCAGCA,R0,C0
CAAGGAGCTCCGTCTA,R4,C0
CAAGGAGCTCTTCACA,R4,C10
CAAGGAGCTGAAGAGA,R4,C2
CAAGGAGCTGGAACAA,R1,C0
CAAGGAGCTGGCTTCA,R1,C10
CAAGGAGCTGGTGGTA,R0,C0
CAAGGAGCTTCACGCA,R0,C10
CAAGGAGCAACTCACC,R4,C0
CAAGGAGCAAGAGATC,R0,C0
CAAGGAGCAAGGACAC,R8,C0
CAAGGAGCAATCCGTC,R0,C0
CAAGGAGCAATGTTGC,R0,C0
CAAGGAGCACACGACC,R0,C5
CAAGGAGCACAGATTC,R3,C0
CAAGGAGCAGATGTAC,R0,C0
CAAGGAGCAGCACCTC,R0,C0
CAAGGAGCAGCCATGC,R1,C0
CAAGGAGCAGGCTAAC,R0,C7
CAAGGAGCATAGCGAC,R0,C0
CAAGGAGCATCATTCC,R0,C0
CAAGGAGCATTGGCTC,R0,C0
CAAGGAGCCAAGGAGC,R0,C4
CAAGGAGCCACCTTAC,R0,C4
CAAGGAGCCCATCCTC,R0,C4
CAAGGAGCCCGACAAC,R0,C0
CAAGGAGCCCTAATCC,R0,C4
CAAGGAGCCCTCTATC,R0,C0
CAAGGAGCCGACACAC,R1,C10
CAAGGAGCCGGATTGC,R0,C4
CAAGGAGCCTAAGGTC,R0,C4
CAAGGAGCGAACAGGC,R0,C4
CAAGGAGCGACAGTGC,R0,C4
CAAGGAGCGAGTTAGC,R1,C7
CAAGGAGCGATGAATC,R3,C0
CAAGGAGCGCCAAGAC,R1,C7
CAAGGAGCCGGAAGAA,R7,C2
CAAGGAGCGTGACAAG,R7,C5
CAAGGAGCGAACCAGA,R1,C10
ATTGGCTCACAAGCTA,R1,C2
ATTGGCTCTTGCTGGA,R10,C2
ATTGGCTCCTGTAGCC,R1,C5
ATTGGCTCAGTACAAG,R7,C6
ATTGGCTCAACAACCA,R1,C4
ATTGGCTCAACCGAGA,R1,C4
ATTGGCTCAACGCTTA,R1,C4
ATTGGCTCAAGACGGA,R0,C4
ATTGGCTCAAGGTACA,R1,C0
ATTGGCTCACACAGAA,R6,C7
ATTGGCTCACAGCAGA,R0,C0
ATTGGCTCACCTCCAA,R1,C0
ATTGGCTCACGCTCGA,R1,C4
ATTGGCTCACGTATCA,R1,C4
ATTGGCTCACTATGCA,R0,C2
ATTGGCTCAGAGTCAA,R1,C4
ATTGGCTCAGATCGCA,R0,C2
ATTGGCTCAGCAGGAA,R0,C4
ATTGGCTCAGTCACTA,R0,C0
ATTGGCTCATCCTGTA,R1,C4
ATTGGCTCATTGAGGA,R8,C4
ATTGGCTCCAACCACA,R0,C4
ATTGGCTCGACTAGTA,R1,C4
ATTGGCTCCAATGGAA,R1,C4
ATTGGCTCCACTTCGA,R1,C4
ATTGGCTCCAGCGTTA,R0,C4
ATTGGCTCCATACCAA,R1,C10
ATTGGCTCCCAGTTCA,R1,C0
ATTGGCTCCCGAAGTA,R0,C0
ATTGGCTCCCGTGAGA,R1,C2
ATTGGCTCCCTCCTGA,R1,C0
ATTGGCTCCGAACTTA,R0,C0
ATTGGCTCCGACTGGA,R0,C2
ATTGGCTCCGCATACA,R2,C0
ATTGGCTCCTCAATGA,R1,C5
ATTGGCTCCTGAGCCA,R1,C4
ATTGGCTCCTGGCATA,R1,C2
ATTGGCTCGAATCTGA,R0,C10
ATTGGCTCCAAGACTA,R0,C0
ATTGGCTCGAGCTGAA,R0,C0
ATTGGCTCGATAGACA,R6,C6
ATTGGCTCGCCACATA,R1,C2
ATTGGCTCGCGAGTAA,R1,C0
ATTGGCTCGCTAACGA,R0,C6
ATTGGCTCGCTCGGTA,R0,C0
ATTGGCTCGGAGAACA,R0,C10
ATTGGCTCGGTGCGAA,R0,C0
ATTGGCTCGTACGCAA,R0,C0
ATTGGCTCGTCGTAGA,R1,C5
ATTGGCTCGTCTGTCA,R3,C0
ATTGGCTCGTGTTCTA,R0,C0
ATTGGCTCTAGGATGA,R4,C0
ATTGGCTCTATCAGCA,R4,C3
ATTGGCTCTCCGTCTA,R0,C0
ATTGGCTCTCTTCACA,R4,C7
ATTGGCTCTGAAGAGA,R0,C0
ATTGGCTCTGGAACAA,R0,C0
ATTGGCTCTGGCTTCA,R0,C0
ATTGGCTCTGGTGGTA,R0,C0
ATTGGCTCTTCACGCA,R4,C3
ATTGGCTCAACTCACC,R4,C0
ATTGGCTCAAGAGATC,R0,C0
ATTGGCTCAAGGACAC,R0,C0
ATTGGCTCAATCCGTC,R0,C0
ATTGGCTCAATGTTGC,R4,C0
ATTGGCTCACACGACC,R4,C3
ATTGGCTCACAGATTC,R0,C3
ATTGGCTCAGATGTAC,R10,C0
ATTGGCTCAGCACCTC,R0,C0
ATTGGCTCAGCCATGC,R0,C0
ATTGGCTCAGGCTAAC,R0,C0
ATTGGCTCATAGCGAC,R0,C2
ATTGGCTCATCATTCC,R6,C0
ATTGGCTCATTGGCTC,R6,C7
ATTGGCTCCAAGGAGC,R0,C4
ATTGGCTCCACCTTAC,R0,C0
ATTGGCTCCCATCCTC,R0,C10
ATTGGCTCCCGACAAC,R0,C0
ATTGGCTCCCTAATCC,R0,C4
ATTGGCTCCCTCTATC,R0,C0
ATTGGCTCCGACACAC,R0,C4
ATTGGCTCCGGATTGC,R0,C4
ATTGGCTCCTAAGGTC,R0,C4
ATTGGCTCGAACAGGC,R0,C4
ATTGGCTCGACAGTGC,R0,C4
ATTGGCTCGAGTTAGC,R1,C2
ATTGGCTCGATGAATC,R1,C2
ATTGGCTCGCCAAGAC,R6,C7
ATTGGCTCCGGAAGAA,R7,C5
ATTGGCTCGTGACAAG,R7,C5
ATTGGCTCGAACCAGA,R3,C2
ATCATTCCACAAGCTA,R1,C0
ATCATTCCTTGCTGGA,R1,C2
ATCATTCCCTGTAGCC,R1,C5
ATCATTCCAGTACAAG,R0,C4
ATCATTCCAACAACCA,R1,C4
ATCATTCCAACCGAGA,R1,C4
ATCATTCCAACGCTTA,R0,C4
ATCATTCCAAGACGGA,R7,C4
ATCATTCCAAGGTACA,R1,C6
ATCATTCCACACAGAA,R0,C5
ATCATTCCACAGCAGA,R1,C10
ATCATTCCACCTCCAA,R1,C4
ATCATTCCACGCTCGA,R1,C2
ATCATTCCACGTATCA,R6,C4
ATCATTCCACTATGCA,R1,C4
ATCATTCCAGAGTCAA,R1,C3
ATCATTCCAGATCGCA,R1,C4
ATCATTCCAGCAGGAA,R1,C4
ATCATTCCAGTCACTA,R0,C4
ATCATTCCATCCTGTA,R1,C0
ATCATTCCATTGAGGA,R6,C5
ATCATTCCCAACCACA,R1,C0
ATCATTCCGACTAGTA,R1,C2
ATCATTCCCAATGGAA,R1,C2
ATCATTCCCACTTCGA,R0,C10
ATCATTCCCAGCGTTA,R1,C2
ATCATTCCCATACCAA,R0,C4
ATCATTCCCCAGTTCA,R1,C6
ATCATTCCCCGAAGTA,R1,C5
ATCATTCCCCGTGAGA,R1,C2
ATCATTCCCCTCCTGA,R1,C5
ATCATTCCCGAACTTA,R1,C6
ATCATTCCCGACTGGA,R1,C10
ATCATTCCCGCATACA,R1,C0
ATCATTCCCTCAATGA,R1,C0
ATCATTCCCTGAGCCA,R7,C5
ATCATTCCCTGGCATA,R0,C0
ATCATTCCGAATCTGA,R0,C0
ATCATTCCCAAGACTA,R0,C0
ATCATTCCGAGCTGAA,R1,C2
ATCATTCCGATAGACA,R1,C0
ATCATTCCGCCACATA,R0,C0
ATCATTCCGCGAGTAA,R0,C0
ATCATTCCGCTAACGA,R1,C10
ATCATTCCGCTCGGTA,R1,C0
ATCATTCCGGAGAACA,R1,C2
ATCATTCCGGTGCGAA,R0,C0
ATCATTCCGTACGCAA,R1,C5
ATCATTCCGTCGTAGA,R4,C2
ATCATTCCGTCTGTCA,R0,C0
ATCATTCCGTGTTCTA,R0,C0
ATCATTCCTAGGATGA,R4,C2
ATCATTCCTATCAGCA,R6,C6
ATCATTCCTCCGTCTA,R0,C0
ATCATTCCTCTTCACA,R0,C0
ATCATTCCTGAAGAGA,R4,C0
ATCATTCCTGGAACAA,R1,C0
ATCATTCCTGGCTTCA,R4,C3
ATCATTCCTGGTGGTA,R1,C5
ATCATTCCTTCACGCA,R4,C2
ATCATTCCAACTCACC,R4,C2
ATCATTCCAAGAGATC,R0,C0
ATCATTCCAAGGACAC,R0,C0
ATCATTCCAATCCGTC,R1,C0
ATCATTCCAATGTTGC,R4,C2
ATCATTCCACACGACC,R4,C0
ATCATTCCACAGATTC,R4,C3
ATCATTCCAGATGTAC,R2,C2
ATCATTCCAGCACCTC,R0,C0
ATCATTCCAGCCATGC,R0,C3
ATCATTCCAGGCTAAC,R1,C0
ATCATTCCATAGCGAC,R1,C0
ATCATTCCATCATTCC,R0,C0
ATCATTCCATTGGCTC,R0,C4
ATCATTCCCAAGGAGC,R0,C0
ATCATTCCCACCTTAC,R6,C7
ATCATTCCCCATCCTC,R0,C0
ATCATTCCCCGACAAC,R1,C6
ATCATTCCCCTAATCC,R3,C10
ATCATTCCCCTCTATC,R0,C0
ATCATTCCCGACACAC,R0,C4
ATCATTCCCGCTGATC,R7,C5
ATCATTCCCGGATTGC,R0,C4
ATCATTCCCTAAGGTC,R0,C4
ATCATTCCGAACAGGC,R0,C4
ATCATTCCGACAGTGC,R0,C4
ATCATTCCGAGTTAGC,R1,C2
ATCATTCCGATGAATC,R6,C10
ATCATTCCGCCAAGAC,R1,C6
ATCATTCCCGGAAGAA,R3,C7
ATCATTCCGTGACAAG,R7,C6
ATCATTCCGAACCAGA,R1,C2
ATAGCGACACAAGCTA,R1,C5
ATAGCGACTTGCTGGA,R3,C7
ATAGCGACCTGTAGCC,R0,C5
ATAGCGACAGTACAAG,R1,C0
ATAGCGACAACAACCA,R1,C7
ATAGCGACAACCGAGA,R1,C5
ATAGCGACAACGCTTA,R1,C4
ATAGCGACAAGACGGA,R1,C0
ATAGCGACAAGGTACA,R6,C3
ATAGCGACACACAGAA,R1,C4
ATAGCGACACAGCAGA,R0,C4
ATAGCGACACCTCCAA,R0,C6
ATAGCGACACGCTCGA,R6,C0
ATAGCGACACGTATCA,R0,C2
ATAGCGACACTATGCA,R1,C4
ATAGCGACAGAGTCAA,R1,C7
ATAGCGACAGATCGCA,R0,C4
ATAGCGACAGCAGGAA,R1,C4
ATAGCGACAGTCACTA,R1,C7
ATAGCGACATCCTGTA,R1,C4
ATAGCGACATTGAGGA,R0,C4
ATAGCGACCAACCACA,R1,C6
ATAGCGACGACTAGTA,R1,C0
ATAGCGACCAATGGAA,R8,C0
ATAGCGACCACTTCGA,R1,C5
ATAGCGACCAGCGTTA,R1,C3
ATAGCGACCATACCAA,R1,C0
ATAGCGACCCAGTTCA,R1,C0
ATAGCGACCCGAAGTA,R6,C5
ATAGCGACCCGTGAGA,R1,C6
ATAGCGACCCTCCTGA,R1,C7
ATAGCGACCGAACTTA,R1,C0
ATAGCGACCGACTGGA,R0,C0
ATAGCGACCGCATACA,R1,C0
ATAGCGACCTCAATGA,R1,C2
ATAGCGACCTGAGCCA,R0,C0
ATAGCGACCTGGCATA,R0,C0
ATAGCGACGAATCTGA,R0,C2
ATAGCGACCAAGACTA,R0,C0
ATAGCGACGAGCTGAA,R0,C0
ATAGCGACGATAGACA,R0,C0
ATAGCGACGCCACATA,R1,C10
ATAGCGACGCGAGTAA,R0,C0
ATAGCGACGCTAACGA,R6,C0
ATAGCGACGCTCGGTA,R1,C10
ATAGCGACGGAGAACA,R8,C0
ATAGCGACGGTGCGAA,R6,C0
ATAGCGACGTACGCAA,R0,C0
ATAGCGACGTCGTAGA,R4,C0
ATAGCGACGTCTGTCA,R0,C0
ATAGCGACGTGTTCTA,R1,C0
ATAGCGACTAGGATGA,R0,C0
ATAGCGACTATCAGCA,R0,C0
ATAGCGACTCCGTCTA,R5,C3
ATAGCGACTCTTCACA,R1,C0
ATAGCGACTGAAGAGA,R8,C2
ATAGCGACTGGAACAA,R4,C0
ATAGCGACTGGCTTCA,R4,C3
ATAGCGACTGGTGGTA,R4,C2
ATAGCGACTTCACGCA,R4,C2
ATAGCGACAACTCACC,R4,C0
ATAGCGACAAGAGATC,R5,C3
ATAGCGACAAGGACAC,R4,C10
ATAGCGACAATCCGTC,R4,C3
ATAGCGACAATGTTGC,R5,C0
ATAGCGACACACGACC,R4,C0
ATAGCGACACAGATTC,R4,C3
ATAGCGACAGATGTAC,R4,C0
ATAGCGACAGCACCTC,R0,C6
ATAGCGACAGCCATGC,R0,C10
ATAGCGACAGGCTAAC,R0,C0
ATAGCGACATAGCGAC,R0,C0
ATAGCGACATCATTCC,R0,C0
ATAGCGACATTGGCTC,R0,C0
ATAGCGACCAAGGAGC,R0,C0
ATAGCGACCACCTTAC,R0,C0
ATAGCGACCCATCCTC,R0,C5
ATAGCGACCCGACAAC,R0,C10
ATAGCGACCCTAATCC,R0,C4
ATAGCGACCCTCTATC,R3,C4
ATAGCGACCGACACAC,R0,C4
ATAGCGACCGCTGATC,R1,C2
ATAGCGACCGGATTGC,R0,C5
ATAGCGACCTAAGGTC,R0,C5
ATAGCGACGAACAGGC,R0,C0
ATAGCGACGACAGTGC,R0,C4
ATAGCGACGAGTTAGC,R0,C5
ATAGCGACGATGAATC,R1,C2
ATAGCGACGCCAAGAC,R3,C5
ATAGCGACCGGAAGAA,R10,C2
ATAGCGACGTGACAAG,R7,C5
ATAGCGACGAACCAGA,R3,C2
AGGCTAACACAAGCTA,R1,C4
AGGCTAACTTGCTGGA,R1,C5
AGGCTAACCTGTAGCC,R1,C10
AGGCTAACAGTACAAG,R6,C10
AGGCTAACAACAACCA,R0,C4
AGGCTAACAACCGAGA,R0,C4
AGGCTAACAACGCTTA,R1,C2
AGGCTAACAAGACGGA,R0,C4
AGGCTAACAAGGTACA,R1,C4
AGGCTAACACACAGAA,R0,C4
AGGCTAACACAGCAGA,R1,C4
AGGCTAACACCTCCAA,R0,C4
AGGCTAACACGCTCGA,R1,C5
AGGCTAACACGTATCA,R1,C4
AGGCTAACACTATGCA,R0,C4
AGGCTAACAGAGTCAA,R1,C4
AGGCTAACAGATCGCA,R1,C4
AGGCTAACAGCAGGAA,R0,C7
AGGCTAACAGTCACTA,R1,C6
AGGCTAACATCCTGTA,R1,C4
AGGCTAACATTGAGGA,R1,C2
AGGCTAACCAACCACA,R1,C3
AGGCTAACGACTAGTA,R1,C0
AGGCTAACCAATGGAA,R1,C2
AGGCTAACCACTTCGA,R1,C5
AGGCTAACCAGCGTTA,R1,C0
AGGCTAACCATACCAA,R1,C5
AGGCTAACCCAGTTCA,R1,C0
AGGCTAACCCGAAGTA,R1,C5
AGGCTAACCCGTGAGA,R1,C0
AGGCTAACCCTCCTGA,R0,C0
AGGCTAACCGAACTTA,R0,C2
AGGCTAACCGACTGGA,R1,C7
AGGCTAACCGCATACA,R1,C0
AGGCTAACCTCAATGA,R0,C0
AGGCTAACCTGAGCCA,R0,C7
AGGCTAACCTGGCATA,R1,C5
AGGCTAACGAATCTGA,R0,C0
AGGCTAACCAAGACTA,R0,C0
AGGCTAACGAGCTGAA,R0,C0
AGGCTAACGATAGACA,R0,C0
AGGCTAACGCCACATA,R4,C2
AGGCTAACGCGAGTAA,R1,C0
AGGCTAACGCTAACGA,R6,C0
AGGCTAACGCTCGGTA,R2,C5
AGGCTAACGGAGAACA,R0,C6
AGGCTAACGGTGCGAA,R0,C0
AGGCTAACGTACGCAA,R1,C0
AGGCTAACGTCGTAGA,R8,C0
AGGCTAACGTCTGTCA,R0,C0
AGGCTAACGTGTTCTA,R0,C0
AGGCTAACTAGGATGA,R0,C0
AGGCTAACTATCAGCA,R5,C3
AGGCTAACTCCGTCTA,R4,C5
AGGCTAACTCTTCACA,R1,C2
AGGCTAACTGAAGAGA,R4,C2
AGGCTAACTGGAACAA,R1,C5
AGGCTAACTGGCTTCA,R4,C3
AGGCTAACTGGTGGTA,R0,C2
AGGCTAACTTCACGCA,R5,C2
AGGCTAACAACTCACC,R5,C3
AGGCTAACCAGATCTG,R1,C2
AGGCTAACAAGAGATC,R5,C3
AGGCTAACAAGGACAC,R5,C3
AGGCTAACAATCCGTC,R5,C2
AGGCTAACAATGTTGC,R5,C2
AGGCTAACACACGACC,R5,C2
AGGCTAACACAGATTC,R5,C3
AGGCTAACAGATGTAC,R6,C2
AGGCTAACAGCACCTC,R0,C0
AGGCTAACAGCCATGC,R0,C0
AGGCTAACAGGCTAAC,R0,C0
AGGCTAACCATCAAGT,R1,C6
AGGCTAACATAGCGAC,R0,C10
AGGCTAACATCATTCC,R0,C6
AGGCTAACATTGGCTC,R1,C5
AGGCTAACCAAGGAGC,R3,C0
AGGCTAACCACCTTAC,R0,C7
AGGCTAACCCATCCTC,R0,C6
AGGCTAACCCGACAAC,R0,C4
AGGCTAACCCTAATCC,R0,C0
AGGCTAACCCTCTATC,R0,C6
AGGCTAACCGACACAC,R0,C4
AGGCTAACCGCTGATC,R2,C2
AGGCTAACCGGATTGC,R0,C4
AGGCTAACCTAAGGTC,R0,C4
AGGCTAACGAACAGGC,R0,C4
AGGCTAACGACAGTGC,R0,C4
AGGCTAACGAGTTAGC,R3,C5
AGGCTAACGATGAATC,R3,C10
AGGCTAACGCCAAGAC,R1,C6
AGGCTAACCGGAAGAA,R1,C5
AGGCTAACGTGACAAG,R7,C5
AGGCTAACGAACCAGA,R1,C2
AGCCATGCACAAGCTA,R7,C10
AGCCATGCTTGCTGGA,R1,C5
AGCCATGCCTGTAGCC,R1,C2
AGCCATGCAGTACAAG,R0,C4
AGCCATGCAACAACCA,R1,C4
AGCCATGCAACCGAGA,R1,C4
AGCCATGCAACGCTTA,R1,C4
AGCCATGCAAGACGGA,R1,C0
AGCCATGCAAGGTACA,R1,C4
AGCCATGCACACAGAA,R1,C4
AGCCATGCACAGCAGA,R0,C4
AGCCATGCACCTCCAA,R0,C6
AGCCATGCACGCTCGA,R1,C4
AGCCATGCACGTATCA,R1,C4
AGCCATGCACTATGCA,R1,C4
AGCCATGCAGAGTCAA,R1,C0
AGCCATGCAGATCGCA,R1,C4
AGCCATGCAGCAGGAA,R7,C2
AGCCATGCAGTCACTA,R0,C0
AGCCATGCATCCTGTA,R1,C2
AGCCATGCATTGAGGA,R1,C0
AGCCATGCCAACCACA,R6,C2
AGCCATGCGACTAGTA,R1,C6
AGCCATGCCAATGGAA,R1,C0
AGCCATGCCACTTCGA,R1,C0
AGCCATGCCAGCGTTA,R1,C0
AGCCATGCCATACCAA,R1,C10
AGCCATGCCCAGTTCA,R1,C5
AGCCATGCCCGAAGTA,R1,C4
AGCCATGCCCGTGAGA,R0,C10
AGCCATGCCCTCCTGA,R1,C0
AGCCATGCCGAACTTA,R0,C0
AGCCATGCCGACTGGA,R1,C0
AGCCATGCCGCATACA,R0,C0
AGCCATGCCTCAATGA,R1,C7
AGCCATGCCTGAGCCA,R1,C6
AGCCATGCCTGGCATA,R3,C0
AGCCATGCGAATCTGA,R8,C0
AGCCATGCCAAGACTA,R1,C7
AGCCATGCGAGCTGAA,R3,C0
AGCCATGCGATAGACA,R0,C0
AGCCATGCGCCACATA,R1,C0
AGCCATGCGCGAGTAA,R1,C3
AGCCATGCGCTAACGA,R1,C0
AGCCATGCGCTCGGTA,R0,C0
AGCCATGCGGAGAACA,R1,C2
AGCCATGCGGTGCGAA,R1,C0
AGCCATGCGTACGCAA,R0,C2
AGCCATGCGTCGTAGA,R0,C0
AGCCATGCGTCTGTCA,R4,C0
AGCCATGCGTGTTCTA,R4,C10
AGCCATGCTAGGATGA,R4,C0
AGCCATGCTATCAGCA,R0,C0
AGCCATGCTCCGTCTA,R5,C5
AGCCATGCTCTTCACA,R6,C0
AGCCATGCTGAAGAGA,R5,C10
AGCCATGCTGGAACAA,R5,C3
AGCCATGCTGGCTTCA,R5,C6
AGCCATGCTGGTGGTA,R5,C3
AGCCATGCTTCACGCA,R4,C0
AGCCATGCAACTCACC,R5,C7
AGCCATGCCAGATCTG,R1,C2
AGCCATGCAAGAGATC,R5,C3
AGCCATGCAAGGACAC,R5,C3
AGCCATGCAATCCGTC,R4,C0
AGCCATGCAATGTTGC,R5,C3
AGCCATGCACACGACC,R5,C3
AGCCATGCACAGATTC,R5,C6
AGCCATGCAGATGTAC,R3,C2
AGCCATGCAGCACCTC,R0,C0
AGCCATGCAGCCATGC,R4,C0
AGCCATGCAGGCTAAC,R3,C0
AGCCATGCCATCAAGT,R1,C4
AGCCATGCATAGCGAC,R0,C3
AGCCATGCATCATTCC,R0,C7
AGCCATGCATTGGCTC,R0,C0
AGCCATGCCAAGGAGC,R7,C0
AGCCATGCCACCTTAC,R1,C0
AGCCATGCCCATCCTC,R0,C4
AGCCATGCCCGACAAC,R0,C7
AGCCATGCCCTAATCC,R0,C4
AGCCATGCCCTCTATC,R0,C4
AGCCATGCCGACACAC,R0,C4
AGCCATGCCGCTGATC,R10,C5
AGCCATGCCGGATTGC,R0,C4
AGCCATGCCTAAGGTC,R0,C0
AGCCATGCGAACAGGC,R0,C4
AGCCATGCGACAGTGC,R0,C4
AGCCATGCGAGTTAGC,R1,C6
AGCCATGCGATGAATC,R1,C7
AGCCATGCGCCAAGAC,R3,C7
AGCCATGCCGGAAGAA,R6,C7
AGCCATGCGTGACAAG,R7,C5
AGCCATGCGAACCAGA,R3,C7
AGCACCTCACAAGCTA,R1,C5
AGCACCTCTTGCTGGA,R6,C6
AGCACCTCCTGTAGCC,R1,C0
AGCACCTCAGTACAAG,R1,C6
AGCACCTCAACAACCA,R1,C4
AGCACCTCAACCGAGA,R1,C4
AGCACCTCAACGCTTA,R1,C5
AGCACCTCAAGACGGA,R1,C4
AGCACCTCAAGGTACA,R1,C4
AGCACCTCACACAGAA,R1,C4
AGCACCTCACAGCAGA,R1,C10
AGCACCTCACCTCCAA,R1,C4
AGCACCTCACGCTCGA,R0,C4
AGCACCTCACGTATCA,R1,C7
AGCACCTCACTATGCA,R1,C4
AGCACCTCAGAGTCAA,R1,C3
AGCACCTCAGATCGCA,R0,C7
AGCACCTCAGCAGGAA,R1,C4
AGCACCTCAGTCACTA,R1,C2
AGCACCTCATCCTGTA,R1,C2
AGCACCTCATTGAGGA,R1,C5
AGCACCTCCAACCACA,R1,C0
AGCACCTCGACTAGTA,R0,C0
AGCACCTCCAATGGAA,R1,C0
AGCACCTCCACTTCGA,R1,C6
AGCACCTCCAGCGTTA,R0,C6
AGCACCTCCATACCAA,R0,C0
AGCACCTCCCAGTTCA,R1,C0
AGCACCTCCCGAAGTA,R1,C0
AGCACCTCCCGTGAGA,R6,C0
AGCACCTCCCTCCTGA,R0,C0
AGCACCTCCGAACTTA,R0,C0
AGCACCTCCGACTGGA,R1,C2
AGCACCTCCGCATACA,R0,C3
AGCACCTCCTCAATGA,R0,C0
AGCACCTCCTGAGCCA,R0,C0
AGCACCTCCTGGCATA,R1,C0
AGCACCTCGAATCTGA,R4,C3
AGCACCTCCAAGACTA,R1,C0
AGCACCTCGAGCTGAA,R1,C0
AGCACCTCGATAGACA,R1,C5
AGCACCTCGCCACATA,R0,C0
AGCACCTCGCGAGTAA,R6,C0
AGCACCTCGCTAACGA,R0,C0
AGCACCTCGCTCGGTA,R8,C0
AGCACCTCGGAGAACA,R4,C3
AGCACCTCGGTGCGAA,R0,C0
AGCACCTCGTACGCAA,R0,C0
AGCACCTCGTCGTAGA,R4,C6
AGCACCTCGTCTGTCA,R4,C0
AGCACCTCGTGTTCTA,R0,C6
AGCACCTCACATTGGC,R1,C5
AGCACCTCTAGGATGA,R8,C0
AGCACCTCTATCAGCA,R4,C0
AGCACCTCTCCGTCTA,R5,C3
AGCACCTCTCTTCACA,R5,C2
AGCACCTCTGAAGAGA,R5,C2
AGCACCTCTGGAACAA,R8,C3
AGCACCTCTGGCTTCA,R5,C3
AGCACCTCTGGTGGTA,R5,C3
AGCACCTCTTCACGCA,R5,C3
AGCACCTCAACTCACC,R5,C3
AGCACCTCCAGATCTG,R1,C5
AGCACCTCAAGAGATC,R5,C3
AGCACCTCAAGGACAC,R5,C5
AGCACCTCAATCCGTC,R5,C2
AGCACCTCAATGTTGC,R3,C2
AGCACCTCACACGACC,R4,C2
AGCACCTCACAGATTC,R5,C3
AGCACCTCAGATGTAC,R4,C2
AGCACCTCAGCACCTC,R0,C0
AGCACCTCAGCCATGC,R0,C0
AGCACCTCAGGCTAAC,R1,C0
AGCACCTCCATCAAGT,R1,C4
AGCACCTCATAGCGAC,R0,C0
AGCACCTCATCATTCC,R0,C0
AGCACCTCATTGGCTC,R0,C0
AGCACCTCCAAGGAGC,R6,C0
AGCACCTCCACCTTAC,R3,C10
AGCACCTCCCATCCTC,R0,C4
AGCACCTCCCGACAAC,R0,C0
AGCACCTCCCTAATCC,R6,C0
AGCACCTCCCTCTATC,R0,C0
AGCACCTCCGACACAC,R0,C4
AGCACCTCCGCTGATC,R1,C0
AGCACCTCCGGATTGC,R0,C4
AGCACCTCCTAAGGTC,R3,C6
AGCACCTCGAACAGGC,R0,C4
AGCACCTCGACAGTGC,R0,C4
AGCACCTCGAGTTAGC,R6,C0
AGCACCTCGATGAATC,R2,C7
AGCACCTCGCCAAGAC,R3,C10
AGCACCTCCGGAAGAA,R6,C5
AGCACCTCGTGACAAG,R7,C5
AGCACCTCGAACCAGA,R7,C7
AGATGTACACAAGCTA,R1,C4
AGATGTACTTGCTGGA,R4,C6
AGATGTACCTGTAGCC,R1,C4
AGATGTACAGTACAAG,R1,C7
AGATGTACAACAACCA,R1,C4
AGATGTACAACCGAGA,R1,C10
AGATGTACAACGCTTA,R1,C0
AGATGTACAAGACGGA,R1,C5
AGATGTACAAGGTACA,R1,C5
AGATGTACACACAGAA,R1,C2
AGATGTACACAGCAGA,R1,C4
AGATGTACACCTCCAA,R1,C4
AGATGTACACGCTCGA,R1,C4
AGATGTACACGTATCA,R1,C6
AGATGTACACTATGCA,R1,C4
AGATGTACAGAGTCAA,R0,C5
AGATGTACAGATCGCA,R1,C0
AGATGTACAGCAGGAA,R1,C10
AGATGTACAGTCACTA,R1,C3
AGATGTACATCCTGTA,R1,C4
AGATGTACATTGAGGA,R0,C0
AGATGTACCAACCACA,R1,C2
AGATGTACGACTAGTA,R1,C0
AGATGTACCAATGGAA,R1,C7
AGATGTACCACTTCGA,R1,C0
AGATGTACCAGCGTTA,R1,C3
AGATGTACCATACCAA,R1,C2
AGATGTACCCAGTTCA,R1,C6
AGATGTACCCGAAGTA,R6,C5
AGATGTACCCGTGAGA,R8,C0
AGATGTACCCTCCTGA,R1,C0
AGATGTACCGAACTTA,R1,C6
AGATGTACCGACTGGA,R1,C0
AGATGTACCGCATACA,R1,C5
AGATGTACCTCAATGA,R0,C0
AGATGTACCTGAGCCA,R4,C0
AGATGTACCTGGCATA,R0,C0
AGATGTACGAATCTGA,R4,C3
AGATGTACCAAGACTA,R0,C0
AGATGTACGAGCTGAA,R0,C2
AGATGTACGATAGACA,R1,C1
AGATGTACACCACTGT,R0,C5
AGATGTACGCCACATA,R1,C10
AGATGTACGCGAGTAA,R1,C6
AGATGTACGCTAACGA,R1,C0
AGATGTACGCTCGGTA,R0,C0
AGATGTACGGAGAACA,R0,C0
AGATGTACGGTGCGAA,R0,C0
AGATGTACGTACGCAA,R0,C0
AGATGTACGTCGTAGA,R4,C2
AGATGTACGTCTGTCA,R4,C0
AGATGTACGTGTTCTA,R4,C3
AGATGTACACATTGGC,R0,C10
AGATGTACTAGGATGA,R5,C2
AGATGTACTATCAGCA,R5,C3
AGATGTACTCCGTCTA,R5,C2
AGATGTACTCTTCACA,R5,C5
AGATGTACTGAAGAGA,R5,C3
AGATGTACTGGAACAA,R5,C2
AGATGTACTGGCTTCA,R5,C3
AGATGTACTGGTGGTA,R5,C3
AGATGTACTTCACGCA,R5,C3
AGATGTACAACTCACC,R5,C3
AGATGTACCAGATCTG,R1,C4
AGATGTACAAGAGATC,R5,C6
AGATGTACAAGGACAC,R4,C2
AGATGTACAATCCGTC,R5,C3
AGATGTACAATGTTGC,R4,C10
AGATGTACACACGACC,R8,C3
AGATGTACACAGATTC,R4,C2
AGATGTACAGATGTAC,R10,C7
AGATGTACAGCACCTC,R0,C2
AGATGTACAGCCATGC,R1,C6
AGATGTACAGGCTAAC,R0,C0
AGATGTACCATCAAGT,R3,C0
AGATGTACATAGCGAC,R0,C7
AGATGTACATCATTCC,R0,C0
AGATGTACATTGGCTC,R0,C0
AGATGTACCAAGGAGC,R0,C0
AGATGTACCACCTTAC,R3,C5
AGATGTACCCATCCTC,R3,C2
AGATGTACCCGACAAC,R0,C0
AGATGTACCCTAATCC,R6,C0
AGATGTACCCTCTATC,R0,C0
AGATGTACCGACACAC,R8,C6
AGATGTACCGCTGATC,R0,C7
AGATGTACCGGATTGC,R0,C4
AGATGTACCTAAGGTC,R0,C4
AGATGTACGAACAGGC,R0,C0
AGATGTACGACAGTGC,R0,C4
AGATGTACGAGTTAGC,R3,C2
AGATGTACGATGAATC,R3,C5
AGATGTACGCCAAGAC,R1,C7
AGATGTACCGGAAGAA,R3,C5
AGATGTACGTGACAAG,R7,C6
AGATGTACGAACCAGA,R7,C5
ACAGATTCACAAGCTA,R1,C7
ACAGATTCTTGCTGGA,R3,C2
ACAGATTCCTGTAGCC,R1,C3
ACAGATTCAGTACAAG,R1,C4
ACAGATTCAACAACCA,R1,C0
ACAGATTCAACCGAGA,R1,C6
ACAGATTCAACGCTTA,R1,C0
ACAGATTCAAGACGGA,R1,C5
ACAGATTCAAGGTACA,R0,C3
ACAGATTCACACAGAA,R1,C3
ACAGATTCACAGCAGA,R1,C4
ACAGATTCACCTCCAA,R1,C4
ACAGATTCACGCTCGA,R1,C5
ACAGATTCACGTATCA,R1,C5
ACAGATTCACTATGCA,R1,C4
ACAGATTCAGAGTCAA,R3,C0
ACAGATTCAGATCGCA,R1,C5
ACAGATTCAGCAGGAA,R1,C0
ACAGATTCAGTCACTA,R1,C6
ACAGATTCATCCTGTA,R1,C2
ACAGATTCATTGAGGA,R1,C0
ACAGATTCCAACCACA,R0,C0
ACAGATTCGACTAGTA,R1,C7
ACAGATTCCAATGGAA,R1,C0
ACAGATTCCACTTCGA,R1,C5
ACAGATTCCAGCGTTA,R1,C0
ACAGATTCCATACCAA,R1,C4
ACAGATTCCCAGTTCA,R1,C2
ACAGATTCCCGAAGTA,R1,C5
ACAGATTCCCGTGAGA,R4,C3
ACAGATTCCCTCCTGA,R1,C0
ACAGATTCAGTGGTCA,R1,C2
ACAGATTCCGAACTTA,R0,C0
ACAGATTCCGACTGGA,R1,C0
ACAGATTCCGCATACA,R1,C0
ACAGATTCCTCAATGA,R0,C2
ACAGATTCCTGAGCCA,R0,C0
ACAGATTCCTGGCATA,R0,C4
ACAGATTCGAATCTGA,R0,C0
ACAGATTCCAAGACTA,R6,C0
ACAGATTCGAGCTGAA,R0,C3
ACAGATTCGATAGACA,R1,C10
ACAGATTCACCACTGT,R3,C2
ACAGATTCGCCACATA,R0,C0
ACAGATTCGCGAGTAA,R0,C0
ACAGATTCGCTAACGA,R4,C0
ACAGATTCGCTCGGTA,R0,C0
ACAGATTCGGAGAACA,R1,C2
ACAGATTCGGTGCGAA,R0,C0
ACAGATTCGTACGCAA,R4,C0
ACAGATTCGTCGTAGA,R4,C0
ACAGATTCGTCTGTCA,R5,C6
ACAGATTCGTGTTCTA,R5,C2
ACAGATTCACATTGGC,R0,C2
ACAGATTCTAGGATGA,R5,C3
ACAGATTCTATCAGCA,R5,C3
ACAGATTCTCCGTCTA,R5,C6
ACAGATTCTCTTCACA,R5,C2
ACAGATTCTGAAGAGA,R5,C2
ACAGATTCTGGAACAA,R5,C3
ACAGATTCTGGCTTCA,R5,C3
ACAGATTCTGGTGGTA,R5,C2
ACAGATTCTTCACGCA,R5,C2
ACAGATTCAACTCACC,R5,C3
ACAGATTCCAGATCTG,R1,C7
ACAGATTCAAGAGATC,R5,C3
ACAGATTCAAGGACAC,R5,C3
ACAGATTCAATCCGTC,R5,C5
ACAGATTCAATGTTGC,R5,C3
ACAGATTCACACGACC,R5,C2
ACAGATTCACAGATTC,R1,C3
ACAGATTCAGATGTAC,R4,C2
ACAGATTCAGCACCTC,R4,C0
ACAGATTCAGCCATGC,R3,C0
ACAGATTCAGGCTAAC,R4,C0
ACAGATTCCATCAAGT,R1,C0
ACAGATTCATAGCGAC,R0,C0
ACAGATTCATCATTCC,R6,C0
ACAGATTCATTGGCTC,R0,C0
ACAGATTCCAAGGAGC,R0,C4
ACAGATTCCACCTTAC,R0,C0
ACAGATTCCCATCCTC,R0,C10
ACAGATTCCCGACAAC,R3,C0
ACAGATTCCCTAATCC,R0,C0
ACAGATTCCCTCTATC,R3,C0
ACAGATTCCGACACAC,R0,C5
ACAGATTCCGCTGATC,R1,C0
ACAGATTCCGGATTGC,R0,C4
ACAGATTCCTAAGGTC,R0,C4
ACAGATTCGAACAGGC,R0,C4
ACAGATTCGACAGTGC,R0,C4
ACAGATTCGAGTTAGC,R1,C6
ACAGATTCGATGAATC,R1,C6
ACAGATTCGCCAAGAC,R1,C7
ACAGATTCCGGAAGAA,R3,C2
ACAGATTCGTGACAAG,R1,C7
ACAGATTCGAACCAGA,R7,C5
ACACGACCACAAGCTA,R1,C5
ACACGACCTTGCTGGA,R3,C2
ACACGACCCTGTAGCC,R1,C4
ACACGACCAGTACAAG,R8,C5
ACACGACCAACAACCA,R1,C6
ACACGACCAACCGAGA,R1,C2
ACACGACCAACGCTTA,R1,C2
ACACGACCAAGACGGA,R1,C5
ACACGACCAAGGTACA,R1,C4
ACACGACCACACAGAA,R1,C7
ACACGACCACAGCAGA,R0,C4
ACACGACCACCTCCAA,R1,C4
ACACGACCACGCTCGA,R1,C4
ACACGACCACGTATCA,R1,C0
ACACGACCACTATGCA,R0,C4
ACACGACCAGAGTCAA,R1,C2
ACACGACCAGATCGCA,R1,C4
ACACGACCAGCAGGAA,R1,C4
ACACGACCAGTCACTA,R1,C0
ACACGACCATCCTGTA,R1,C3
ACACGACCATTGAGGA,R0,C2
ACACGACCCAACCACA,R1,C10
ACACGACCGACTAGTA,R2,C2
ACACGACCCAATGGAA,R1,C0
ACACGACCCACTTCGA,R0,C0
ACACGACCCAGCGTTA,R1,C0
ACACGACCCATACCAA,R8,C0
ACACGACCCCAGTTCA,R1,C0
ACACGACCCCGAAGTA,R1,C7
ACACGACCCCGTGAGA,R1,C0
ACACGACCCCTCCTGA,R1,C0
ACACGACCAGTGGTCA,R1,C2
ACACGACCCGAACTTA,R1,C2
ACACGACCCGACTGGA,R1,C0
ACACGACCCGCATACA,R1,C2
ACACGACCCTCAATGA,R1,C2
ACACGACCCTGAGCCA,R0,C5
ACACGACCCTGGCATA,R0,C0
ACACGACCGAATCTGA,R1,C10
ACACGACCCAAGACTA,R1,C0
ACACGACCGAGCTGAA,R0,C0
ACACGACCGATAGACA,R4,C0
ACACGACCACCACTGT,R1,C4
ACACGACCGCCACATA,R1,C7
ACACGACCGCGAGTAA,R1,C6
ACACGACCGCTAACGA,R4,C6
ACACGACCGCTCGGTA,R0,C0
ACACGACCGGAGAACA,R0,C2
ACACGACCGGTGCGAA,R4,C2
ACACGACCGTACGCAA,R10,C2
ACACGACCGTCGTAGA,R5,C7
ACACGACCGTCTGTCA,R5,C3
ACACGACCGTGTTCTA,R5,C3
ACACGACCACATTGGC,R1,C4
ACACGACCTAGGATGA,R5,C2
ACACGACCTATCAGCA,R5,C3
ACACGACCTCCGTCTA,R5,C2
ACACGACCTCTTCACA,R5,C3
ACACGACCTGAAGAGA,R5,C3
ACACGACCTGGAACAA,R5,C3
ACACGACCTGGCTTCA,R5,C3
ACACGACCTGGTGGTA,R5,C3
ACACGACCTTCACGCA,R5,C3
ACACGACCAACTCACC,R5,C3
ACACGACCCAGATCTG,R1,C2
ACACGACCAAGAGATC,R5,C2
ACACGACCAAGGACAC,R5,C2
ACACGACCAATCCGTC,R5,C3
ACACGACCAATGTTGC,R5,C3
ACACGACCACACGACC,R5,C3
ACACGACCACAGATTC,R5,C3
ACACGACCAGATGTAC,R3,C8
ACACGACCAGCACCTC,R10,C5
ACACGACCAGCCATGC,R1,C6
ACACGACCAGGCTAAC,R0,C3
ACACGACCCATCAAGT,R1,C4
ACACGACCATAGCGAC,R10,C0
ACACGACCATCATTCC,R10,C5
ACACGACCATTGGCTC,R1,C7
ACACGACCCAAGGAGC,R0,C4
ACACGACCCACCTTAC,R0,C4
ACACGACCCCATCCTC,R0,C0
ACACGACCCCGACAAC,R0,C0
ACACGACCCCTAATCC,R0,C4
ACACGACCCCTCTATC,R0,C2
ACACGACCCGACACAC,R1,C2
ACACGACCCGCTGATC,R1,C10
ACACGACCCGGATTGC,R0,C4
ACACGACCCTAAGGTC,R0,C4
ACACGACCGAACAGGC,R0,C4
ACACGACCGACAGTGC,R0,C4
ACACGACCGAGTTAGC,R0,C4
ACACGACCGATGAATC,R1,C5
ACACGACCGCCAAGAC,R1,C2
ACACGACCCGGAAGAA,R4,C7
ACACGACCGTGACAAG,R3,C7
ACACGACCGAACCAGA,R7,C5
AATGTTGCACAAGCTA,R7,C5
AATGTTGCTTGCTGGA,R4,C5
AATGTTGCCTGTAGCC,R1,C6
AATGTTGCAGTACAAG,R1,C2
AATGTTGCAACAACCA,R8,C4
AATGTTGCAACCGAGA,R1,C4
AATGTTGCAACGCTTA,R1,C4
AATGTTGCAAGACGGA,R1,C0
AATGTTGCAAGGTACA,R1,C4
AATGTTGCACACAGAA,R1,C4
AATGTTGCACAGCAGA,R1,C4
AATGTTGCACCTCCAA,R1,C4
AATGTTGCACGCTCGA,R1,C5
AATGTTGCACGTATCA,R0,C4
AATGTTGCACTATGCA,R1,C0
AATGTTGCAGAGTCAA,R0,C0
AATGTTGCAGATCGCA,R1,C4
AATGTTGCAGCAGGAA,R1,C5
AATGTTGCAGTCACTA,R0,C5
AATGTTGCATCCTGTA,R1,C10
AATGTTGCATTGAGGA,R1,C7
AATGTTGCATGCCTAA,R1,C2
AATGTTGCCAACCACA,R0,C0
AATGTTGCGACTAGTA,R0,C0
AATGTTGCCAATGGAA,R1,C10
AATGTTGCCACTTCGA,R1,C0
AATGTTGCCAGCGTTA,R1,C0
AATGTTGCCATACCAA,R0,C0
AATGTTGCCCAGTTCA,R1,C0
AATGTTGCCCGAAGTA,R0,C10
AATGTTGCCCGTGAGA,R1,C0
AATGTTGCCCTCCTGA,R1,C0
AATGTTGCAGTGGTCA,R6,C2
AATGTTGCCGAACTTA,R0,C0
AATGTTGCCGACTGGA,R0,C0
AATGTTGCCGCATACA,R1,C5
AATGTTGCCTCAATGA,R1,C2
AATGTTGCCTGAGCCA,R0,C10
AATGTTGCCTGGCATA,R1,C0
AATGTTGCGAATCTGA,R4,C3
AATGTTGCCAAGACTA,R4,C10
AATGTTGCGAGCTGAA,R1,C0
AATGTTGCGATAGACA,R4,C2
AATGTTGCACCACTGT,R1,C2
AATGTTGCGCCACATA,R4,C6
AATGTTGCGCGAGTAA,R4,C0
AATGTTGCGCTAACGA,R4,C3
AATGTTGCGCTCGGTA,R5,C3
AATGTTGCGGAGAACA,R5,C3
AATGTTGCGGTGCGAA,R5,C2
AATGTTGCGTACGCAA,R5,C3
AATGTTGCGTCGTAGA,R5,C3
AATGTTGCGTCTGTCA,R5,C3
AATGTTGCGTGTTCTA,R5,C3
AATGTTGCACATTGGC,R1,C0
AATGTTGCTAGGATGA,R5,C3
AATGTTGCTATCAGCA,R5,C3
AATGTTGCTCCGTCTA,R5,C3
AATGTTGCTCTTCACA,R5,C3
AATGTTGCTGAAGAGA,R5,C3
AATGTTGCTGGAACAA,R5,C3
AATGTTGCTGGCTTCA,R5,C7
AATGTTGCTGGTGGTA,R5,C3
AATGTTGCTTCACGCA,R5,C2
AATGTTGCAACTCACC,R5,C3
AATGTTGCCAGATCTG,R7,C5
AATGTTGCAAGAGATC,R5,C2
AATGTTGCAAGGACAC,R5,C2
AATGTTGCAATCCGTC,R5,C3
AATGTTGCAATGTTGC,R5,C3
AATGTTGCACACGACC,R5,C3
AATGTTGCACAGATTC,R5,C3
AATGTTGCAGATGTAC,R4,C2
AATGTTGCAGCACCTC,R10,C5
AATGTTGCAGCCATGC,R5,C3
AATGTTGCAGGCTAAC,R6,C0
AATGTTGCCATCAAGT,R1,C0
AATGTTGCATAGCGAC,R0,C0
AATGTTGCATCATTCC,R4,C0
AATGTTGCATTGGCTC,R0,C0
AATGTTGCCAAGGAGC,R0,C4
AATGTTGCCACCTTAC,R1,C7
AATGTTGCCCATCCTC,R0,C4
AATGTTGCCCGACAAC,R3,C10
AATGTTGCCCTAATCC,R0,C4
AATGTTGCCCTCTATC,R0,C0
AATGTTGCCGACACAC,R0,C4
AATGTTGCCGCTGATC,R1,C4
AATGTTGCCGGATTGC,R8,C4
AATGTTGCCTAAGGTC,R0,C5
AATGTTGCGAACAGGC,R0,C4
AATGTTGCGACAGTGC,R0,C4
AATGTTGCGAGTTAGC,R0,C5
AATGTTGCGATGAATC,R1,C7
AATGTTGCGCCAAGAC,R1,C10
AATGTTGCCGGAAGAA,R3,C7
AATGTTGCGTGACAAG,R7,C7
AATGTTGCGAACCAGA,R7,C5
AATCCGTCAACGTGAT,R1,C2
AATCCGTCACAAGCTA,R0,C2
AATCCGTCTTGCTGGA,R3,C7
AATCCGTCCTGTAGCC,R1,C4
AATCCGTCAGTACAAG,R1,C4
AATCCGTCAACAACCA,R1,C4
AATCCGTCAACCGAGA,R1,C10
AATCCGTCAACGCTTA,R2,C4
AATCCGTCAAGACGGA,R1,C4
AATCCGTCAAGGTACA,R1,C4
AATCCGTCACACAGAA,R1,C4
AATCCGTCACAGCAGA,R1,C4
AATCCGTCAAACATCG,R1,C7
AATCCGTCACCTCCAA,R1,C4
AATCCGTCACGCTCGA,R1,C4
AATCCGTCACGTATCA,R1,C4
AATCCGTCACTATGCA,R0,C4
AATCCGTCAGAGTCAA,R1,C4
AATCCGTCAGATCGCA,R1,C6
AATCCGTCAGCAGGAA,R1,C0
AATCCGTCAGTCACTA,R6,C7
AATCCGTCATCCTGTA,R8,C0
AATCCGTCATTGAGGA,R1,C2
AATCCGTCATGCCTAA,R1,C2
AATCCGTCCAACCACA,R1,C2
AATCCGTCGACTAGTA,R1,C2
AATCCGTCCAATGGAA,R1,C2
AATCCGTCCACTTCGA,R0,C2
AATCCGTCCAGCGTTA,R0,C0
AATCCGTCCATACCAA,R0,C0
AATCCGTCCCAGTTCA,R1,C0
AATCCGTCCCGAAGTA,R1,C0
AATCCGTCCCGTGAGA,R0,C0
AATCCGTCCCTCCTGA,R1,C2
AATCCGTCAGTGGTCA,R1,C5
AATCCGTCCGAACTTA,R1,C0
AATCCGTCCGACTGGA,R6,C0
AATCCGTCCGCATACA,R6,C2
AATCCGTCCTCAATGA,R1,C6
AATCCGTCCTGAGCCA,R0,C2
AATCCGTCCTGGCATA,R0,C0
AATCCGTCGAATCTGA,R0,C0
AATCCGTCCAAGACTA,R0,C0
AATCCGTCGAGCTGAA,R6,C2
AATCCGTCGATAGACA,R3,C2
AATCCGTCACCACTGT,R1,C5
AATCCGTCGCCACATA,R0,C0
AATCCGTCGCGAGTAA,R4,C2
AATCCGTCGCTAACGA,R4,C6
AATCCGTCGCTCGGTA,R5,C3
AATCCGTCGGAGAACA,R5,C6
AATCCGTCGGTGCGAA,R5,C2
AATCCGTCGTACGCAA,R5,C3
AATCCGTCGTCGTAGA,R5,C2
AATCCGTCGTCTGTCA,R5,C3
AATCCGTCGTGTTCTA,R5,C3
AATCCGTCACATTGGC,R1,C0
AATCCGTCTAGGATGA,R5,C3
AATCCGTCTATCAGCA,R5,C2
AATCCGTCTCCGTCTA,R5,C3
AATCCGTCTCTTCACA,R5,C3
AATCCGTCTGAAGAGA,R5,C3
AATCCGTCTGGAACAA,R5,C2
AATCCGTCTGGCTTCA,R5,C3
AATCCGTCTGGTGGTA,R5,C3
AATCCGTCTTCACGCA,R5,C3
AATCCGTCAACTCACC,R5,C3
AATCCGTCCAGATCTG,R1,C4
AATCCGTCAAGAGATC,R5,C3
AATCCGTCAAGGACAC,R5,C3
AATCCGTCAATCCGTC,R5,C0
AATCCGTCAATGTTGC,R5,C3
AATCCGTCACACGACC,R5,C3
AATCCGTCACAGATTC,R5,C2
AATCCGTCAGATGTAC,R5,C5
AATCCGTCAGCACCTC,R5,C3
AATCCGTCAGCCATGC,R5,C3
AATCCGTCAGGCTAAC,R5,C5
AATCCGTCCATCAAGT,R1,C5
AATCCGTCATAGCGAC,R0,C0
AATCCGTCATCATTCC,R0,C0
AATCCGTCATTGGCTC,R1,C0
AATCCGTCCAAGGAGC,R3,C2
AATCCGTCCACCTTAC,R0,C3
AATCCGTCCCATCCTC,R0,C0
AATCCGTCCCGACAAC,R0,C0
AATCCGTCCCTAATCC,R0,C0
AATCCGTCCCTCTATC,R6,C0
AATCCGTCCGACACAC,R0,C10
AATCCGTCCGCTGATC,R1,C5
AATCCGTCCGGATTGC,R0,C4
AATCCGTCCTAAGGTC,R0,C4
AATCCGTCGAACAGGC,R0,C4
AATCCGTCGACAGTGC,R0,C4
AATCCGTCGAGTTAGC,R1,C2
AATCCGTCGATGAATC,R1,C5
AATCCGTCGCCAAGAC,R3,C7
AATCCGTCCGGAAGAA,R4,C2
AATCCGTCGTGACAAG,R3,C7
AATCCGTCGAACCAGA,R7,C5
GAACCAGATTGCTGGA,R1,C6
GAACCAGAAGTCACTA,R1,C6
GAACCAGAATCCTGTA,R1,C2
GAACCAGAATTGAGGA,R1,C5
GAACCAGACAACCACA,R0,C4
GAACCAGAGACTAGTA,R1,C2
GAACCAGACAATGGAA,R2,C10
GAACCAGACACTTCGA,R1,C6
GAACCAGACAGCGTTA,R6,C4
GAACCAGACATACCAA,R1,C2
GAACCAGACCAGTTCA,R1,C5
GAACCAGACCGAAGTA,R7,C5
GAACCAGACCGTGAGA,R1,C4
GAACCAGACCTCCTGA,R0,C4
GAACCAGACGAACTTA,R6,C4
GAACCAGACGACTGGA,R1,C5
GAACCAGACGCATACA,R0,C4
GAACCAGACTCAATGA,R7,C5
GAACCAGACTGAGCCA,R0,C4
GAACCAGACTGGCATA,R0,C4
GAACCAGAGAATCTGA,R0,C0
GAACCAGACAAGACTA,R0,C0
GAACCAGAGAGCTGAA,R0,C4
GAACCAGAGATAGACA,R0,C0
GAACCAGAGCCACATA,R4,C5
GAACCAGAGCGAGTAA,R0,C4
GAACCAGAGCTAACGA,R0,C6
GAACCAGAGCTCGGTA,R0,C4
GAACCAGAGGAGAACA,R0,C0
GAACCAGAGGTGCGAA,R6,C2
GAACCAGAGTACGCAA,R0,C4
GAACCAGAGTCGTAGA,R0,C4
GAACCAGAGTCTGTCA,R1,C5
GAACCAGAGTGTTCTA,R0,C3
GAACCAGATAGGATGA,R0,C0
GAACCAGATATCAGCA,R1,C5
GAACCAGATCCGTCTA,R0,C0
GAACCAGATCTTCACA,R0,C6
GAACCAGATGAAGAGA,R0,C7
GAACCAGATGGAACAA,R0,C4
GAACCAGATGGCTTCA,R0,C0
GAACCAGATGGTGGTA,R0,C6
GAACCAGATTCACGCA,R0,C0
GAACCAGAAACTCACC,R0,C0
GAACCAGAAAGAGATC,R0,C0
GAACCAGAAAGGACAC,R1,C0
GAACCAGAAATCCGTC,R8,C0
GAACCAGAAATGTTGC,R0,C0
GAACCAGAACACGACC,R1,C0
GAACCAGAACAGATTC,R0,C0
GAACCAGAAGATGTAC,R2,C2
GAACCAGAAGCACCTC,R6,C2
GAACCAGAAGCCATGC,R0,C0
GAACCAGAAGGCTAAC,R6,C0
GAACCAGAATAGCGAC,R1,C0
GAACCAGAATCATTCC,R0,C4
GAACCAGAATTGGCTC,R0,C2
GAACCAGACAAGGAGC,R1,C10
GAACCAGACACCTTAC,R0,C2
GAACCAGACCATCCTC,R0,C0
GAACCAGACCGACAAC,R1,C5
GAACCAGACCTAATCC,R0,C7
GAACCAGACCTCTATC,R8,C0
GAACCAGACGACACAC,R0,C4
GAACCAGACGGATTGC,R6,C6
GAACCAGACTAAGGTC,R0,C4
GAACCAGAGAACAGGC,R0,C4
GAACCAGAGACAGTGC,R0,C4
GAACCAGAGAGTTAGC,R0,C6
GAACCAGAGATGAATC,R1,C5
GAACCAGAGCCAAGAC,R7,C7
GAACCAGACGGAAGAA,R7,C5
GAACCAGAGTGACAAG,R1,C7
GAACCAGAGAACCAGA,R1,C2
AAGGACACAACGTGAT,R1,C2
AAGGACACACAAGCTA,R4,C6
AAGGACACTTGCTGGA,R4,C2
AAGGACACCTGTAGCC,R1,C4
AAGGACACAGTACAAG,R1,C2
AAGGACACAACAACCA,R1,C0
AAGGACACAACCGAGA,R1,C5
AAGGACACAACGCTTA,R1,C4
AAGGACACAAGACGGA,R1,C4
AAGGACACAAGGTACA,R1,C4
AAGGACACACACAGAA,R1,C4
AAGGACACACAGCAGA,R1,C4
AAGGACACAAACATCG,R1,C2
AAGGACACACCTCCAA,R6,C2
AAGGACACACGCTCGA,R6,C3
AAGGACACACGTATCA,R1,C6
AAGGACACACTATGCA,R1,C10
AAGGACACAGAGTCAA,R1,C0
AAGGACACAGATCGCA,R1,C2
AAGGACACAGCAGGAA,R4,C3
AAGGACACAGTCACTA,R1,C0
AAGGACACATCCTGTA,R1,C5
AAGGACACATTGAGGA,R1,C6
AAGGACACATGCCTAA,R1,C7
AAGGACACCAACCACA,R1,C2
AAGGACACGACTAGTA,R1,C0
AAGGACACCAATGGAA,R1,C0
AAGGACACCACTTCGA,R1,C2
AAGGACACCAGCGTTA,R1,C0
AAGGACACCATACCAA,R0,C0
AAGGACACCCAGTTCA,R0,C0
AAGGACACCCGAAGTA,R0,C0
AAGGACACCCGTGAGA,R8,C0
AAGGACACCCTCCTGA,R1,C5
AAGGACACAGTGGTCA,R1,C7
AAGGACACCGAACTTA,R1,C2
AAGGACACCGACTGGA,R6,C0
AAGGACACCGCATACA,R1,C0
AAGGACACCTCAATGA,R4,C0
AAGGACACCTGAGCCA,R6,C0
AAGGACACCTGGCATA,R4,C3
AAGGACACGAATCTGA,R8,C0
AAGGACACCAAGACTA,R1,C2
AAGGACACGAGCTGAA,R8,C0
AAGGACACGATAGACA,R4,C3
AAGGACACACCACTGT,R1,C2
AAGGACACGCCACATA,R5,C2
AAGGACACGCGAGTAA,R5,C6
AAGGACACGCTAACGA,R5,C3
AAGGACACGCTCGGTA,R5,C3
AAGGACACGGAGAACA,R5,C2
AAGGACACGGTGCGAA,R5,C2
AAGGACACGTACGCAA,R5,C3
AAGGACACGTCGTAGA,R5,C2
AAGGACACGTCTGTCA,R5,C6
AAGGACACGTGTTCTA,R5,C7
AAGGACACACATTGGC,R4,C4
AAGGACACTAGGATGA,R5,C3
AAGGACACTATCAGCA,R5,C3
AAGGACACTCCGTCTA,R5,C3
AAGGACACTCTTCACA,R5,C2
AAGGACACTGAAGAGA,R5,C3
AAGGACACTGGAACAA,R5,C3
AAGGACACTGGCTTCA,R5,C2
AAGGACACTGGTGGTA,R5,C3
AAGGACACTTCACGCA,R5,C3
AAGGACACAACTCACC,R5,C3
AAGGACACCAGATCTG,R1,C4
AAGGACACAAGAGATC,R5,C3
AAGGACACAAGGACAC,R5,C10
AAGGACACAATCCGTC,R5,C3
AAGGACACAATGTTGC,R5,C7
AAGGACACACACGACC,R5,C3
AAGGACACACAGATTC,R5,C3
AAGGACACAGATGTAC,R5,C7
AAGGACACAGCACCTC,R5,C2
AAGGACACAGCCATGC,R5,C3
AAGGACACAGGCTAAC,R5,C7
AAGGACACCATCAAGT,R1,C5
AAGGACACATAGCGAC,R10,C2
AAGGACACATCATTCC,R0,C5
AAGGACACATTGGCTC,R1,C0
AAGGACACCAAGGAGC,R0,C0
AAGGACACCACCTTAC,R0,C0
AAGGACACCCATCCTC,R3,C5
AAGGACACCCGACAAC,R3,C0
AAGGACACCCTAATCC,R3,C0
AAGGACACCCTCTATC,R0,C4
AAGGACACCGACACAC,R0,C4
AAGGACACCGCTGATC,R1,C10
AAGGACACCGGATTGC,R0,C0
AAGGACACCTAAGGTC,R0,C4
AAGGACACGAACAGGC,R0,C6
AAGGACACGACAGTGC,R0,C4
AAGGACACGAGTTAGC,R1,C2
AAGGACACGATGAATC,R6,C7
AAGGACACGCCAAGAC,R1,C2
AAGGACACCGGAAGAA,R4,C7
AAGGACACGTGACAAG,R1,C2
AAGGACACGAACCAGA,R7,C5
AAGAGATCAACGTGAT,R1,C2
AAGAGATCACAAGCTA,R1,C4
AAGAGATCTTGCTGGA,R7,C6
AAGAGATCCTGTAGCC,R1,C4
AAGAGATCAGTACAAG,R1,C2
AAGAGATCAACAACCA,R1,C6
AAGAGATCAACCGAGA,R1,C4
AAGAGATCAACGCTTA,R1,C0
AAGAGATCAAGACGGA,R1,C4
AAGAGATCAAGGTACA,R0,C4
AAGAGATCACACAGAA,R1,C4
AAGAGATCACAGCAGA,R1,C4
AAGAGATCAAACATCG,R1,C2
AAGAGATCACCTCCAA,R1,C4
AAGAGATCACGCTCGA,R1,C6
AAGAGATCACGTATCA,R1,C3
AAGAGATCACTATGCA,R1,C2
AAGAGATCAGAGTCAA,R1,C7
AAGAGATCAGATCGCA,R1,C0
AAGAGATCAGCAGGAA,R1,C3
AAGAGATCAGTCACTA,R1,C0
AAGAGATCATCCTGTA,R1,C0
AAGAGATCATTGAGGA,R1,C6
AAGAGATCATGCCTAA,R1,C2
AAGAGATCCAACCACA,R1,C2
AAGAGATCGACTAGTA,R1,C0
AAGAGATCCAATGGAA,R1,C0
AAGAGATCCACTTCGA,R0,C0
AAGAGATCCAGCGTTA,R0,C5
AAGAGATCCATACCAA,R0,C2
AAGAGATCCCAGTTCA,R0,C0
AAGAGATCCCGAAGTA,R0,C0
AAGAGATCCCGTGAGA,R0,C0
AAGAGATCCCTCCTGA,R0,C0
AAGAGATCAGTGGTCA,R7,C2
AAGAGATCCGAACTTA,R4,C3
AAGAGATCCGACTGGA,R1,C0
AAGAGATCCGCATACA,R4,C2
AAGAGATCCTCAATGA,R6,C0
AAGAGATCCTGAGCCA,R4,C3
AAGAGATCCTGGCATA,R1,C7
AAGAGATCGAATCTGA,R4,C2
AAGAGATCCAAGACTA,R1,C6
AAGAGATCGAGCTGAA,R5,C2
AAGAGATCGATAGACA,R5,C6
AAGAGATCACCACTGT,R1,C7
AAGAGATCGCCACATA,R5,C2
AAGAGATCGCGAGTAA,R5,C2
AAGAGATCGCTAACGA,R5,C3
AAGAGATCGCTCGGTA,R5,C3
AAGAGATCGGAGAACA,R5,C7
AAGAGATCGGTGCGAA,R5,C3
AAGAGATCGTACGCAA,R5,C2
AAGAGATCGTCGTAGA,R5,C2
AAGAGATCGTCTGTCA,R5,C2
AAGAGATCGTGTTCTA,R5,C3
AAGAGATCACATTGGC,R8,C4
AAGAGATCTAGGATGA,R5,C3
AAGAGATCTATCAGCA,R5,C2
AAGAGATCTCCGTCTA,R5,C3
AAGAGATCTCTTCACA,R5,C3
AAGAGATCTGAAGAGA,R5,C7
AAGAGATCTGGAACAA,R5,C3
AAGAGATCTGGCTTCA,R5,C3
AAGAGATCTGGTGGTA,R5,C3
AAGAGATCTTCACGCA,R5,C10
AAGAGATCAACTCACC,R5,C3
AAGAGATCCAGATCTG,R1,C4
AAGAGATCAAGAGATC,R5,C3
AAGAGATCAAGGACAC,R5,C3
AAGAGATCAATCCGTC,R5,C2
AAGAGATCAATGTTGC,R5,C11
AAGAGATCACACGACC,R5,C3
AAGAGATCACAGATTC,R5,C7
AAGAGATCAGATGTAC,R5,C2
AAGAGATCAGCACCTC,R5,C2
AAGAGATCAGCCATGC,R5,C3
AAGAGATCAGGCTAAC,R5,C3
AAGAGATCCATCAAGT,R1,C4
AAGAGATCATAGCGAC,R5,C3
AAGAGATCATCATTCC,R5,C2
AAGAGATCATTGGCTC,R4,C2
AAGAGATCCAAGGAGC,R4,C0
AAGAGATCCACCTTAC,R6,C0
AAGAGATCCCATCCTC,R1,C0
AAGAGATCCCGACAAC,R4,C3
AAGAGATCCCTAATCC,R3,C0
AAGAGATCCCTCTATC,R0,C4
AAGAGATCCGACACAC,R0,C0
AAGAGATCCGCTGATC,R1,C4
AAGAGATCCGGATTGC,R0,C5
AAGAGATCCTAAGGTC,R0,C6
AAGAGATCGAACAGGC,R0,C4
AAGAGATCGACAGTGC,R0,C5
AAGAGATCGAGTTAGC,R4,C2
AAGAGATCGATGAATC,R1,C10
AAGAGATCGCCAAGAC,R1,C7
AAGAGATCCGGAAGAA,R4,C2
AAGAGATCGTGACAAG,R7,C7
AAGAGATCGAACCAGA,R7,C5
AACTCACCAACGTGAT,R8,C5
AACTCACCACAAGCTA,R1,C2
AACTCACCTTGCTGGA,R7,C7
AACTCACCCTGTAGCC,R0,C5
AACTCACCAGTACAAG,R1,C4
AACTCACCAACAACCA,R7,C5
AACTCACCAACCGAGA,R1,C4
AACTCACCAACGCTTA,R1,C4
AACTCACCAAGACGGA,R1,C4
AACTCACCAAGGTACA,R1,C4
AACTCACCACACAGAA,R0,C4
AACTCACCACAGCAGA,R1,C4
AACTCACCAAACATCG,R6,C2
AACTCACCACCTCCAA,R1,C4
AACTCACCACGCTCGA,R1,C2
AACTCACCACGTATCA,R1,C0
AACTCACCACTATGCA,R1,C5
AACTCACCAGAGTCAA,R1,C3
AACTCACCAGATCGCA,R1,C7
AACTCACCAGCAGGAA,R1,C2
AACTCACCAGTCACTA,R1,C0
AACTCACCATCCTGTA,R6,C3
AACTCACCATTGAGGA,R6,C0
AACTCACCATGCCTAA,R1,C7
AACTCACCCAACCACA,R1,C2
AACTCACCGACTAGTA,R1,C0
AACTCACCCAATGGAA,R1,C0
AACTCACCCACTTCGA,R1,C0
AACTCACCCAGCGTTA,R6,C0
AACTCACCCATACCAA,R0,C0
AACTCACCCCAGTTCA,R1,C0
AACTCACCCCGAAGTA,R1,C0
AACTCACCCCGTGAGA,R0,C0
AACTCACCCCTCCTGA,R8,C7
AACTCACCAGTGGTCA,R1,C2
AACTCACCCGAACTTA,R4,C5
AACTCACCCGACTGGA,R1,C7
AACTCACCCGCATACA,R1,C10
AACTCACCCTCAATGA,R8,C0
AACTCACCCTGAGCCA,R1,C0
AACTCACCCTGGCATA,R1,C3
AACTCACCGAATCTGA,R4,C3
AACTCACCCAAGACTA,R5,C7
AACTCACCGAGCTGAA,R5,C6
AACTCACCGATAGACA,R5,C3
AACTCACCACCACTGT,R1,C6
AACTCACCGCCACATA,R5,C3
AACTCACCGCGAGTAA,R5,C2
AACTCACCGCTAACGA,R5,C2
AACTCACCGCTCGGTA,R5,C2
AACTCACCGGAGAACA,R5,C3
AACTCACCGGTGCGAA,R5,C3
AACTCACCGTACGCAA,R5,C3
AACTCACCGTCGTAGA,R5,C7
AACTCACCGTCTGTCA,R5,C3
AACTCACCGTGTTCTA,R5,C7
AACTCACCACATTGGC,R1,C2
AACTCACCTAGGATGA,R4,C10
AACTCACCTATCAGCA,R4,C10
AACTCACCTCCGTCTA,R4,C1
AACTCACCTCTTCACA,R4,C11
AACTCACCTGAAGAGA,R5,C7
AACTCACCTGGAACAA,R5,C7
AACTCACCTGGCTTCA,R5,C3
AACTCACCTGGTGGTA,R5,C3
AACTCACCTTCACGCA,R5,C7
AACTCACCAACTCACC,R5,C3
AACTCACCCAGATCTG,R1,C5
AACTCACCAAGAGATC,R5,C7
AACTCACCAAGGACAC,R5,C3
AACTCACCAATCCGTC,R5,C3
AACTCACCAATGTTGC,R5,C7
AACTCACCACACGACC,R5,C2
AACTCACCACAGATTC,R5,C3
AACTCACCAGATGTAC,R5,C3
AACTCACCAGCACCTC,R5,C3
AACTCACCAGCCATGC,R5,C10
AACTCACCAGGCTAAC,R5,C3
AACTCACCCATCAAGT,R1,C4
AACTCACCATAGCGAC,R5,C3
AACTCACCATCATTCC,R4,C2
AACTCACCATTGGCTC,R4,C3
AACTCACCCAAGGAGC,R3,C2
AACTCACCCACCTTAC,R0,C7
AACTCACCCCATCCTC,R0,C7
AACTCACCCCGACAAC,R6,C7
AACTCACCCCTAATCC,R0,C5
AACTCACCCCTCTATC,R3,C6
AACTCACCCGACACAC,R0,C10
AACTCACCCGCTGATC,R1,C4
AACTCACCCGGATTGC,R0,C4
AACTCACCCTAAGGTC,R0,C4
AACTCACCGAACAGGC,R0,C4
AACTCACCGACAGTGC,R1,C7
AACTCACCGAGTTAGC,R7,C10
AACTCACCGATGAATC,R3,C7
AACTCACCGCCAAGAC,R7,C6
AACTCACCCGGAAGAA,R6,C2
AACTCACCGTGACAAG,R1,C7
AACTCACCGAACCAGA,R7,C5
TTCACGCAAACGTGAT,R1,C2
TTCACGCAACAAGCTA,R10,C4
TTCACGCATTGCTGGA,R7,C5
TTCACGCACTGTAGCC,R1,C5
TTCACGCAAGTACAAG,R1,C6
TTCACGCAAACAACCA,R1,C4
TTCACGCAAACCGAGA,R4,C4
TTCACGCAAACGCTTA,R1,C4
TTCACGCAAAGACGGA,R1,C4
TTCACGCAAAGGTACA,R1,C4
TTCACGCAACACAGAA,R1,C0
TTCACGCAACAGCAGA,R1,C2
TTCACGCAAAACATCG,R0,C2
TTCACGCAACCTCCAA,R1,C4
TTCACGCAACGCTCGA,R1,C3
TTCACGCAACGTATCA,R6,C0
TTCACGCAACTATGCA,R0,C4
TTCACGCAAGAGTCAA,R7,C0
TTCACGCAAGATCGCA,R6,C0
TTCACGCAAGCAGGAA,R4,C0
TTCACGCAAGTCACTA,R8,C2
TTCACGCAATCCTGTA,R1,C0
TTCACGCAATTGAGGA,R1,C0
TTCACGCAATGCCTAA,R1,C2
TTCACGCACAACCACA,R0,C0
TTCACGCAGACTAGTA,R1,C2
TTCACGCACAATGGAA,R1,C0
TTCACGCACACTTCGA,R0,C0
TTCACGCACAGCGTTA,R0,C0
TTCACGCACATACCAA,R7,C3
TTCACGCACCAGTTCA,R1,C0
TTCACGCACCGAAGTA,R1,C10
TTCACGCACCGTGAGA,R1,C0
TTCACGCACCTCCTGA,R4,C3
TTCACGCAAGTGGTCA,R1,C5
TTCACGCACGAACTTA,R0,C0
TTCACGCACGACTGGA,R0,C0
TTCACGCACGCATACA,R1,C6
TTCACGCACTCAATGA,R1,C5
TTCACGCACTGAGCCA,R1,C2
TTCACGCACTGGCATA,R1,C5
TTCACGCAGAATCTGA,R5,C3
TTCACGCACAAGACTA,R5,C3
TTCACGCAGAGCTGAA,R5,C3
TTCACGCAGATAGACA,R5,C3
TTCACGCAACCACTGT,R1,C4
TTCACGCAGCCACATA,R5,C3
TTCACGCAGCGAGTAA,R5,C2
TTCACGCAGCTAACGA,R5,C2
TTCACGCAGCTCGGTA,R5,C3
TTCACGCAGGAGAACA,R5,C3
TTCACGCAGGTGCGAA,R5,C2
TTCACGCAGTACGCAA,R4,C1
TTCACGCAGTCGTAGA,R4,C1
TTCACGCAGTCTGTCA,R2,C1
TTCACGCAGTGTTCTA,R4,C1
TTCACGCAACATTGGC,R1,C4
TTCACGCATAGGATGA,R4,C2
TTCACGCATATCAGCA,R4,C1
TTCACGCATCCGTCTA,R4,C3
TTCACGCATCTTCACA,R4,C6
TTCACGCATGAAGAGA,R4,C6
TTCACGCATGGAACAA,R4,C1
TTCACGCATGGCTTCA,R4,C7
TTCACGCATGGTGGTA,R5,C7
TTCACGCATTCACGCA,R5,C10
TTCACGCAAACTCACC,R5,C11
TTCACGCACAGATCTG,R1,C0
TTCACGCAAAGAGATC,R5,C11
TTCACGCAAAGGACAC,R5,C11
TTCACGCAAATCCGTC,R5,C3
TTCACGCAAATGTTGC,R5,C3
TTCACGCAACACGACC,R5,C3
TTCACGCAACAGATTC,R5,C3
TTCACGCAAGATGTAC,R5,C3
TTCACGCAAGCACCTC,R5,C3
TTCACGCAAGCCATGC,R5,C6
TTCACGCAAGGCTAAC,R5,C3
TTCACGCACATCAAGT,R1,C4
TTCACGCAATAGCGAC,R5,C6
TTCACGCAATCATTCC,R5,C3
TTCACGCAATTGGCTC,R5,C3
TTCACGCACAAGGAGC,R5,C3
TTCACGCACACCTTAC,R5,C3
TTCACGCACCATCCTC,R5,C3
TTCACGCACCGACAAC,R3,C0
TTCACGCACCTAATCC,R0,C0
TTCACGCACCTCTATC,R3,C0
TTCACGCACGACACAC,R0,C0
TTCACGCACGCTGATC,R1,C4
TTCACGCACGGATTGC,R4,C0
TTCACGCACTAAGGTC,R1,C2
TTCACGCAGAACAGGC,R6,C0
TTCACGCAGACAGTGC,R3,C4
TTCACGCAGAGTTAGC,R3,C7
TTCACGCAGATGAATC,R2,C6
TTCACGCAGCCAAGAC,R7,C5
TTCACGCACGGAAGAA,R4,C7
TTCACGCAGTGACAAG,R7,C5
TTCACGCAGAACCAGA,R7,C5
TGGTGGTAAACGTGAT,R1,C2
TGGTGGTAACAAGCTA,R1,C4
TGGTGGTATTGCTGGA,R7,C5
TGGTGGTACTGTAGCC,R1,C4
TGGTGGTAAGTACAAG,R1,C4
TGGTGGTAAACAACCA,R1,C5
TGGTGGTAAACCGAGA,R1,C4
TGGTGGTAAACGCTTA,R1,C0
TGGTGGTAAAGACGGA,R1,C4
TGGTGGTAAAGGTACA,R1,C6
TGGTGGTAACACAGAA,R1,C0
TGGTGGTAACAGCAGA,R1,C3
TGGTGGTAAAACATCG,R0,C2
TGGTGGTAACCTCCAA,R1,C0
TGGTGGTAACGCTCGA,R1,C0
TGGTGGTAACGTATCA,R1,C0
TGGTGGTAACTATGCA,R1,C6
TGGTGGTAAGAGTCAA,R1,C7
TGGTGGTAAGATCGCA,R2,C0
TGGTGGTAAGCAGGAA,R4,C0
TGGTGGTAAGTCACTA,R4,C0
TGGTGGTAATCCTGTA,R1,C0
TGGTGGTAATTGAGGA,R1,C0
TGGTGGTAATGCCTAA,R1,C5
TGGTGGTACAACCACA,R0,C0
TGGTGGTAGACTAGTA,R4,C3
TGGTGGTACAATGGAA,R0,C6
TGGTGGTACACTTCGA,R0,C5
TGGTGGTACAGCGTTA,R1,C0
TGGTGGTACATACCAA,R1,C0
TGGTGGTACCAGTTCA,R1,C7
TGGTGGTACCGAAGTA,R10,C2
TGGTGGTACCGTGAGA,R4,C3
TGGTGGTACCTCCTGA,R0,C2
TGGTGGTAAGTGGTCA,R1,C2
TGGTGGTACGAACTTA,R0,C0
TGGTGGTACGACTGGA,R4,C6
TGGTGGTACGCATACA,R0,C0
TGGTGGTACTCAATGA,R4,C2
TGGTGGTACTGAGCCA,R5,C3
TGGTGGTACTGGCATA,R5,C3
TGGTGGTAGAATCTGA,R5,C2
TGGTGGTACAAGACTA,R5,C3
TGGTGGTAGAGCTGAA,R5,C6
TGGTGGTAGATAGACA,R5,C3
TGGTGGTAACCACTGT,R1,C4
TGGTGGTAGCCACATA,R5,C2
TGGTGGTAGCGAGTAA,R5,C6
TGGTGGTAGCTAACGA,R5,C3
TGGTGGTAGCTCGGTA,R5,C2
TGGTGGTAGGAGAACA,R4,C1
TGGTGGTAGGTGCGAA,R4,C1
TGGTGGTAGTACGCAA,R4,C2
TGGTGGTAGTCGTAGA,R4,C1
TGGTGGTAGTCTGTCA,R2,C1
TGGTGGTAGTGTTCTA,R4,C1
TGGTGGTAACATTGGC,R0,C4
TGGTGGTATAGGATGA,R4,C1
TGGTGGTATATCAGCA,R2,C1
TGGTGGTATCCGTCTA,R4,C6
TGGTGGTATCTTCACA,R4,C1
TGGTGGTATGAAGAGA,R4,C1
TGGTGGTATGGAACAA,R4,C1
TGGTGGTATGGCTTCA,R4,C11
TGGTGGTATGGTGGTA,R4,C11
TGGTGGTATTCACGCA,R4,C1
TGGTGGTAAACTCACC,R4,C11
TGGTGGTACAGATCTG,R4,C2
TGGTGGTAAAGAGATC,R5,C11
TGGTGGTAAAGGACAC,R9,C11
TGGTGGTAAATCCGTC,R9,C11
TGGTGGTAAATGTTGC,R5,C11
TGGTGGTAACACGACC,R5,C11
TGGTGGTAACAGATTC,R5,C3
TGGTGGTAAGATGTAC,R5,C2
TGGTGGTAAGCACCTC,R5,C7
TGGTGGTAAGCCATGC,R5,C3
TGGTGGTAAGGCTAAC,R5,C3
TGGTGGTACATCAAGT,R1,C0
TGGTGGTAATAGCGAC,R5,C3
TGGTGGTAATCATTCC,R5,C3
TGGTGGTAATTGGCTC,R5,C10
TGGTGGTACAAGGAGC,R5,C3
TGGTGGTACACCTTAC,R5,C7
TGGTGGTACCATCCTC,R5,C7
TGGTGGTACCGACAAC,R5,C2
TGGTGGTACCTAATCC,R5,C3
TGGTGGTACCTCTATC,R0,C0
TGGTGGTACGACACAC,R1,C0
TGGTGGTACGCTGATC,R1,C4
TGGTGGTACGGATTGC,R3,C4
TGGTGGTACTAAGGTC,R3,C7
TGGTGGTAGAACAGGC,R0,C0
TGGTGGTAGACAGTGC,R1,C7
TGGTGGTAGAGTTAGC,R4,C7
TGGTGGTAGATGAATC,R6,C5
TGGTGGTAGCCAAGAC,R7,C7
TGGTGGTACGGAAGAA,R3,C7
TGGTGGTAGTGACAAG,R1,C7
TGGTGGTAGAACCAGA,R7,C5
TGGCTTCAAACGTGAT,R1,C2
TGGCTTCAACAAGCTA,R6,C4
TGGCTTCATTGCTGGA,R7,C5
TGGCTTCACTGTAGCC,R1,C0
TGGCTTCAAGTACAAG,R1,C4
TGGCTTCAAACAACCA,R1,C4
TGGCTTCAAACCGAGA,R10,C4
TGGCTTCAAACGCTTA,R1,C4
TGGCTTCAAAGACGGA,R1,C4
TGGCTTCAAAGGTACA,R1,C6
TGGCTTCAACACAGAA,R1,C4
TGGCTTCAACAGCAGA,R1,C4
TGGCTTCAAAACATCG,R1,C4
TGGCTTCAACCTCCAA,R1,C2
TGGCTTCAACGCTCGA,R1,C4
TGGCTTCAACGTATCA,R4,C2
TGGCTTCAACTATGCA,R1,C0
TGGCTTCAAGAGTCAA,R6,C2
TGGCTTCAAGATCGCA,R1,C10
TGGCTTCAAGCAGGAA,R10,C0
TGGCTTCAAGTCACTA,R1,C0
TGGCTTCAATCCTGTA,R8,C7
TGGCTTCAATTGAGGA,R1,C3
TGGCTTCAATGCCTAA,R1,C0
TGGCTTCACAACCACA,R3,C0
TGGCTTCAGACTAGTA,R1,C0
TGGCTTCACAATGGAA,R0,C0
TGGCTTCACACTTCGA,R1,C0
TGGCTTCACAGCGTTA,R0,C0
TGGCTTCACATACCAA,R1,C0
TGGCTTCACCAGTTCA,R1,C0
TGGCTTCACCGAAGTA,R0,C0
TGGCTTCACCGTGAGA,R8,C0
TGGCTTCACCTCCTGA,R0,C0
TGGCTTCAAGTGGTCA,R1,C2
TGGCTTCACGAACTTA,R0,C0
TGGCTTCACGACTGGA,R1,C2
TGGCTTCACGCATACA,R4,C2
TGGCTTCACTCAATGA,R4,C6
TGGCTTCACTGAGCCA,R5,C3
TGGCTTCACTGGCATA,R4,C2
TGGCTTCAGAATCTGA,R5,C3
TGGCTTCACAAGACTA,R5,C2
TGGCTTCAGAGCTGAA,R5,C7
TGGCTTCAGATAGACA,R5,C2
TGGCTTCAACCACTGT,R1,C7
TGGCTTCAGCCACATA,R5,C2
TGGCTTCAGCGAGTAA,R2,C1
TGGCTTCAGCTAACGA,R4,C3
TGGCTTCAGCTCGGTA,R2,C1
TGGCTTCAGGAGAACA,R2,C6
TGGCTTCAGGTGCGAA,R4,C2
TGGCTTCAGTACGCAA,R2,C1
TGGCTTCAGTCGTAGA,R2,C1
TGGCTTCAGTCTGTCA,R8,C1
TGGCTTCAGTGTTCTA,R4,C3
TGGCTTCAACATTGGC,R1,C4
TGGCTTCATAGGATGA,R2,C7
TGGCTTCATATCAGCA,R4,C1
TGGCTTCATCCGTCTA,R4,C1
TGGCTTCATCTTCACA,R4,C2
TGGCTTCATGAAGAGA,R4,C1
TGGCTTCATGGAACAA,R4,C3
TGGCTTCATGGCTTCA,R4,C1
TGGCTTCATGGTGGTA,R4,C1
TGGCTTCATTCACGCA,R5,C3
TGGCTTCAAACTCACC,R5,C3
TGGCTTCACAGATCTG,R1,C10
TGGCTTCAAAGAGATC,R5,C7
TGGCTTCAAAGGACAC,R9,C11
TGGCTTCAAATCCGTC,R4,C11
TGGCTTCAAATGTTGC,R4,C11
TGGCTTCAACACGACC,R9,C11
TGGCTTCAACAGATTC,R5,C11
TGGCTTCAAGATGTAC,R5,C7
TGGCTTCAAGCACCTC,R5,C0
TGGCTTCAAGCCATGC,R5,C3
TGGCTTCAAGGCTAAC,R5,C3
TGGCTTCACATCAAGT,R1,C6
TGGCTTCAATAGCGAC,R5,C3
TGGCTTCAATCATTCC,R5,C7
TGGCTTCAATTGGCTC,R5,C3
TGGCTTCACAAGGAGC,R5,C3
TGGCTTCACACCTTAC,R5,C3
TGGCTTCACCATCCTC,R5,C3
TGGCTTCACCGACAAC,R5,C3
TGGCTTCACCTAATCC,R5,C3
TGGCTTCACCTCTATC,R5,C3
TGGCTTCACGACACAC,R4,C6
TGGCTTCACGCTGATC,R1,C4
TGGCTTCACGGATTGC,R3,C10
TGGCTTCACTAAGGTC,R0,C0
TGGCTTCAGAACAGGC,R0,C4
TGGCTTCAGACAGTGC,R0,C0
TGGCTTCAGAGTTAGC,R0,C0
TGGCTTCAGATGAATC,R0,C7
TGGCTTCAGCCAAGAC,R3,C7
TGGCTTCACGGAAGAA,R3,C7
TGGCTTCAGTGACAAG,R1,C2
TGGCTTCAGAACCAGA,R7,C5
TGGAACAAAACGTGAT,R1,C7
TGGAACAAACAAGCTA,R1,C4
TGGAACAATTGCTGGA,R7,C5
TGGAACAACTGTAGCC,R1,C4
TGGAACAAAGTACAAG,R1,C0
TGGAACAAAACAACCA,R8,C4
TGGAACAAAACCGAGA,R1,C4
TGGAACAAAACGCTTA,R3,C0
TGGAACAAAAGACGGA,R1,C3
TGGAACAAAAGGTACA,R1,C4
TGGAACAAACACAGAA,R1,C0
TGGAACAAACAGCAGA,R1,C5
TGGAACAAAAACATCG,R1,C7
TGGAACAAACCTCCAA,R1,C2
TGGAACAAACGCTCGA,R1,C0
TGGAACAAACGTATCA,R1,C0
TGGAACAAACTATGCA,R1,C6
TGGAACAAAGAGTCAA,R1,C2
TGGAACAAAGATCGCA,R1,C2
TGGAACAAAGCAGGAA,R1,C0
TGGAACAAAGTCACTA,R1,C0
TGGAACAAATCCTGTA,R1,C2
TGGAACAAATTGAGGA,R1,C5
TGGAACAAATGCCTAA,R1,C4
TGGAACAACAACCACA,R0,C0
TGGAACAAGACTAGTA,R0,C0
TGGAACAACAATGGAA,R4,C3
TGGAACAACACTTCGA,R1,C0
TGGAACAACAGCGTTA,R4,C0
TGGAACAACATACCAA,R2,C0
TGGAACAACCAGTTCA,R4,C3
TGGAACAACCGAAGTA,R0,C4
TGGAACAACCGTGAGA,R0,C0
TGGAACAACCTCCTGA,R0,C0
TGGAACAAAGTGGTCA,R1,C4
TGGAACAACGAACTTA,R4,C3
TGGAACAACGACTGGA,R4,C0
TGGAACAACGCATACA,R5,C2
TGGAACAACTCAATGA,R5,C5
TGGAACAACTGAGCCA,R5,C3
TGGAACAACTGGCATA,R5,C2
TGGAACAAGAATCTGA,R5,C3
TGGAACAACAAGACTA,R5,C6
TGGAACAAGAGCTGAA,R5,C3
TGGAACAAGATAGACA,R2,C1
TGGAACAAACCACTGT,R0,C7
TGGAACAAGCCACATA,R4,C1
TGGAACAAGCGAGTAA,R4,C1
TGGAACAAGCTAACGA,R4,C1
TGGAACAAGCTCGGTA,R4,C2
TGGAACAAGGAGAACA,R2,C1
TGGAACAAGGTGCGAA,R2,C1
TGGAACAAGTACGCAA,R2,C1
TGGAACAAGTCGTAGA,R2,C1
TGGAACAAGTCTGTCA,R2,C0
TGGAACAAGTGTTCTA,R2,C1
TGGAACAAACATTGGC,R1,C4
TGGAACAATAGGATGA,R4,C3
TGGAACAATATCAGCA,R4,C5
TGGAACAATCCGTCTA,R4,C1
TGGAACAATCTTCACA,R4,C7
TGGAACAATGAAGAGA,R4,C1
TGGAACAATGGAACAA,R4,C1
TGGAACAATGGCTTCA,R4,C0
TGGAACAATGGTGGTA,R4,C1
TGGAACAATTCACGCA,R5,C2
TGGAACAAAACTCACC,R4,C6
TGGAACAACAGATCTG,R1,C5
TGGAACAAAAGAGATC,R5,C3
TGGAACAAAAGGACAC,R4,C3
TGGAACAAAATCCGTC,R4,C1
TGGAACAAAATGTTGC,R4,C6
TGGAACAAACACGACC,R2,C11
TGGAACAAACAGATTC,R4,C7
TGGAACAAAGATGTAC,R4,C7
TGGAACAAAGCACCTC,R5,C2
TGGAACAAAGCCATGC,R5,C7
TGGAACAAAGGCTAAC,R5,C3
TGGAACAACATCAAGT,R1,C4
TGGAACAAATAGCGAC,R5,C3
TGGAACAAATCATTCC,R5,C3
TGGAACAAATTGGCTC,R5,C3
TGGAACAACAAGGAGC,R5,C3
TGGAACAACACCTTAC,R5,C3
TGGAACAACCATCCTC,R5,C3
TGGAACAACCGACAAC,R5,C3
TGGAACAACCTAATCC,R5,C3
TGGAACAACCTCTATC,R5,C2
TGGAACAACGACACAC,R5,C3
TGGAACAACGCTGATC,R1,C0
TGGAACAACGGATTGC,R5,C2
TGGAACAACTAAGGTC,R5,C3
TGGAACAAGAACAGGC,R3,C2
TGGAACAAGACAGTGC,R8,C0
TGGAACAAGAGTTAGC,R5,C3
TGGAACAAGATGAATC,R0,C0
TGGAACAAGCCAAGAC,R0,C0
TGGAACAACGGAAGAA,R3,C7
TGGAACAAGTGACAAG,R7,C2
TGGAACAAGAACCAGA,R7,C7
TGAAGAGAAACGTGAT,R1,C4
TGAAGAGAACAAGCTA,R1,C4
TGAAGAGATTGCTGGA,R7,C6
TGAAGAGACTGTAGCC,R1,C4
TGAAGAGAAGTACAAG,R1,C4
TGAAGAGAAACAACCA,R1,C4
TGAAGAGAAACCGAGA,R3,C4
TGAAGAGAAACGCTTA,R1,C4
TGAAGAGAAAGACGGA,R1,C5
TGAAGAGAAAGGTACA,R7,C0
TGAAGAGAACACAGAA,R1,C5
TGAAGAGAACAGCAGA,R1,C10
TGAAGAGAAAACATCG,R8,C5
TGAAGAGAACCTCCAA,R1,C0
TGAAGAGAACGCTCGA,R1,C5
TGAAGAGAACGTATCA,R1,C7
TGAAGAGAACTATGCA,R1,C0
TGAAGAGAAGAGTCAA,R1,C2
TGAAGAGAAGATCGCA,R1,C10
TGAAGAGAAGCAGGAA,R1,C10
TGAAGAGAAGTCACTA,R1,C0
TGAAGAGAATCCTGTA,R1,C6
TGAAGAGAATTGAGGA,R1,C0
TGAAGAGAATGCCTAA,R6,C4
TGAAGAGACAACCACA,R1,C6
TGAAGAGAGACTAGTA,R1,C5
TGAAGAGACAATGGAA,R1,C0
TGAAGAGACACTTCGA,R1,C0
TGAAGAGACAGCGTTA,R0,C0
TGAAGAGACATACCAA,R0,C0
TGAAGAGACCAGTTCA,R0,C10
TGAAGAGACCGAAGTA,R0,C6
TGAAGAGACCGTGAGA,R1,C5
TGAAGAGACCTCCTGA,R4,C0
TGAAGAGAAGTGGTCA,R1,C6
TGAAGAGACGAACTTA,R0,C0
TGAAGAGACGACTGGA,R5,C3
TGAAGAGACGCATACA,R5,C3
TGAAGAGACTCAATGA,R5,C3
TGAAGAGACTGAGCCA,R5,C3
TGAAGAGACTGGCATA,R5,C3
TGAAGAGAGAATCTGA,R4,C3
TGAAGAGACAAGACTA,R4,C2
TGAAGAGAGAGCTGAA,R2,C1
TGAAGAGAGATAGACA,R5,C3
TGAAGAGAACCACTGT,R1,C6
TGAAGAGAGCCACATA,R4,C1
TGAAGAGAGCGAGTAA,R4,C1
TGAAGAGAGCTAACGA,R3,C7
TGAAGAGAGCTCGGTA,R6,C1
TGAAGAGAGGAGAACA,R4,C1
TGAAGAGAGGTGCGAA,R4,C1
TGAAGAGAGTACGCAA,R2,C1
TGAAGAGAGTCGTAGA,R2,C1
TGAAGAGAGTCTGTCA,R4,C1
TGAAGAGAGTGTTCTA,R4,C1
TGAAGAGAACATTGGC,R1,C5
TGAAGAGATAGGATGA,R2,C1
TGAAGAGATATCAGCA,R4,C1
TGAAGAGATCCGTCTA,R4,C6
TGAAGAGATCTTCACA,R4,C1
TGAAGAGATGAAGAGA,R4,C6
TGAAGAGATGGAACAA,R2,C1
TGAAGAGATGGCTTCA,R4,C2
TGAAGAGATGGTGGTA,R2,C1
TGAAGAGATTCACGCA,R5,C3
TGAAGAGAAACTCACC,R4,C3
TGAAGAGACAGATCTG,R8,C4
TGAAGAGAAAGAGATC,R5,C3
TGAAGAGAAAGGACAC,R4,C1
TGAAGAGAAATCCGTC,R2,C1
TGAAGAGAAATGTTGC,R3,C1
TGAAGAGAACACGACC,R9,C7
TGAAGAGAACAGATTC,R2,C1
TGAAGAGAAGATGTAC,R4,C1
TGAAGAGAAGCACCTC,R4,C11
TGAAGAGAAGCCATGC,R9,C11
TGAAGAGAAGGCTAAC,R5,C11
TGAAGAGACATCAAGT,R1,C3
TGAAGAGAATAGCGAC,R5,C3
TGAAGAGAATCATTCC,R5,C3
TGAAGAGAATTGGCTC,R5,C7
TGAAGAGACAAGGAGC,R5,C3
TGAAGAGACACCTTAC,R5,C3
TGAAGAGACCATCCTC,R5,C3
TGAAGAGACCGACAAC,R5,C3
TGAAGAGACCTAATCC,R5,C10
TGAAGAGACCTCTATC,R5,C3
TGAAGAGACGACACAC,R5,C3
TGAAGAGACGCTGATC,R1,C4
TGAAGAGACGGATTGC,R5,C3
TGAAGAGACTAAGGTC,R5,C3
TGAAGAGAGAACAGGC,R5,C3
TGAAGAGAGACAGTGC,R5,C3
TGAAGAGAGAGTTAGC,R5,C3
TGAAGAGAGATGAATC,R5,C3
TGAAGAGAGCCAAGAC,R1,C0
TGAAGAGACGGAAGAA,R0,C0
TGAAGAGAGTGACAAG,R3,C7
TGAAGAGAGAACCAGA,R10,C3
TCTTCACAAACGTGAT,R1,C10
TCTTCACAACAAGCTA,R1,C4
TCTTCACATTGCTGGA,R5,C3
TCTTCACACTGTAGCC,R1,C4
TCTTCACAAGTACAAG,R1,C4
TCTTCACAAACAACCA,R1,C5
TCTTCACAAACCGAGA,R1,C4
TCTTCACAAACGCTTA,R1,C5
TCTTCACAAAGACGGA,R1,C3
TCTTCACAAAGGTACA,R1,C2
TCTTCACAACACAGAA,R1,C2
TCTTCACAACAGCAGA,R0,C0
TCTTCACAAAACATCG,R1,C2
TCTTCACAACCTCCAA,R1,C0
TCTTCACAACGCTCGA,R1,C3
TCTTCACAACGTATCA,R1,C0
TCTTCACAACTATGCA,R1,C4
TCTTCACAAGAGTCAA,R4,C0
TCTTCACAAGATCGCA,R1,C0
TCTTCACAAGCAGGAA,R1,C5
TCTTCACAAGTCACTA,R1,C0
TCTTCACAATCCTGTA,R1,C0
TCTTCACAATTGAGGA,R0,C0
TCTTCACAATGCCTAA,R1,C4
TCTTCACACAACCACA,R0,C0
TCTTCACAGACTAGTA,R1,C0
TCTTCACACAATGGAA,R1,C0
TCTTCACACACTTCGA,R1,C0
TCTTCACACAGCGTTA,R0,C0
TCTTCACACATACCAA,R1,C5
TCTTCACACCAGTTCA,R4,C3
TCTTCACACCGAAGTA,R1,C2
TCTTCACACCGTGAGA,R4,C6
TCTTCACACCTCCTGA,R4,C2
TCTTCACAAGTGGTCA,R1,C2
TCTTCACACGAACTTA,R5,C2
TCTTCACACGACTGGA,R5,C3
TCTTCACACGCATACA,R5,C3
TCTTCACACTCAATGA,R5,C2
TCTTCACACTGAGCCA,R4,C3
TCTTCACACTGGCATA,R4,C1
TCTTCACAGAATCTGA,R4,C1
TCTTCACACAAGACTA,R2,C1
TCTTCACAGAGCTGAA,R2,C3
TCTTCACAGATAGACA,R4,C1
TCTTCACAACCACTGT,R6,C5
TCTTCACAGCCACATA,R4,C1
TCTTCACAGCGAGTAA,R4,C3
TCTTCACAGCTAACGA,R2,C1
TCTTCACAGCTCGGTA,R8,C1
TCTTCACAGGAGAACA,R2,C1
TCTTCACAGGTGCGAA,R4,C3
TCTTCACAGTACGCAA,R5,C3
TCTTCACAGTCGTAGA,R2,C1
TCTTCACAGTCTGTCA,R10,C1
TCTTCACAGTGTTCTA,R4,C2
TCTTCACAACATTGGC,R1,C4
TCTTCACATAGGATGA,R4,C1
TCTTCACATATCAGCA,R4,C6
TCTTCACATCCGTCTA,R2,C1
TCTTCACATCTTCACA,R2,C10
TCTTCACATGAAGAGA,R2,C1
TCTTCACATGGAACAA,R4,C0
TCTTCACATGGCTTCA,R4,C1
TCTTCACATGGTGGTA,R4,C1
TCTTCACATTCACGCA,R4,C1
TCTTCACAAACTCACC,R5,C6
TCTTCACACAGATCTG,R1,C6
TCTTCACAAAGAGATC,R4,C2
TCTTCACAAAGGACAC,R4,C1
TCTTCACAAATCCGTC,R4,C1
TCTTCACAAATGTTGC,R4,C1
TCTTCACAACACGACC,R4,C1
TCTTCACAACAGATTC,R2,C7
TCTTCACAAGATGTAC,R2,C1
TCTTCACAAGCACCTC,R4,C11
TCTTCACAAGCCATGC,R9,C11
TCTTCACAAGGCTAAC,R9,C11
TCTTCACACATCAAGT,R0,C4
TCTTCACAATAGCGAC,R5,C11
TCTTCACAATCATTCC,R5,C7
TCTTCACAATTGGCTC,R5,C3
TCTTCACACAAGGAGC,R5,C3
TCTTCACACACCTTAC,R5,C2
TCTTCACACCATCCTC,R5,C2
TCTTCACACCGACAAC,R5,C3
TCTTCACACCTAATCC,R5,C3
TCTTCACACCTCTATC,R5,C6
TCTTCACACGACACAC,R5,C7
TCTTCACACGCTGATC,R1,C7
TCTTCACACGGATTGC,R5,C2
TCTTCACACTAAGGTC,R5,C3
TCTTCACAGAACAGGC,R5,C3
TCTTCACAGACAGTGC,R5,C3
TCTTCACAGAGTTAGC,R5,C3
TCTTCACAGATGAATC,R5,C3
TCTTCACAGCCAAGAC,R5,C3
TCTTCACACGGAAGAA,R5,C3
TCTTCACAGTGACAAG,R5,C5
TCTTCACAGAACCAGA,R5,C3
TCCGTCTAAACGTGAT,R1,C0
TCCGTCTAACAAGCTA,R1,C4
TCCGTCTATTGCTGGA,R5,C3
TCCGTCTACTGTAGCC,R1,C7
TCCGTCTAAGTACAAG,R10,C4
TCCGTCTAAACAACCA,R1,C4
TCCGTCTAAACCGAGA,R1,C4
TCCGTCTAAACGCTTA,R1,C0
TCCGTCTAAAGACGGA,R1,C0
TCCGTCTAAAGGTACA,R1,C5
TCCGTCTAACACAGAA,R6,C0
TCCGTCTAACAGCAGA,R1,C0
TCCGTCTAAAACATCG,R6,C2
TCCGTCTAACCTCCAA,R1,C6
TCCGTCTAACGCTCGA,R1,C0
TCCGTCTAACGTATCA,R1,C0
TCCGTCTAACTATGCA,R1,C5
TCCGTCTAAGAGTCAA,R1,C0
TCCGTCTAAGATCGCA,R7,C5
TCCGTCTAAGCAGGAA,R1,C0
TCCGTCTAAGTCACTA,R4,C0
TCCGTCTAATCCTGTA,R1,C0
TCCGTCTAATTGAGGA,R1,C0
TCCGTCTAATGCCTAA,R1,C6
TCCGTCTACAACCACA,R1,C0
TCCGTCTAGACTAGTA,R1,C0
TCCGTCTACAATGGAA,R8,C0
TCCGTCTACACTTCGA,R1,C0
TCCGTCTACAGCGTTA,R1,C6
TCCGTCTACATACCAA,R0,C0
TCCGTCTACCAGTTCA,R1,C6
TCCGTCTACCGAAGTA,R8,C0
TCCGTCTACCGTGAGA,R0,C2
TCCGTCTACCTCCTGA,R5,C3
TCCGTCTAAGTGGTCA,R1,C2
TCCGTCTACGAACTTA,R5,C3
TCCGTCTACGACTGGA,R5,C3
TCCGTCTACGCATACA,R5,C2
TCCGTCTACTCAATGA,R10,C2
TCCGTCTACTGAGCCA,R2,C1
TCCGTCTACTGGCATA,R2,C2
TCCGTCTAGAATCTGA,R2,C1
TCCGTCTACAAGACTA,R2,C1
TCCGTCTAGAGCTGAA,R4,C3
TCCGTCTAGATAGACA,R4,C1
TCCGTCTAACCACTGT,R1,C0
TCCGTCTAGCCACATA,R4,C1
TCCGTCTAGCGAGTAA,R4,C1
TCCGTCTAGCTAACGA,R4,C1
TCCGTCTAGCTCGGTA,R4,C1
TCCGTCTAGGAGAACA,R4,C3
TCCGTCTAGGTGCGAA,R2,C1
TCCGTCTAGTACGCAA,R4,C7
TCCGTCTAGTCGTAGA,R4,C7
TCCGTCTAGTCTGTCA,R5,C5
TCCGTCTAGTGTTCTA,R4,C6
TCCGTCTAACATTGGC,R1,C4
TCCGTCTATAGGATGA,R5,C3
TCCGTCTATATCAGCA,R4,C1
TCCGTCTATCCGTCTA,R4,C1
TCCGTCTATCTTCACA,R4,C2
TCCGTCTATGAAGAGA,R4,C3
TCCGTCTATGGAACAA,R5,C1
TCCGTCTATGGCTTCA,R4,C1
TCCGTCTATGGTGGTA,R4,C1
TCCGTCTATTCACGCA,R4,C1
TCCGTCTAAACTCACC,R5,C2
TCCGTCTACAGATCTG,R1,C4
TCCGTCTAAAGAGATC,R4,C1
TCCGTCTAAAGGACAC,R4,C6
TCCGTCTAAATCCGTC,R4,C1
TCCGTCTAAATGTTGC,R4,C3
TCCGTCTAACACGACC,R4,C1
TCCGTCTAACAGATTC,R4,C1
TCCGTCTAAGATGTAC,R3,C1
TCCGTCTAAGCACCTC,R4,C1
TCCGTCTAAGCCATGC,R4,C11
TCCGTCTAAGGCTAAC,R9,C11
TCCGTCTACATCAAGT,R7,C4
TCCGTCTAATAGCGAC,R9,C11
TCCGTCTAATCATTCC,R9,C11
TCCGTCTAATTGGCTC,R5,C3
TCCGTCTACAAGGAGC,R5,C10
TCCGTCTACACCTTAC,R5,C6
TCCGTCTACCATCCTC,R5,C3
TCCGTCTACCGACAAC,R5,C3
TCCGTCTACCTAATCC,R5,C3
TCCGTCTACCTCTATC,R5,C3
TCCGTCTACGACACAC,R5,C2
TCCGTCTACGCTGATC,R1,C4
TCCGTCTACGGATTGC,R5,C3
TCCGTCTACTAAGGTC,R5,C3
TCCGTCTAGAACAGGC,R5,C3
TCCGTCTAGACAGTGC,R5,C3
TCCGTCTAGAGTTAGC,R5,C10
TCCGTCTAGATGAATC,R5,C2
TCCGTCTAGCCAAGAC,R5,C3
TCCGTCTACGGAAGAA,R5,C3
TCCGTCTAGTGACAAG,R5,C3
TCCGTCTAGAACCAGA,R5,C6
GTGACAAGTTGCTGGA,R1,C2
GTGACAAGAGATCGCA,R1,C2
GTGACAAGAGCAGGAA,R1,C2
GTGACAAGAGTCACTA,R3,C7
GTGACAAGATCCTGTA,R1,C2
GTGACAAGATTGAGGA,R1,C7
GTGACAAGCAACCACA,R7,C7
GTGACAAGGACTAGTA,R6,C0
GTGACAAGCAATGGAA,R1,C5
GTGACAAGCACTTCGA,R0,C4
GTGACAAGCAGCGTTA,R6,C4
GTGACAAGCATACCAA,R0,C4
GTGACAAGCCAGTTCA,R0,C4
GTGACAAGCCGAAGTA,R0,C2
GTGACAAGCCGTGAGA,R0,C4
GTGACAAGCCTCCTGA,R1,C7
GTGACAAGCGAACTTA,R1,C1
GTGACAAGCGACTGGA,R0,C4
GTGACAAGCGCATACA,R0,C4
GTGACAAGCTCAATGA,R1,C5
GTGACAAGCTGAGCCA,R0,C4
GTGACAAGCTGGCATA,R0,C0
GTGACAAGGAATCTGA,R0,C10
GTGACAAGCAAGACTA,R1,C2
GTGACAAGGAGCTGAA,R0,C10
GTGACAAGGATAGACA,R0,C4
GTGACAAGGCCACATA,R0,C4
GTGACAAGGCGAGTAA,R0,C6
GTGACAAGGCTAACGA,R1,C0
GTGACAAGGCTCGGTA,R4,C7
GTGACAAGGGAGAACA,R0,C4
GTGACAAGGGTGCGAA,R0,C0
GTGACAAGGTACGCAA,R1,C5
GTGACAAGGTCGTAGA,R4,C7
GTGACAAGGTCTGTCA,R4,C3
GTGACAAGGTGTTCTA,R1,C6
GTGACAAGTAGGATGA,R0,C0
GTGACAAGTATCAGCA,R0,C0
GTGACAAGTCCGTCTA,R4,C2
GTGACAAGTCTTCACA,R1,C6
GTGACAAGTGAAGAGA,R1,C0
GTGACAAGTGGAACAA,R0,C0
GTGACAAGTGGCTTCA,R0,C0
GTGACAAGTGGTGGTA,R0,C5
GTGACAAGTTCACGCA,R1,C7
GTGACAAGAACTCACC,R1,C0
GTGACAAGAAGAGATC,R1,C2
GTGACAAGAAGGACAC,R0,C0
GTGACAAGAATCCGTC,R1,C0
GTGACAAGAATGTTGC,R1,C0
GTGACAAGACACGACC,R0,C3
GTGACAAGACAGATTC,R1,C2
GTGACAAGAGATGTAC,R7,C5
GTGACAAGAGCACCTC,R0,C2
GTGACAAGAGCCATGC,R0,C7
GTGACAAGAGGCTAAC,R0,C0
GTGACAAGATAGCGAC,R0,C0
GTGACAAGATCATTCC,R0,C0
GTGACAAGATTGGCTC,R1,C7
GTGACAAGCAAGGAGC,R8,C0
GTGACAAGCACCTTAC,R1,C10
GTGACAAGCCATCCTC,R3,C6
GTGACAAGCCGACAAC,R1,C6
GTGACAAGCCTAATCC,R6,C0
GTGACAAGCCTCTATC,R0,C5
GTGACAAGCGACACAC,R0,C4
GTGACAAGCGGATTGC,R0,C0
GTGACAAGCTAAGGTC,R0,C6
GTGACAAGGAACAGGC,R0,C4
GTGACAAGGACAGTGC,R0,C4
GTGACAAGGAGTTAGC,R7,C5
GTGACAAGGATGAATC,R7,C10
GTGACAAGGCCAAGAC,R6,C6
GTGACAAGCGGAAGAA,R7,C7
GTGACAAGGTGACAAG,R1,C2
GTGACAAGGAACCAGA,R1,C0
TATCAGCAAACGTGAT,R1,C6
TATCAGCAACAAGCTA,R1,C4
TATCAGCATTGCTGGA,R5,C3
TATCAGCACTGTAGCC,R1,C4
TATCAGCAAGTACAAG,R1,C0
TATCAGCAAACAACCA,R1,C4
TATCAGCAAACCGAGA,R1,C4
TATCAGCAAACGCTTA,R1,C0
TATCAGCAAAGACGGA,R1,C0
TATCAGCAAAGGTACA,R1,C7
TATCAGCAACACAGAA,R1,C5
TATCAGCAACAGCAGA,R1,C5
TATCAGCAAAACATCG,R0,C2
TATCAGCAACCTCCAA,R1,C5
TATCAGCAACGCTCGA,R1,C0
TATCAGCAACGTATCA,R1,C0
TATCAGCAACTATGCA,R1,C0
TATCAGCAAGAGTCAA,R1,C2
TATCAGCAAGATCGCA,R1,C0
TATCAGCAAGCAGGAA,R1,C0
TATCAGCAAGTCACTA,R1,C0
TATCAGCAATCCTGTA,R8,C0
TATCAGCAATTGAGGA,R1,C7
TATCAGCAATGCCTAA,R0,C4
TATCAGCACAACCACA,R1,C0
TATCAGCAGACTAGTA,R0,C0
TATCAGCACAATGGAA,R0,C0
TATCAGCACACTTCGA,R0,C0
TATCAGCACAGCGTTA,R0,C3
TATCAGCACATACCAA,R0,C7
TATCAGCACCAGTTCA,R4,C0
TATCAGCACCGAAGTA,R0,C0
TATCAGCACCGTGAGA,R5,C6
TATCAGCACCTCCTGA,R5,C3
TATCAGCAAGTGGTCA,R1,C2
TATCAGCACGAACTTA,R5,C2
TATCAGCACGACTGGA,R5,C7
TATCAGCACGCATACA,R5,C2
TATCAGCACTCAATGA,R2,C1
TATCAGCACTGAGCCA,R2,C5
TATCAGCACTGGCATA,R2,C1
TATCAGCAGAATCTGA,R2,C1
TATCAGCACAAGACTA,R2,C1
TATCAGCAGAGCTGAA,R2,C5
TATCAGCAGATAGACA,R2,C1
TATCAGCAACCACTGT,R0,C4
TATCAGCAGCCACATA,R2,C2
TATCAGCAGCGAGTAA,R4,C1
TATCAGCAGCTAACGA,R4,C1
TATCAGCAGCTCGGTA,R2,C1
TATCAGCAGGAGAACA,R2,C1
TATCAGCAGGTGCGAA,R4,C5
TATCAGCAGTACGCAA,R4,C1
TATCAGCAGTCGTAGA,R2,C1
TATCAGCAGTCTGTCA,R4,C3
TATCAGCAGTGTTCTA,R4,C1
TATCAGCAACATTGGC,R1,C4
TATCAGCATAGGATGA,R4,C7
TATCAGCATATCAGCA,R4,C3
TATCAGCATCCGTCTA,R2,C1
TATCAGCATCTTCACA,R5,C3
TATCAGCATGAAGAGA,R4,C2
TATCAGCATGGAACAA,R2,C1
TATCAGCATGGCTTCA,R4,C2
TATCAGCATGGTGGTA,R4,C7
TATCAGCATTCACGCA,R4,C2
TATCAGCAAACTCACC,R4,C1
TATCAGCACAGATCTG,R1,C4
TATCAGCAAAGAGATC,R4,C1
TATCAGCAAAGGACAC,R4,C1
TATCAGCAAATCCGTC,R2,C1
TATCAGCAAATGTTGC,R4,C6
TATCAGCAACACGACC,R2,C6
TATCAGCAACAGATTC,R4,C1
TATCAGCAAGATGTAC,R4,C1
TATCAGCAAGCACCTC,R4,C3
TATCAGCAAGCCATGC,R3,C11
TATCAGCAAGGCTAAC,R9,C11
TATCAGCACATCAAGT,R1,C4
TATCAGCAATAGCGAC,R9,C11
TATCAGCAATCATTCC,R9,C11
TATCAGCAATTGGCTC,R9,C11
TATCAGCACAAGGAGC,R5,C2
TATCAGCACACCTTAC,R5,C3
TATCAGCACCATCCTC,R5,C3
TATCAGCACCGACAAC,R5,C2
TATCAGCACCTAATCC,R5,C3
TATCAGCACCTCTATC,R5,C3
TATCAGCACGACACAC,R5,C2
TATCAGCACGCTGATC,R6,C4
TATCAGCACGGATTGC,R5,C3
TATCAGCACTAAGGTC,R5,C10
TATCAGCAGAACAGGC,R5,C3
TATCAGCAGACAGTGC,R5,C3
TATCAGCAGAGTTAGC,R5,C3
TATCAGCAGATGAATC,R5,C3
TATCAGCAGCCAAGAC,R5,C3
TATCAGCACGGAAGAA,R5,C3
TATCAGCAGTGACAAG,R5,C3
TATCAGCAGAACCAGA,R10,C3
TAGGATGAAACGTGAT,R1,C5
TAGGATGAACAAGCTA,R1,C4
TAGGATGATTGCTGGA,R5,C3
TAGGATGACTGTAGCC,R1,C4
TAGGATGAAGTACAAG,R1,C2
TAGGATGAAACAACCA,R1,C4
TAGGATGAAACCGAGA,R4,C2
TAGGATGAAACGCTTA,R7,C5
TAGGATGAAAGACGGA,R1,C5
TAGGATGAAAGGTACA,R1,C0
TAGGATGAACACAGAA,R7,C7
TAGGATGAACAGCAGA,R1,C2
TAGGATGAAAACATCG,R0,C4
TAGGATGAACCTCCAA,R1,C2
TAGGATGAACGCTCGA,R1,C0
TAGGATGAACGTATCA,R1,C0
TAGGATGAACTATGCA,R1,C0
TAGGATGAAGAGTCAA,R1,C0
TAGGATGAAGATCGCA,R8,C0
TAGGATGAAGCAGGAA,R7,C0
TAGGATGAAGTCACTA,R1,C5
TAGGATGAATCCTGTA,R1,C0
TAGGATGAATTGAGGA,R1,C6
TAGGATGAATGCCTAA,R1,C4
TAGGATGACAACCACA,R1,C0
TAGGATGAGACTAGTA,R1,C0
TAGGATGACAATGGAA,R3,C0
TAGGATGACACTTCGA,R1,C0
TAGGATGACAGCGTTA,R4,C0
TAGGATGACATACCAA,R6,C0
TAGGATGACCAGTTCA,R4,C2
TAGGATGACCGAAGTA,R5,C2
TAGGATGACCGTGAGA,R5,C3
TAGGATGACCTCCTGA,R5,C3
TAGGATGAAGTGGTCA,R1,C4
TAGGATGACGAACTTA,R5,C3
TAGGATGACGACTGGA,R4,C2
TAGGATGACGCATACA,R4,C2
TAGGATGACTCAATGA,R2,C1
TAGGATGACTGAGCCA,R4,C1
TAGGATGACTGGCATA,R2,C1
TAGGATGAGAATCTGA,R2,C1
TAGGATGACAAGACTA,R2,C1
TAGGATGAGAGCTGAA,R2,C1
TAGGATGAGATAGACA,R4,C6
TAGGATGAACCACTGT,R0,C4
TAGGATGAGCCACATA,R2,C1
TAGGATGAGCGAGTAA,R9,C1
TAGGATGAGCTAACGA,R2,C1
TAGGATGAGCTCGGTA,R4,C3
TAGGATGAGGAGAACA,R4,C2
TAGGATGAGGTGCGAA,R4,C1
TAGGATGAGTACGCAA,R4,C7
TAGGATGAGTCGTAGA,R2,C1
TAGGATGAGTCTGTCA,R4,C1
TAGGATGAGTGTTCTA,R4,C1
TAGGATGAACATTGGC,R1,C0
TAGGATGATAGGATGA,R7,C7
TAGGATGATATCAGCA,R4,C1
TAGGATGATCCGTCTA,R4,C1
TAGGATGATCTTCACA,R2,C1
TAGGATGATGAAGAGA,R3,C6
TAGGATGATGGAACAA,R4,C1
TAGGATGATGGCTTCA,R5,C3
TAGGATGATGGTGGTA,R5,C3
TAGGATGATTCACGCA,R5,C2
TAGGATGAAACTCACC,R4,C3
TAGGATGACAGATCTG,R0,C5
TAGGATGAAAGAGATC,R5,C3
TAGGATGAAAGGACAC,R2,C1
TAGGATGAAATCCGTC,R4,C2
TAGGATGAAATGTTGC,R4,C2
TAGGATGAACACGACC,R4,C3
TAGGATGAACAGATTC,R2,C1
TAGGATGAAGATGTAC,R4,C0
TAGGATGAAGCACCTC,R2,C1
TAGGATGAAGCCATGC,R3,C1
TAGGATGAAGGCTAAC,R3,C11
TAGGATGACATCAAGT,R1,C4
TAGGATGAATAGCGAC,R9,C11
TAGGATGAATCATTCC,R9,C11
TAGGATGAATTGGCTC,R9,C11
TAGGATGACAAGGAGC,R5,C7
TAGGATGACACCTTAC,R5,C7
TAGGATGACCATCCTC,R5,C3
TAGGATGACCGACAAC,R5,C3
TAGGATGACCTAATCC,R5,C3
TAGGATGACCTCTATC,R5,C3
TAGGATGACGACACAC,R5,C3
TAGGATGACGCTGATC,R1,C4
TAGGATGACGGATTGC,R5,C10
TAGGATGACTAAGGTC,R5,C7
TAGGATGAGAACAGGC,R5,C2
TAGGATGAGACAGTGC,R5,C3
TAGGATGAGAGTTAGC,R5,C3
TAGGATGAGATGAATC,R5,C3
TAGGATGAGCCAAGAC,R5,C3
TAGGATGACGGAAGAA,R5,C3
TAGGATGAGTGACAAG,R5,C3
TAGGATGAGAACCAGA,R5,C3
GTGTTCTAAACGTGAT,R1,C4
GTGTTCTAACAAGCTA,R0,C4
GTGTTCTATTGCTGGA,R5,C3
GTGTTCTACTGTAGCC,R1,C10
GTGTTCTAAGTACAAG,R1,C4
GTGTTCTAAACAACCA,R1,C4
GTGTTCTAAACCGAGA,R1,C5
GTGTTCTAAACGCTTA,R1,C3
GTGTTCTAAAGACGGA,R1,C2
GTGTTCTAAAGGTACA,R1,C0
GTGTTCTAACACAGAA,R1,C2
GTGTTCTAACAGCAGA,R1,C0
GTGTTCTAAAACATCG,R0,C4
GTGTTCTAACCTCCAA,R1,C6
GTGTTCTAACGCTCGA,R1,C0
GTGTTCTAACGTATCA,R1,C0
GTGTTCTAACTATGCA,R1,C0
GTGTTCTAAGAGTCAA,R1,C0
GTGTTCTAAGATCGCA,R1,C0
GTGTTCTAAGCAGGAA,R1,C0
GTGTTCTAAGTCACTA,R1,C0
GTGTTCTAATCCTGTA,R1,C0
GTGTTCTAATTGAGGA,R4,C0
GTGTTCTAATGCCTAA,R0,C5
GTGTTCTACAACCACA,R1,C0
GTGTTCTAGACTAGTA,R0,C0
GTGTTCTACAATGGAA,R0,C3
GTGTTCTACACTTCGA,R0,C0
GTGTTCTACAGCGTTA,R4,C0
GTGTTCTACATACCAA,R1,C6
GTGTTCTACCAGTTCA,R4,C2
GTGTTCTACCGAAGTA,R5,C3
GTGTTCTACCGTGAGA,R5,C2
GTGTTCTACCTCCTGA,R5,C2
GTGTTCTAAGTGGTCA,R1,C4
GTGTTCTACGAACTTA,R5,C3
GTGTTCTACGACTGGA,R2,C1
GTGTTCTACGCATACA,R4,C6
GTGTTCTACTCAATGA,R2,C1
GTGTTCTACTGAGCCA,R4,C6
GTGTTCTACTGGCATA,R2,C6
GTGTTCTAGAATCTGA,R4,C1
GTGTTCTACAAGACTA,R4,C3
GTGTTCTAGAGCTGAA,R2,C1
GTGTTCTAGATAGACA,R7,C5
GTGTTCTAACCACTGT,R1,C4
GTGTTCTAGCCACATA,R2,C1
GTGTTCTAGCGAGTAA,R2,C2
GTGTTCTAGCTAACGA,R6,C1
GTGTTCTAGCTCGGTA,R4,C1
GTGTTCTAGGAGAACA,R4,C1
GTGTTCTAGGTGCGAA,R5,C3
GTGTTCTAGTACGCAA,R8,C1
GTGTTCTAGTCGTAGA,R2,C1
GTGTTCTAGTCTGTCA,R4,C1
GTGTTCTAGTGTTCTA,R2,C1
GTGTTCTAACATTGGC,R0,C4
GTGTTCTATAGGATGA,R4,C1
GTGTTCTATATCAGCA,R4,C3
GTGTTCTATCCGTCTA,R4,C1
GTGTTCTATCTTCACA,R4,C3
GTGTTCTATGAAGAGA,R4,C1
GTGTTCTATGGAACAA,R4,C1
GTGTTCTATGGCTTCA,R4,C1
GTGTTCTATGGTGGTA,R4,C2
GTGTTCTATTCACGCA,R4,C1
GTGTTCTAAACTCACC,R4,C1
GTGTTCTACAGATCTG,R1,C4
GTGTTCTAAAGAGATC,R2,C1
GTGTTCTAAAGGACAC,R4,C1
GTGTTCTAAATCCGTC,R4,C1
GTGTTCTAAATGTTGC,R4,C1
GTGTTCTAACACGACC,R4,C2
GTGTTCTAACAGATTC,R4,C1
GTGTTCTAAGATGTAC,R4,C1
GTGTTCTAAGCACCTC,R4,C11
GTGTTCTAAGCCATGC,R3,C11
GTGTTCTAAGGCTAAC,R9,C11
GTGTTCTACATCAAGT,R1,C6
GTGTTCTAATAGCGAC,R9,C11
GTGTTCTAATCATTCC,R9,C11
GTGTTCTAATTGGCTC,R9,C11
GTGTTCTACAAGGAGC,R9,C11
GTGTTCTACACCTTAC,R9,C11
GTGTTCTACCATCCTC,R5,C7
GTGTTCTACCGACAAC,R5,C10
GTGTTCTACCTAATCC,R5,C3
GTGTTCTACCTCTATC,R5,C3
GTGTTCTACGACACAC,R5,C2
GTGTTCTACGCTGATC,R1,C4
GTGTTCTACGGATTGC,R5,C3
GTGTTCTACTAAGGTC,R5,C3
GTGTTCTAGAACAGGC,R5,C3
GTGTTCTAGACAGTGC,R5,C2
GTGTTCTAGAGTTAGC,R5,C3
GTGTTCTAGATGAATC,R5,C3
GTGTTCTAGCCAAGAC,R5,C3
GTGTTCTACGGAAGAA,R5,C10
GTGTTCTAGTGACAAG,R5,C7
GTGTTCTAGAACCAGA,R5,C3
GTCTGTCAAACGTGAT,R0,C4
GTCTGTCAACAAGCTA,R1,C0
GTCTGTCATTGCTGGA,R5,C3
GTCTGTCACTGTAGCC,R1,C5
GTCTGTCAAGTACAAG,R0,C4
GTCTGTCAAACAACCA,R1,C7
GTCTGTCAAACCGAGA,R10,C0
GTCTGTCAAACGCTTA,R1,C10
GTCTGTCAAAGACGGA,R1,C7
GTCTGTCAAAGGTACA,R1,C6
GTCTGTCAACACAGAA,R1,C2
GTCTGTCAACAGCAGA,R1,C4
GTCTGTCAAAACATCG,R0,C6
GTCTGTCAACCTCCAA,R1,C0
GTCTGTCAACGCTCGA,R1,C0
GTCTGTCAACGTATCA,R1,C0
GTCTGTCAACTATGCA,R6,C5
GTCTGTCAAGAGTCAA,R0,C0
GTCTGTCAAGATCGCA,R1,C0
GTCTGTCAAGCAGGAA,R1,C2
GTCTGTCAAGTCACTA,R1,C0
GTCTGTCAATCCTGTA,R0,C0
GTCTGTCAATTGAGGA,R1,C0
GTCTGTCAATGCCTAA,R0,C4
GTCTGTCACAACCACA,R1,C5
GTCTGTCAGACTAGTA,R6,C2
GTCTGTCACAATGGAA,R1,C2
GTCTGTCACACTTCGA,R4,C3
GTCTGTCACAGCGTTA,R1,C0
GTCTGTCACATACCAA,R4,C2
GTCTGTCACCAGTTCA,R4,C2
GTCTGTCACCGAAGTA,R5,C3
GTCTGTCACCGTGAGA,R5,C3
GTCTGTCACCTCCTGA,R5,C6
GTCTGTCAAGTGGTCA,R1,C2
GTCTGTCACGAACTTA,R4,C1
GTCTGTCACGACTGGA,R2,C1
GTCTGTCACGCATACA,R2,C1
GTCTGTCACTCAATGA,R4,C5
GTCTGTCACTGAGCCA,R4,C3
GTCTGTCACTGGCATA,R2,C2
GTCTGTCAGAATCTGA,R1,C2
GTCTGTCACAAGACTA,R8,C1
GTCTGTCAGAGCTGAA,R2,C6
GTCTGTCAGATAGACA,R4,C3
GTCTGTCAACCACTGT,R1,C3
GTCTGTCAGCCACATA,R4,C6
GTCTGTCAGCGAGTAA,R2,C1
GTCTGTCAGCTAACGA,R2,C1
GTCTGTCAGCTCGGTA,R4,C1
GTCTGTCAGGAGAACA,R2,C1
GTCTGTCAGGTGCGAA,R2,C1
GTCTGTCAGTACGCAA,R3,C1
GTCTGTCAGTCGTAGA,R4,C1
GTCTGTCAGTCTGTCA,R4,C1
GTCTGTCAGTGTTCTA,R2,C2
GTCTGTCAACATTGGC,R0,C0
GTCTGTCATAGGATGA,R2,C1
GTCTGTCATATCAGCA,R2,C1
GTCTGTCATCCGTCTA,R4,C1
GTCTGTCATCTTCACA,R4,C7
GTCTGTCATGAAGAGA,R2,C1
GTCTGTCATGGAACAA,R2,C1
GTCTGTCATGGCTTCA,R4,C7
GTCTGTCATGGTGGTA,R4,C1
GTCTGTCATTCACGCA,R2,C1
GTCTGTCAAACTCACC,R4,C1
GTCTGTCACAGATCTG,R6,C0
GTCTGTCAAAGAGATC,R4,C3
GTCTGTCAAAGGACAC,R5,C3
GTCTGTCAAATCCGTC,R4,C1
GTCTGTCAAATGTTGC,R4,C1
GTCTGTCAACACGACC,R4,C6
GTCTGTCAACAGATTC,R1,C7
GTCTGTCAAGATGTAC,R2,C1
GTCTGTCAAGCACCTC,R4,C6
GTCTGTCAAGCCATGC,R2,C1
GTCTGTCAAGGCTAAC,R3,C1
GTCTGTCACATCAAGT,R0,C0
GTCTGTCAATAGCGAC,R4,C7
GTCTGTCAATCATTCC,R9,C11
GTCTGTCAATTGGCTC,R9,C11
GTCTGTCACAAGGAGC,R9,C11
GTCTGTCACACCTTAC,R9,C11
GTCTGTCACCATCCTC,R5,C11
GTCTGTCACCGACAAC,R5,C11
GTCTGTCACCTAATCC,R5,C7
GTCTGTCACCTCTATC,R5,C3
GTCTGTCACGACACAC,R5,C3
GTCTGTCACGCTGATC,R0,C4
GTCTGTCACGGATTGC,R5,C3
GTCTGTCACTAAGGTC,R5,C3
GTCTGTCAGAACAGGC,R5,C3
GTCTGTCAGACAGTGC,R5,C10
GTCTGTCAGAGTTAGC,R5,C3
GTCTGTCAGATGAATC,R5,C3
GTCTGTCAGCCAAGAC,R5,C10
GTCTGTCACGGAAGAA,R5,C3
GTCTGTCAGTGACAAG,R5,C3
GTCTGTCAGAACCAGA,R5,C5
GTCGTAGAAACGTGAT,R0,C4
GTCGTAGAACAAGCTA,R1,C4
GTCGTAGATTGCTGGA,R5,C3
GTCGTAGACTGTAGCC,R4,C5
GTCGTAGAAGTACAAG,R1,C4
GTCGTAGAAACAACCA,R1,C4
GTCGTAGAAACCGAGA,R7,C10
GTCGTAGAAACGCTTA,R1,C4
GTCGTAGAAAGACGGA,R1,C2
GTCGTAGAAAGGTACA,R1,C5
GTCGTAGAACACAGAA,R1,C0
GTCGTAGAACAGCAGA,R1,C3
GTCGTAGAAAACATCG,R0,C6
GTCGTAGAACCTCCAA,R6,C0
GTCGTAGAACGCTCGA,R1,C3
GTCGTAGAACGTATCA,R0,C0
GTCGTAGAACTATGCA,R8,C5
GTCGTAGAAGAGTCAA,R0,C0
GTCGTAGAAGATCGCA,R1,C0
GTCGTAGAAGCAGGAA,R1,C0
GTCGTAGAAGTCACTA,R1,C10
GTCGTAGAATCCTGTA,R0,C0
GTCGTAGAATTGAGGA,R1,C0
GTCGTAGAATGCCTAA,R1,C7
GTCGTAGACAACCACA,R4,C7
GTCGTAGAGACTAGTA,R1,C6
GTCGTAGACAATGGAA,R0,C0
GTCGTAGACACTTCGA,R6,C3
GTCGTAGACAGCGTTA,R1,C2
GTCGTAGACATACCAA,R5,C3
GTCGTAGACCAGTTCA,R5,C2
GTCGTAGACCGAAGTA,R5,C5
GTCGTAGACCGTGAGA,R5,C3
GTCGTAGACCTCCTGA,R2,C1
GTCGTAGAAGTGGTCA,R0,C4
GTCGTAGACGAACTTA,R2,C10
GTCGTAGACGACTGGA,R2,C1
GTCGTAGACGCATACA,R4,C3
GTCGTAGACTCAATGA,R2,C1
GTCGTAGACTGAGCCA,R2,C1
GTCGTAGACTGGCATA,R3,C7
GTCGTAGAGAATCTGA,R2,C1
GTCGTAGACAAGACTA,R2,C2
GTCGTAGAGAGCTGAA,R2,C1
GTCGTAGAGATAGACA,R2,C1
GTCGTAGAACCACTGT,R0,C0
GTCGTAGAGCCACATA,R2,C1
GTCGTAGAGCGAGTAA,R2,C1
GTCGTAGAGCTAACGA,R2,C1
GTCGTAGAGCTCGGTA,R2,C1
GTCGTAGAGGAGAACA,R4,C2
GTCGTAGAGGTGCGAA,R4,C3
GTCGTAGAGTACGCAA,R4,C8
GTCGTAGAGTCGTAGA,R4,C1
GTCGTAGAGTCTGTCA,R2,C1
GTCGTAGAGTGTTCTA,R2,C1
GTCGTAGAACATTGGC,R1,C4
GTCGTAGATAGGATGA,R2,C1
GTCGTAGATATCAGCA,R2,C1
GTCGTAGATCCGTCTA,R4,C1
GTCGTAGATCTTCACA,R4,C1
GTCGTAGATGAAGAGA,R2,C6
GTCGTAGATGGAACAA,R4,C1
GTCGTAGATGGCTTCA,R4,C1
GTCGTAGATGGTGGTA,R2,C1
GTCGTAGATTCACGCA,R4,C1
GTCGTAGAAACTCACC,R4,C1
GTCGTAGACAGATCTG,R0,C4
GTCGTAGAAAGAGATC,R2,C1
GTCGTAGAAAGGACAC,R2,C2
GTCGTAGAAATCCGTC,R4,C3
GTCGTAGAAATGTTGC,R2,C1
GTCGTAGAACACGACC,R2,C1
GTCGTAGAACAGATTC,R5,C3
GTCGTAGAAGATGTAC,R4,C2
GTCGTAGAAGCACCTC,R8,C7
GTCGTAGAAGCCATGC,R2,C1
GTCGTAGAAGGCTAAC,R3,C11
GTCGTAGACATCAAGT,R1,C3
GTCGTAGAATAGCGAC,R2,C7
GTCGTAGAATCATTCC,R9,C11
GTCGTAGAATTGGCTC,R9,C11
GTCGTAGACAAGGAGC,R9,C11
GTCGTAGACACCTTAC,R9,C11
GTCGTAGACCATCCTC,R3,C11
GTCGTAGACCGACAAC,R9,C7
GTCGTAGACCTAATCC,R5,C7
GTCGTAGACCTCTATC,R5,C3
GTCGTAGACGACACAC,R5,C3
GTCGTAGACGCTGATC,R1,C4
GTCGTAGACGGATTGC,R5,C6
GTCGTAGACTAAGGTC,R5,C3
GTCGTAGAGAACAGGC,R5,C3
GTCGTAGAGACAGTGC,R5,C10
GTCGTAGAGAGTTAGC,R5,C3
GTCGTAGAGATGAATC,R5,C3
GTCGTAGAGCCAAGAC,R5,C10
GTCGTAGACGGAAGAA,R5,C3
GTCGTAGAGTGACAAG,R5,C2
GTCGTAGAGAACCAGA,R5,C2
GTACGCAAAACGTGAT,R0,C8
GTACGCAAACAAGCTA,R10,C4
GTACGCAATTGCTGGA,R5,C3
GTACGCAACTGTAGCC,R1,C4
GTACGCAAAGTACAAG,R3,C0
GTACGCAAAACAACCA,R1,C0
GTACGCAAAACCGAGA,R0,C2
GTACGCAAAACGCTTA,R1,C2
GTACGCAAAAGACGGA,R2,C3
GTACGCAAAAGGTACA,R1,C0
GTACGCAAACACAGAA,R1,C2
GTACGCAAACAGCAGA,R1,C2
GTACGCAAAAACATCG,R0,C5
GTACGCAAACCTCCAA,R1,C2
GTACGCAAACGCTCGA,R1,C0
GTACGCAAACGTATCA,R1,C3
GTACGCAAACTATGCA,R0,C7
GTACGCAAAGAGTCAA,R1,C0
GTACGCAAAGATCGCA,R0,C4
GTACGCAAAGCAGGAA,R1,C0
GTACGCAAAGTCACTA,R1,C10
GTACGCAAATCCTGTA,R0,C0
GTACGCAAATTGAGGA,R0,C0
GTACGCAAATGCCTAA,R1,C4
GTACGCAACAACCACA,R1,C0
GTACGCAAGACTAGTA,R4,C3
GTACGCAACAATGGAA,R1,C0
GTACGCAACACTTCGA,R1,C2
GTACGCAACAGCGTTA,R1,C3
GTACGCAACATACCAA,R5,C2
GTACGCAACCAGTTCA,R5,C3
GTACGCAACCGAAGTA,R4,C1
GTACGCAACCGTGAGA,R2,C1
GTACGCAACCTCCTGA,R2,C1
GTACGCAAAGTGGTCA,R6,C2
GTACGCAACGAACTTA,R2,C6
GTACGCAACGACTGGA,R4,C2
GTACGCAACGCATACA,R2,C1
GTACGCAACTCAATGA,R2,C2
GTACGCAACTGAGCCA,R4,C1
GTACGCAACTGGCATA,R2,C1
GTACGCAAGAATCTGA,R2,C1
GTACGCAACAAGACTA,R8,C7
GTACGCAAGAGCTGAA,R2,C1
GTACGCAAGATAGACA,R2,C1
GTACGCAAACCACTGT,R0,C4
GTACGCAAGCCACATA,R2,C1
GTACGCAAGCGAGTAA,R2,C1
GTACGCAAGCTAACGA,R2,C1
GTACGCAAGCTCGGTA,R4,C1
GTACGCAAGGAGAACA,R2,C1
GTACGCAAGGTGCGAA,R5,C3
GTACGCAAGTACGCAA,R2,C1
GTACGCAAGTCGTAGA,R4,C1
GTACGCAAGTCTGTCA,R4,C5
GTACGCAAGTGTTCTA,R2,C6
GTACGCAAACATTGGC,R0,C4
GTACGCAATAGGATGA,R4,C2
GTACGCAATATCAGCA,R4,C1
GTACGCAATCCGTCTA,R4,C1
GTACGCAATCTTCACA,R2,C1
GTACGCAATGAAGAGA,R4,C1
GTACGCAATGGAACAA,R4,C5
GTACGCAATGGCTTCA,R4,C3
GTACGCAATGGTGGTA,R5,C2
GTACGCAATTCACGCA,R2,C1
GTACGCAAAACTCACC,R4,C1
GTACGCAACAGATCTG,R4,C0
GTACGCAAAAGAGATC,R2,C1
GTACGCAAAAGGACAC,R4,C3
GTACGCAAAATCCGTC,R4,C3
GTACGCAAAATGTTGC,R2,C1
GTACGCAAACACGACC,R4,C1
GTACGCAAACAGATTC,R4,C7
GTACGCAAAGATGTAC,R4,C3
GTACGCAAAGCACCTC,R4,C7
GTACGCAAAGCCATGC,R2,C7
GTACGCAAAGGCTAAC,R6,C1
GTACGCAACATCAAGT,R1,C2
GTACGCAAATAGCGAC,R2,C7
GTACGCAAATCATTCC,R9,C11
GTACGCAAATTGGCTC,R9,C11
GTACGCAACAAGGAGC,R9,C11
GTACGCAACACCTTAC,R9,C11
GTACGCAACCATCCTC,R9,C11
GTACGCAACCGACAAC,R3,C8
GTACGCAACCTAATCC,R4,C7
GTACGCAACCTCTATC,R4,C7
GTACGCAACGACACAC,R5,C7
GTACGCAACGCTGATC,R1,C6
GTACGCAACGGATTGC,R5,C3
GTACGCAACTAAGGTC,R5,C3
GTACGCAAGAACAGGC,R5,C2
GTACGCAAGACAGTGC,R5,C6
GTACGCAAGAGTTAGC,R5,C3
GTACGCAAGATGAATC,R5,C7
GTACGCAAGCCAAGAC,R5,C3
GTACGCAACGGAAGAA,R5,C7
GTACGCAAGTGACAAG,R5,C5
GTACGCAAGAACCAGA,R5,C3
GGTGCGAAAACGTGAT,R1,C5
GGTGCGAAACAAGCTA,R1,C4
GGTGCGAATTGCTGGA,R5,C3
GGTGCGAACTGTAGCC,R1,C5
GGTGCGAAAGTACAAG,R1,C4
GGTGCGAAAACAACCA,R3,C4
GGTGCGAAAACCGAGA,R1,C5
GGTGCGAAAACGCTTA,R1,C2
GGTGCGAAAAGACGGA,R1,C5
GGTGCGAAAAGGTACA,R1,C0
GGTGCGAAACACAGAA,R1,C10
GGTGCGAAACAGCAGA,R0,C0
GGTGCGAAAAACATCG,R0,C2
GGTGCGAAACCTCCAA,R1,C2
GGTGCGAAACGCTCGA,R1,C0
GGTGCGAAACGTATCA,R4,C7
GGTGCGAAACTATGCA,R0,C0
GGTGCGAAAGAGTCAA,R1,C0
GGTGCGAAAGATCGCA,R1,C10
GGTGCGAAAGCAGGAA,R0,C0
GGTGCGAAAGTCACTA,R1,C6
GGTGCGAAATCCTGTA,R0,C0
GGTGCGAAATTGAGGA,R0,C0
GGTGCGAAATGCCTAA,R0,C4
GGTGCGAACAACCACA,R1,C0
GGTGCGAAGACTAGTA,R1,C0
GGTGCGAACAATGGAA,R0,C0
GGTGCGAACACTTCGA,R0,C0
GGTGCGAACAGCGTTA,R4,C3
GGTGCGAACATACCAA,R5,C2
GGTGCGAACCAGTTCA,R5,C3
GGTGCGAACCGAAGTA,R4,C6
GGTGCGAACCGTGAGA,R2,C1
GGTGCGAACCTCCTGA,R2,C6
GGTGCGAAAGTGGTCA,R10,C2
GGTGCGAACGAACTTA,R2,C1
GGTGCGAACGACTGGA,R2,C6
GGTGCGAACGCATACA,R2,C1
GGTGCGAACTCAATGA,R3,C6
GGTGCGAACTGAGCCA,R2,C1
GGTGCGAACTGGCATA,R7,C5
GGTGCGAAGAATCTGA,R2,C2
GGTGCGAACAAGACTA,R4,C3
GGTGCGAAGAGCTGAA,R2,C1
GGTGCGAAGATAGACA,R2,C1
GGTGCGAAACCACTGT,R1,C4
GGTGCGAAGCCACATA,R2,C2
GGTGCGAAGCGAGTAA,R2,C1
GGTGCGAAGCTAACGA,R4,C3
GGTGCGAAGCTCGGTA,R2,C1
GGTGCGAAGGAGAACA,R4,C1
GGTGCGAAGGTGCGAA,R2,C1
GGTGCGAAGTACGCAA,R2,C1
GGTGCGAAGTCGTAGA,R2,C7
GGTGCGAAGTCTGTCA,R2,C1
GGTGCGAAGTGTTCTA,R2,C1
GGTGCGAAACATTGGC,R0,C4
GGTGCGAATAGGATGA,R2,C1
GGTGCGAATATCAGCA,R2,C1
GGTGCGAATCCGTCTA,R4,C1
GGTGCGAATCTTCACA,R2,C1
GGTGCGAATGAAGAGA,R2,C1
GGTGCGAATGGAACAA,R10,C5
GGTGCGAATGGCTTCA,R4,C1
GGTGCGAATGGTGGTA,R2,C1
GGTGCGAATTCACGCA,R2,C2
GGTGCGAAAACTCACC,R2,C6
GGTGCGAACAGATCTG,R0,C4
GGTGCGAAAAGAGATC,R4,C2
GGTGCGAAAAGGACAC,R4,C2
GGTGCGAAAATCCGTC,R3,C6
GGTGCGAAAATGTTGC,R4,C7
GGTGCGAAACACGACC,R4,C3
GGTGCGAAACAGATTC,R5,C7
GGTGCGAAAGATGTAC,R3,C6
GGTGCGAAAGCACCTC,R2,C1
GGTGCGAAAGCCATGC,R2,C1
GGTGCGAAAGGCTAAC,R3,C1
GGTGCGAACATCAAGT,R4,C4
GGTGCGAAATAGCGAC,R2,C11
GGTGCGAAATCATTCC,R9,C11
GGTGCGAAATTGGCTC,R9,C11
GGTGCGAACAAGGAGC,R9,C11
GGTGCGAACACCTTAC,R4,C11
GGTGCGAACCATCCTC,R6,C10
GGTGCGAACCGACAAC,R6,C7
GGTGCGAACCTAATCC,R3,C7
GGTGCGAACCTCTATC,R4,C3
GGTGCGAACGACACAC,R3,C7
GGTGCGAACGCTGATC,R1,C5
GGTGCGAACGGATTGC,R3,C10
GGTGCGAACTAAGGTC,R5,C3
GGTGCGAAGAACAGGC,R5,C3
GGTGCGAAGACAGTGC,R5,C3
GGTGCGAAGAGTTAGC,R5,C2
GGTGCGAAGATGAATC,R5,C3
GGTGCGAAGCCAAGAC,R5,C3
GGTGCGAACGGAAGAA,R5,C2
GGTGCGAAGTGACAAG,R5,C3
GGTGCGAAGAACCAGA,R5,C5
GGAGAACAAACGTGAT,R0,C4
GGAGAACAACAAGCTA,R1,C4
GGAGAACATTGCTGGA,R6,C3
GGAGAACACTGTAGCC,R1,C0
GGAGAACAAGTACAAG,R1,C4
GGAGAACAAACAACCA,R1,C6
GGAGAACAAACCGAGA,R1,C5
GGAGAACAAACGCTTA,R1,C2
GGAGAACAAAGACGGA,R0,C5
GGAGAACAAAGGTACA,R0,C0
GGAGAACAACACAGAA,R0,C4
GGAGAACAACAGCAGA,R0,C5
GGAGAACAAAACATCG,R0,C4
GGAGAACAACCTCCAA,R1,C4
GGAGAACAACGCTCGA,R1,C0
GGAGAACAACGTATCA,R1,C2
GGAGAACAACTATGCA,R4,C0
GGAGAACAAGAGTCAA,R1,C0
GGAGAACAAGATCGCA,R1,C0
GGAGAACAAGCAGGAA,R4,C0
GGAGAACAAGTCACTA,R0,C0
GGAGAACAATCCTGTA,R1,C0
GGAGAACAATTGAGGA,R1,C0
GGAGAACAATGCCTAA,R6,C5
GGAGAACACAACCACA,R0,C2
GGAGAACAGACTAGTA,R0,C0
GGAGAACACAATGGAA,R4,C6
GGAGAACACACTTCGA,R4,C2
GGAGAACACAGCGTTA,R5,C7
GGAGAACACATACCAA,R5,C5
GGAGAACACCAGTTCA,R4,C6
GGAGAACACCGAAGTA,R2,C3
GGAGAACACCGTGAGA,R8,C1
GGAGAACACCTCCTGA,R2,C1
GGAGAACAAGTGGTCA,R1,C2
GGAGAACACGAACTTA,R8,C1
GGAGAACACGACTGGA,R2,C2
GGAGAACACGCATACA,R2,C1
GGAGAACACTCAATGA,R2,C5
GGAGAACACTGAGCCA,R2,C1
GGAGAACACTGGCATA,R2,C1
GGAGAACAGAATCTGA,R2,C1
GGAGAACACAAGACTA,R4,C3
GGAGAACAGAGCTGAA,R2,C1
GGAGAACAGATAGACA,R2,C1
GGAGAACAACCACTGT,R0,C4
GGAGAACAGCCACATA,R2,C1
GGAGAACAGCGAGTAA,R2,C1
GGAGAACAGCTAACGA,R2,C1
GGAGAACAGCTCGGTA,R2,C1
GGAGAACAGGAGAACA,R2,C1
GGAGAACAGGTGCGAA,R2,C1
GGAGAACAGTACGCAA,R2,C1
GGAGAACAGTCGTAGA,R2,C1
GGAGAACAGTCTGTCA,R2,C1
GGAGAACAGTGTTCTA,R4,C2
GGAGAACAACATTGGC,R1,C4
GGAGAACATAGGATGA,R4,C1
GGAGAACATATCAGCA,R2,C1
GGAGAACATCCGTCTA,R2,C5
GGAGAACATCTTCACA,R4,C2
GGAGAACATGAAGAGA,R2,C1
GGAGAACATGGAACAA,R2,C1
GGAGAACATGGCTTCA,R4,C3
GGAGAACATGGTGGTA,R2,C1
GGAGAACATTCACGCA,R2,C1
GGAGAACAAACTCACC,R2,C1
GGAGAACACAGATCTG,R1,C4
GGAGAACAAAGAGATC,R4,C3
GGAGAACAAAGGACAC,R2,C7
GGAGAACAAATCCGTC,R2,C1
GGAGAACAAATGTTGC,R4,C1
GGAGAACAACACGACC,R4,C7
GGAGAACAACAGATTC,R4,C3
GGAGAACAAGATGTAC,R4,C1
GGAGAACAAGCACCTC,R2,C1
GGAGAACAAGCCATGC,R3,C1
GGAGAACAAGGCTAAC,R2,C1
GGAGAACACATCAAGT,R0,C4
GGAGAACAATAGCGAC,R3,C11
GGAGAACAATCATTCC,R9,C11
GGAGAACAATTGGCTC,R9,C11
GGAGAACACAAGGAGC,R3,C11
GGAGAACACACCTTAC,R3,C8
GGAGAACACCATCCTC,R3,C7
GGAGAACACCGACAAC,R3,C6
GGAGAACACCTAATCC,R4,C10
GGAGAACACCTCTATC,R3,C10
GGAGAACACGACACAC,R4,C10
GGAGAACACGCTGATC,R6,C4
GGAGAACACGGATTGC,R7,C5
GGAGAACACTAAGGTC,R3,C6
GGAGAACAGAACAGGC,R4,C7
GGAGAACAGACAGTGC,R4,C8
GGAGAACAGAGTTAGC,R3,C3
GGAGAACAGATGAATC,R3,C8
GGAGAACAGCCAAGAC,R4,C8
GGAGAACACGGAAGAA,R5,C3
GGAGAACAGTGACAAG,R5,C3
GGAGAACAGAACCAGA,R5,C6
GCTCGGTAAACGTGAT,R0,C4
GCTCGGTAACAAGCTA,R1,C4
GCTCGGTATTGCTGGA,R3,C7
GCTCGGTACTGTAGCC,R1,C0
GCTCGGTAAGTACAAG,R3,C5
GCTCGGTAAACAACCA,R1,C4
GCTCGGTAAACCGAGA,R1,C5
GCTCGGTAAACGCTTA,R1,C0
GCTCGGTAAAGACGGA,R0,C2
GCTCGGTAAAGGTACA,R1,C0
GCTCGGTAACACAGAA,R1,C6
GCTCGGTAACAGCAGA,R1,C5
GCTCGGTAAAACATCG,R0,C4
GCTCGGTAACCTCCAA,R0,C0
GCTCGGTAACGCTCGA,R1,C0
GCTCGGTAACGTATCA,R0,C0
GCTCGGTAACTATGCA,R0,C0
GCTCGGTAAGAGTCAA,R0,C0
GCTCGGTAAGATCGCA,R0,C0
GCTCGGTAAGCAGGAA,R1,C0
GCTCGGTAAGTCACTA,R1,C0
GCTCGGTAATCCTGTA,R0,C0
GCTCGGTAATTGAGGA,R0,C2
GCTCGGTAATGCCTAA,R1,C0
GCTCGGTACAACCACA,R0,C0
GCTCGGTAGACTAGTA,R1,C2
GCTCGGTACAATGGAA,R1,C2
GCTCGGTACACTTCGA,R5,C3
GCTCGGTACAGCGTTA,R5,C7
GCTCGGTACATACCAA,R5,C3
GCTCGGTACCAGTTCA,R4,C7
GCTCGGTACCGAAGTA,R2,C2
GCTCGGTACCGTGAGA,R2,C1
GCTCGGTACCTCCTGA,R2,C1
GCTCGGTAAGTGGTCA,R8,C2
GCTCGGTACGAACTTA,R2,C1
GCTCGGTACGACTGGA,R1,C1
GCTCGGTACGCATACA,R2,C6
GCTCGGTACTCAATGA,R2,C1
GCTCGGTACTGAGCCA,R2,C6
GCTCGGTACTGGCATA,R3,C1
GCTCGGTAGAATCTGA,R10,C5
GCTCGGTACAAGACTA,R2,C1
GCTCGGTAGAGCTGAA,R2,C6
GCTCGGTAGATAGACA,R4,C2
GCTCGGTAACCACTGT,R1,C5
GCTCGGTAGCCACATA,R2,C3
GCTCGGTAGCGAGTAA,R2,C1
GCTCGGTAGCTAACGA,R4,C1
GCTCGGTAGCTCGGTA,R2,C1
GCTCGGTAGGAGAACA,R2,C1
GCTCGGTAGGTGCGAA,R2,C2
GCTCGGTAGTACGCAA,R2,C6
GCTCGGTAGTCGTAGA,R4,C3
GCTCGGTAGTCTGTCA,R2,C1
GCTCGGTAGTGTTCTA,R4,C2
GCTCGGTAACATTGGC,R0,C4
GCTCGGTATAGGATGA,R2,C1
GCTCGGTATATCAGCA,R4,C1
GCTCGGTATCCGTCTA,R4,C6
GCTCGGTATCTTCACA,R2,C1
GCTCGGTATGAAGAGA,R4,C1
GCTCGGTATGGAACAA,R2,C1
GCTCGGTATGGCTTCA,R4,C7
GCTCGGTATGGTGGTA,R4,C1
GCTCGGTATTCACGCA,R2,C1
GCTCGGTAAACTCACC,R2,C1
GCTCGGTACAGATCTG,R1,C0
GCTCGGTAAAGAGATC,R2,C1
GCTCGGTAAAGGACAC,R2,C1
GCTCGGTAAATCCGTC,R2,C1
GCTCGGTAAATGTTGC,R2,C1
GCTCGGTAACACGACC,R4,C10
GCTCGGTAACAGATTC,R2,C1
GCTCGGTAAGATGTAC,R2,C1
GCTCGGTAAGCACCTC,R2,C1
GCTCGGTAAGCCATGC,R2,C1
GCTCGGTAAGGCTAAC,R2,C1
GCTCGGTACATCAAGT,R1,C4
GCTCGGTAATAGCGAC,R2,C7
GCTCGGTAATCATTCC,R9,C11
GCTCGGTAATTGGCTC,R9,C11
GCTCGGTACAAGGAGC,R9,C11
GCTCGGTACACCTTAC,R4,C2
GCTCGGTACCATCCTC,R3,C10
GCTCGGTACCGACAAC,R3,C7
GCTCGGTACCTAATCC,R3,C7
GCTCGGTACCTCTATC,R6,C6
GCTCGGTACGACACAC,R3,C8
GCTCGGTACGCTGATC,R0,C4
GCTCGGTACGGATTGC,R4,C8
GCTCGGTACTAAGGTC,R7,C7
GCTCGGTAGAACAGGC,R4,C2
GCTCGGTAGACAGTGC,R6,C7
GCTCGGTAGAGTTAGC,R3,C8
GCTCGGTAGATGAATC,R6,C8
GCTCGGTAGCCAAGAC,R4,C8
GCTCGGTACGGAAGAA,R3,C8
GCTCGGTAGTGACAAG,R4,C7
GCTCGGTAGAACCAGA,R3,C8
GCTAACGAAACGTGAT,R0,C4
GCTAACGAACAAGCTA,R1,C4
GCTAACGATTGCTGGA,R6,C7
GCTAACGACTGTAGCC,R1,C4
GCTAACGAAGTACAAG,R4,C0
GCTAACGAAACAACCA,R1,C2
GCTAACGAAACCGAGA,R7,C6
GCTAACGAAACGCTTA,R2,C7
GCTAACGAAAGACGGA,R1,C6
GCTAACGAAAGGTACA,R1,C0
GCTAACGAACACAGAA,R1,C5
GCTAACGAACAGCAGA,R1,C0
GCTAACGAAAACATCG,R1,C2
GCTAACGAACCTCCAA,R1,C2
GCTAACGAACGCTCGA,R0,C5
GCTAACGAACGTATCA,R0,C0
GCTAACGAACTATGCA,R1,C2
GCTAACGAAGAGTCAA,R1,C0
GCTAACGAAGATCGCA,R1,C3
GCTAACGAAGCAGGAA,R1,C5
GCTAACGAAGTCACTA,R1,C0
GCTAACGAATCCTGTA,R2,C0
GCTAACGAATTGAGGA,R1,C0
GCTAACGAATGCCTAA,R1,C4
GCTAACGACAACCACA,R0,C2
GCTAACGAGACTAGTA,R1,C5
GCTAACGACAATGGAA,R4,C3
GCTAACGACACTTCGA,R5,C5
GCTAACGACAGCGTTA,R5,C3
GCTAACGACATACCAA,R2,C3
GCTAACGACCAGTTCA,R2,C6
GCTAACGACCGAAGTA,R2,C1
GCTAACGACCGTGAGA,R2,C1
GCTAACGACCTCCTGA,R1,C1
GCTAACGAAGTGGTCA,R1,C5
GCTAACGACGAACTTA,R2,C1
GCTAACGACGACTGGA,R2,C1
GCTAACGACGCATACA,R2,C1
GCTAACGACTCAATGA,R2,C1
GCTAACGACTGAGCCA,R2,C1
GCTAACGACTGGCATA,R2,C1
GCTAACGAGAATCTGA,R2,C1
GCTAACGACAAGACTA,R2,C1
GCTAACGAGAGCTGAA,R2,C1
GCTAACGAGATAGACA,R2,C1
GCTAACGAACCACTGT,R0,C4
GCTAACGAGCCACATA,R4,C1
GCTAACGAGCGAGTAA,R2,C1
GCTAACGAGCTAACGA,R4,C3
GCTAACGAGCTCGGTA,R2,C1
GCTAACGAGGAGAACA,R2,C1
GCTAACGAGGTGCGAA,R2,C1
GCTAACGAGTACGCAA,R2,C1
GCTAACGAGTCGTAGA,R2,C5
GCTAACGAGTCTGTCA,R2,C1
GCTAACGAGTGTTCTA,R2,C1
GCTAACGAACATTGGC,R0,C4
GCTAACGATAGGATGA,R2,C1
GCTAACGATATCAGCA,R2,C6
GCTAACGATCCGTCTA,R2,C1
GCTAACGATCTTCACA,R2,C5
GCTAACGATGAAGAGA,R5,C2
GCTAACGATGGAACAA,R2,C2
GCTAACGATGGCTTCA,R2,C1
GCTAACGATGGTGGTA,R2,C1
GCTAACGATTCACGCA,R4,C2
GCTAACGAAACTCACC,R4,C3
GCTAACGACAGATCTG,R6,C4
GCTAACGAAAGAGATC,R2,C1
GCTAACGAAAGGACAC,R2,C7
GCTAACGAAATCCGTC,R2,C1
GCTAACGAAATGTTGC,R2,C1
GCTAACGAACACGACC,R2,C1
GCTAACGAACAGATTC,R2,C1
GCTAACGAAGATGTAC,R2,C1
GCTAACGAAGCACCTC,R2,C10
GCTAACGAAGCCATGC,R2,C1
GCTAACGAAGGCTAAC,R2,C1
GCTAACGACATCAAGT,R0,C4
GCTAACGAATAGCGAC,R9,C11
GCTAACGAATCATTCC,R9,C11
GCTAACGAATTGGCTC,R9,C11
GCTAACGACAAGGAGC,R3,C11
GCTAACGACACCTTAC,R3,C8
GCTAACGACCATCCTC,R3,C8
GCTAACGACCGACAAC,R3,C8
GCTAACGACCTAATCC,R3,C8
GCTAACGACCTCTATC,R4,C7
GCTAACGACGACACAC,R4,C7
GCTAACGACGCTGATC,R7,C5
GCTAACGACGGATTGC,R3,C8
GCTAACGACTAAGGTC,R0,C8
GCTAACGAGAACAGGC,R3,C8
GCTAACGAGACAGTGC,R8,C5
GCTAACGAGAGTTAGC,R3,C8
GCTAACGAGATGAATC,R3,C8
GCTAACGAGCCAAGAC,R3,C7
GCTAACGACGGAAGAA,R6,C8
GCTAACGAGTGACAAG,R3,C8
GCTAACGAGAACCAGA,R3,C8
CGGAAGAATTGCTGGA,R1,C7
CGGAAGAAAGAGTCAA,R1,C2
CGGAAGAAAGATCGCA,R6,C10
CGGAAGAAAGCAGGAA,R8,C2
CGGAAGAAAGTCACTA,R7,C5
CGGAAGAAATCCTGTA,R7,C2
CGGAAGAAATTGAGGA,R0,C0
CGGAAGAACAACCACA,R1,C2
CGGAAGAAGACTAGTA,R1,C2
CGGAAGAACAATGGAA,R0,C4
CGGAAGAACACTTCGA,R1,C0
CGGAAGAACAGCGTTA,R1,C0
CGGAAGAACATACCAA,R1,C2
CGGAAGAACCAGTTCA,R1,C7
CGGAAGAACCGAAGTA,R0,C4
CGGAAGAACCGTGAGA,R0,C7
CGGAAGAACCTCCTGA,R0,C4
CGGAAGAACGAACTTA,R0,C4
CGGAAGAACGACTGGA,R1,C2
CGGAAGAACGCATACA,R6,C4
CGGAAGAACTCAATGA,R0,C2
CGGAAGAACTGAGCCA,R1,C5
CGGAAGAACTGGCATA,R1,C0
CGGAAGAAGAATCTGA,R2,C3
CGGAAGAACAAGACTA,R0,C4
CGGAAGAAGAGCTGAA,R1,C7
CGGAAGAAGATAGACA,R1,C3
CGGAAGAAGCCACATA,R8,C6
CGGAAGAAGCGAGTAA,R3,C0
CGGAAGAAGCTAACGA,R0,C0
CGGAAGAAGCTCGGTA,R0,C10
CGGAAGAAGGAGAACA,R1,C0
CGGAAGAAGGTGCGAA,R0,C6
CGGAAGAAGTACGCAA,R0,C2
CGGAAGAAGTCGTAGA,R1,C0
CGGAAGAAGTCTGTCA,R8,C2
CGGAAGAAGTGTTCTA,R0,C0
CGGAAGAATAGGATGA,R0,C0
CGGAAGAATATCAGCA,R0,C0
CGGAAGAATCCGTCTA,R0,C4
CGGAAGAATCTTCACA,R1,C2
CGGAAGAATGAAGAGA,R3,C5
CGGAAGAATGGAACAA,R1,C0
CGGAAGAATGGCTTCA,R0,C7
CGGAAGAATGGTGGTA,R0,C2
CGGAAGAATTCACGCA,R1,C0
CGGAAGAAAACTCACC,R0,C0
CGGAAGAAAAGAGATC,R1,C2
CGGAAGAAAAGGACAC,R0,C6
CGGAAGAAAATCCGTC,R1,C0
CGGAAGAAAATGTTGC,R0,C0
CGGAAGAAACACGACC,R0,C0
CGGAAGAAACAGATTC,R4,C3
CGGAAGAAAGATGTAC,R1,C0
CGGAAGAAAGCACCTC,R0,C0
CGGAAGAAAGCCATGC,R1,C7
CGGAAGAAAGGCTAAC,R0,C2
CGGAAGAAATAGCGAC,R0,C0
CGGAAGAAATCATTCC,R6,C0
CGGAAGAAATTGGCTC,R0,C7
CGGAAGAACAAGGAGC,R0,C4
CGGAAGAACACCTTAC,R0,C0
CGGAAGAACCATCCTC,R3,C0
CGGAAGAACCGACAAC,R0,C0
CGGAAGAACCTAATCC,R0,C0
CGGAAGAACCTCTATC,R1,C0
CGGAAGAACGACACAC,R0,C4
CGGAAGAACGGATTGC,R6,C2
CGGAAGAACTAAGGTC,R0,C4
CGGAAGAAGAACAGGC,R0,C2
CGGAAGAAGACAGTGC,R1,C5
CGGAAGAAGAGTTAGC,R7,C5
CGGAAGAAGATGAATC,R1,C10
CGGAAGAAGCCAAGAC,R1,C2
CGGAAGAACGGAAGAA,R1,C2
CGGAAGAAGTGACAAG,R1,C7
CGGAAGAAGAACCAGA,R3,C5
GCGAGTAAAACGTGAT,R1,C7
GCGAGTAAACAAGCTA,R1,C4
GCGAGTAATTGCTGGA,R3,C7
GCGAGTAACTGTAGCC,R1,C5
GCGAGTAAAGTACAAG,R1,C2
GCGAGTAAAACAACCA,R1,C3
GCGAGTAAAACCGAGA,R8,C5
GCGAGTAAAACGCTTA,R1,C0
GCGAGTAAAAGACGGA,R1,C0
GCGAGTAAAAGGTACA,R1,C0
GCGAGTAAACACAGAA,R8,C0
GCGAGTAAACAGCAGA,R0,C5
GCGAGTAAAAACATCG,R8,C4
GCGAGTAAACCTCCAA,R1,C0
GCGAGTAAACGCTCGA,R0,C0
GCGAGTAAACGTATCA,R0,C2
GCGAGTAAACTATGCA,R0,C0
GCGAGTAAAGAGTCAA,R0,C0
GCGAGTAAAGATCGCA,R0,C0
GCGAGTAAAGCAGGAA,R0,C0
GCGAGTAAAGTCACTA,R4,C0
GCGAGTAAATCCTGTA,R1,C0
GCGAGTAAATTGAGGA,R0,C6
GCGAGTAAATGCCTAA,R0,C4
GCGAGTAACAACCACA,R2,C2
GCGAGTAAGACTAGTA,R1,C7
GCGAGTAACAATGGAA,R1,C7
GCGAGTAACACTTCGA,R5,C3
GCGAGTAACAGCGTTA,R5,C3
GCGAGTAACATACCAA,R4,C1
GCGAGTAACCAGTTCA,R2,C1
GCGAGTAACCGAAGTA,R2,C1
GCGAGTAACCGTGAGA,R2,C1
GCGAGTAACCTCCTGA,R2,C1
GCGAGTAAAGTGGTCA,R1,C2
GCGAGTAACGAACTTA,R2,C1
GCGAGTAACGACTGGA,R2,C2
GCGAGTAACGCATACA,R2,C1
GCGAGTAACTCAATGA,R2,C1
GCGAGTAACTGAGCCA,R2,C1
GCGAGTAACTGGCATA,R2,C1
GCGAGTAAGAATCTGA,R4,C1
GCGAGTAACAAGACTA,R8,C2
GCGAGTAAGAGCTGAA,R2,C3
GCGAGTAAGATAGACA,R2,C1
GCGAGTAAACCACTGT,R1,C4
GCGAGTAAGCCACATA,R2,C3
GCGAGTAAGCGAGTAA,R2,C1
GCGAGTAAGCTAACGA,R4,C10
GCGAGTAAGCTCGGTA,R4,C1
GCGAGTAAGGAGAACA,R2,C1
GCGAGTAAGGTGCGAA,R2,C1
GCGAGTAAGTACGCAA,R2,C1
GCGAGTAAGTCGTAGA,R2,C1
GCGAGTAAGTCTGTCA,R2,C1
GCGAGTAAGTGTTCTA,R2,C1
GCGAGTAAACATTGGC,R1,C4
GCGAGTAATAGGATGA,R2,C1
GCGAGTAATATCAGCA,R4,C3
GCGAGTAATCCGTCTA,R2,C1
GCGAGTAATCTTCACA,R4,C3
GCGAGTAATGAAGAGA,R2,C1
GCGAGTAATGGAACAA,R2,C6
GCGAGTAATGGCTTCA,R2,C1
GCGAGTAATGGTGGTA,R2,C1
GCGAGTAATTCACGCA,R2,C1
GCGAGTAAAACTCACC,R5,C3
GCGAGTAACAGATCTG,R1,C4
GCGAGTAAAAGAGATC,R4,C1
GCGAGTAAAAGGACAC,R3,C1
GCGAGTAAAATCCGTC,R2,C1
GCGAGTAAAATGTTGC,R4,C2
GCGAGTAAACACGACC,R4,C3
GCGAGTAAACAGATTC,R5,C3
GCGAGTAAAGATGTAC,R4,C5
GCGAGTAAAGCACCTC,R10,C5
GCGAGTAAAGCCATGC,R2,C6
GCGAGTAAAGGCTAAC,R2,C7
GCGAGTAACATCAAGT,R1,C5
GCGAGTAAATAGCGAC,R3,C11
GCGAGTAAATCATTCC,R9,C11
GCGAGTAAATTGGCTC,R9,C11
GCGAGTAACAAGGAGC,R3,C11
GCGAGTAACACCTTAC,R3,C8
GCGAGTAACCATCCTC,R3,C8
GCGAGTAACCGACAAC,R4,C8
GCGAGTAACCTAATCC,R4,C2
GCGAGTAACCTCTATC,R1,C10
GCGAGTAACGACACAC,R0,C8
GCGAGTAACGCTGATC,R1,C4
GCGAGTAACGGATTGC,R4,C3
GCGAGTAACTAAGGTC,R3,C7
GCGAGTAAGAACAGGC,R4,C5
GCGAGTAAGACAGTGC,R3,C8
GCGAGTAAGAGTTAGC,R1,C8
GCGAGTAAGATGAATC,R3,C8
GCGAGTAAGCCAAGAC,R3,C8
GCGAGTAACGGAAGAA,R3,C8
GCGAGTAAGTGACAAG,R8,C8
GCGAGTAAGAACCAGA,R8,C8
GCCACATAAACGTGAT,R0,C4
GCCACATAACAAGCTA,R1,C4
GCCACATATTGCTGGA,R3,C7
GCCACATACTGTAGCC,R0,C5
GCCACATAAGTACAAG,R1,C4
GCCACATAAACAACCA,R0,C2
GCCACATAAACCGAGA,R1,C0
GCCACATAAACGCTTA,R1,C6
GCCACATAAAGACGGA,R1,C0
GCCACATAAAGGTACA,R1,C2
GCCACATAACACAGAA,R0,C0
GCCACATAACAGCAGA,R0,C5
GCCACATAAAACATCG,R2,C4
GCCACATAACCTCCAA,R1,C2
GCCACATAACGCTCGA,R0,C0
GCCACATAACGTATCA,R0,C0
GCCACATAACTATGCA,R1,C0
GCCACATAAGAGTCAA,R0,C0
GCCACATAAGATCGCA,R0,C0
GCCACATAAGCAGGAA,R0,C0
GCCACATAAGTCACTA,R1,C6
GCCACATAATCCTGTA,R0,C0
GCCACATAATTGAGGA,R0,C2
GCCACATAATGCCTAA,R0,C4
GCCACATACAACCACA,R1,C3
GCCACATAGACTAGTA,R1,C2
GCCACATACAATGGAA,R5,C3
GCCACATACACTTCGA,R5,C3
GCCACATACAGCGTTA,R4,C3
GCCACATACATACCAA,R1,C1
GCCACATACCAGTTCA,R4,C6
GCCACATACCGAAGTA,R2,C1
GCCACATACCGTGAGA,R2,C6
GCCACATACCTCCTGA,R2,C1
GCCACATAAGTGGTCA,R0,C2
GCCACATACGAACTTA,R4,C3
GCCACATACGACTGGA,R2,C1
GCCACATACGCATACA,R2,C2
GCCACATACTCAATGA,R2,C2
GCCACATACTGAGCCA,R2,C2
GCCACATACTGGCATA,R4,C1
GCCACATAGAATCTGA,R2,C1
GCCACATACAAGACTA,R2,C1
GCCACATAGAGCTGAA,R2,C1
GCCACATAGATAGACA,R2,C1
GCCACATAACCACTGT,R0,C4
GCCACATAGCCACATA,R2,C1
GCCACATAGCGAGTAA,R2,C2
GCCACATAGCTAACGA,R2,C1
GCCACATAGCTCGGTA,R2,C1
GCCACATAGGAGAACA,R3,C2
GCCACATAGGTGCGAA,R2,C1
GCCACATAGTACGCAA,R2,C1
GCCACATAGTCGTAGA,R2,C1
GCCACATAGTCTGTCA,R4,C1
GCCACATAGTGTTCTA,R4,C1
GCCACATAACATTGGC,R1,C2
GCCACATATAGGATGA,R2,C1
GCCACATATATCAGCA,R1,C1
GCCACATATCCGTCTA,R2,C5
GCCACATATCTTCACA,R4,C7
GCCACATATGAAGAGA,R2,C1
GCCACATATGGAACAA,R2,C1
GCCACATATGGCTTCA,R5,C3
GCCACATATGGTGGTA,R2,C1
GCCACATATTCACGCA,R3,C3
GCCACATAAACTCACC,R4,C3
GCCACATACAGATCTG,R1,C4
GCCACATAAAGAGATC,R2,C1
GCCACATAAAGGACAC,R2,C1
GCCACATAAATCCGTC,R3,C1
GCCACATAAATGTTGC,R5,C2
GCCACATAACACGACC,R4,C3
GCCACATAACAGATTC,R2,C1
GCCACATAAGATGTAC,R2,C1
GCCACATAAGCACCTC,R3,C1
GCCACATAAGCCATGC,R3,C0
GCCACATAAGGCTAAC,R2,C10
GCCACATACATCAAGT,R1,C4
GCCACATAATAGCGAC,R8,C11
GCCACATAATCATTCC,R9,C11
GCCACATAATTGGCTC,R9,C11
GCCACATACAAGGAGC,R3,C11
GCCACATACACCTTAC,R4,C7
GCCACATACCATCCTC,R3,C6
GCCACATACCGACAAC,R6,C7
GCCACATACCTAATCC,R3,C8
GCCACATACCTCTATC,R3,C6
GCCACATACGACACAC,R3,C8
GCCACATACGCTGATC,R1,C4
GCCACATACGGATTGC,R4,C5
GCCACATACTAAGGTC,R3,C8
GCCACATAGAACAGGC,R4,C8
GCCACATAGACAGTGC,R6,C6
GCCACATAGAGTTAGC,R4,C8
GCCACATAGATGAATC,R4,C2
GCCACATAGCCAAGAC,R6,C8
GCCACATACGGAAGAA,R4,C2
GCCACATAGTGACAAG,R3,C8
GCCACATAGAACCAGA,R7,C8
GATAGACAAACGTGAT,R1,C5
GATAGACAACAAGCTA,R0,C2
GATAGACATTGCTGGA,R3,C7
GATAGACACTGTAGCC,R1,C4
GATAGACAAGTACAAG,R1,C4
GATAGACAAACAACCA,R1,C5
GATAGACAAACCGAGA,R1,C3
GATAGACAAACGCTTA,R1,C5
GATAGACAAAGACGGA,R1,C0
GATAGACAAAGGTACA,R0,C0
GATAGACAACACAGAA,R1,C0
GATAGACAACAGCAGA,R0,C10
GATAGACAAAACATCG,R0,C4
GATAGACAACCTCCAA,R0,C6
GATAGACAACGCTCGA,R0,C0
GATAGACAACGTATCA,R1,C7
GATAGACAACTATGCA,R0,C7
GATAGACAAGAGTCAA,R1,C6
GATAGACAAGATCGCA,R1,C0
GATAGACAAGCAGGAA,R8,C3
GATAGACAAGTCACTA,R1,C0
GATAGACAATCCTGTA,R4,C6
GATAGACAATTGAGGA,R0,C5
GATAGACAATGCCTAA,R0,C4
GATAGACACAACCACA,R1,C0
GATAGACAGACTAGTA,R4,C0
GATAGACACAATGGAA,R1,C5
GATAGACACACTTCGA,R4,C2
GATAGACACAGCGTTA,R5,C3
GATAGACACATACCAA,R2,C1
GATAGACACCAGTTCA,R2,C1
GATAGACACCGAAGTA,R7,C5
GATAGACACCGTGAGA,R2,C1
GATAGACACCTCCTGA,R2,C2
GATAGACAAGTGGTCA,R0,C10
GATAGACACGAACTTA,R4,C1
GATAGACACGACTGGA,R2,C1
GATAGACACGCATACA,R2,C6
GATAGACACTCAATGA,R2,C1
GATAGACACTGAGCCA,R2,C1
GATAGACACTGGCATA,R2,C1
GATAGACAGAATCTGA,R2,C1
GATAGACACAAGACTA,R4,C2
GATAGACAGAGCTGAA,R2,C1
GATAGACAGATAGACA,R4,C1
GATAGACAACCACTGT,R0,C4
GATAGACAGCCACATA,R2,C1
GATAGACAGCGAGTAA,R2,C1
GATAGACAGCTAACGA,R2,C2
GATAGACAGCTCGGTA,R2,C1
GATAGACAGGAGAACA,R2,C1
GATAGACAGGTGCGAA,R4,C1
GATAGACAGTACGCAA,R2,C1
GATAGACAGTCGTAGA,R4,C1
GATAGACAGTCTGTCA,R2,C1
GATAGACAGTGTTCTA,R2,C1
GATAGACAACATTGGC,R0,C4
GATAGACATAGGATGA,R2,C1
GATAGACATATCAGCA,R2,C1
GATAGACATCCGTCTA,R2,C1
GATAGACATCTTCACA,R10,C5
GATAGACATGAAGAGA,R2,C1
GATAGACATGGAACAA,R2,C1
GATAGACATGGCTTCA,R2,C1
GATAGACATGGTGGTA,R2,C1
GATAGACATTCACGCA,R4,C1
GATAGACAAACTCACC,R4,C6
GATAGACACAGATCTG,R0,C4
GATAGACAAAGAGATC,R4,C1
GATAGACAAAGGACAC,R4,C1
GATAGACAAATCCGTC,R2,C10
GATAGACAAATGTTGC,R2,C1
GATAGACAACACGACC,R2,C1
GATAGACAACAGATTC,R2,C1
GATAGACAAGATGTAC,R4,C1
GATAGACAAGCACCTC,R8,C1
GATAGACAAGCCATGC,R2,C0
GATAGACAAGGCTAAC,R2,C1
GATAGACACATCAAGT,R1,C2
GATAGACAATAGCGAC,R9,C11
GATAGACAATCATTCC,R9,C11
GATAGACAATTGGCTC,R9,C11
GATAGACACAAGGAGC,R3,C7
GATAGACACACCTTAC,R3,C7
GATAGACACCATCCTC,R6,C8
GATAGACACCGACAAC,R0,C8
GATAGACACCTAATCC,R3,C8
GATAGACACCTCTATC,R3,C8
GATAGACACGACACAC,R1,C7
GATAGACACGCTGATC,R7,C4
GATAGACACGGATTGC,R4,C5
GATAGACACTAAGGTC,R1,C8
GATAGACAGAACAGGC,R1,C8
GATAGACAGACAGTGC,R3,C8
GATAGACAGAGTTAGC,R10,C8
GATAGACAGATGAATC,R3,C8
GATAGACAGCCAAGAC,R6,C8
GATAGACACGGAAGAA,R4,C10
GATAGACAGTGACAAG,R3,C8
GATAGACAGAACCAGA,R4,C8
GAGCTGAAAACGTGAT,R1,C2
GAGCTGAAACAAGCTA,R1,C4
GAGCTGAATTGCTGGA,R6,C8
GAGCTGAACTGTAGCC,R3,C5
GAGCTGAAAGTACAAG,R1,C2
GAGCTGAAAACAACCA,R1,C0
GAGCTGAAAACCGAGA,R1,C0
GAGCTGAAAACGCTTA,R0,C0
GAGCTGAAAAGACGGA,R1,C0
GAGCTGAAAAGGTACA,R0,C0
GAGCTGAAACACAGAA,R0,C5
GAGCTGAAACAGCAGA,R0,C0
GAGCTGAAAAACATCG,R0,C2
GAGCTGAAACCTCCAA,R4,C3
GAGCTGAAACGCTCGA,R6,C5
GAGCTGAAACGTATCA,R0,C0
GAGCTGAAACTATGCA,R0,C2
GAGCTGAAAGAGTCAA,R0,C0
GAGCTGAAAGATCGCA,R4,C6
GAGCTGAAAGCAGGAA,R0,C0
GAGCTGAAAGTCACTA,R0,C0
GAGCTGAAATCCTGTA,R1,C0
GAGCTGAAATTGAGGA,R1,C0
GAGCTGAAATGCCTAA,R0,C4
GAGCTGAACAACCACA,R0,C0
GAGCTGAAGACTAGTA,R4,C5
GAGCTGAACAATGGAA,R8,C6
GAGCTGAACACTTCGA,R5,C7
GAGCTGAACAGCGTTA,R5,C2
GAGCTGAACATACCAA,R0,C1
GAGCTGAACCAGTTCA,R2,C1
GAGCTGAACCGAAGTA,R4,C6
GAGCTGAACCGTGAGA,R2,C1
GAGCTGAACCTCCTGA,R2,C1
GAGCTGAAAGTGGTCA,R1,C4
GAGCTGAACGAACTTA,R2,C1
GAGCTGAACGACTGGA,R2,C2
GAGCTGAACGCATACA,R2,C2
GAGCTGAACTCAATGA,R2,C6
GAGCTGAACTGAGCCA,R2,C1
GAGCTGAACTGGCATA,R1,C5
GAGCTGAAGAATCTGA,R2,C1
GAGCTGAACAAGACTA,R2,C1
GAGCTGAAGAGCTGAA,R2,C1
GAGCTGAAGATAGACA,R2,C1
GAGCTGAAACCACTGT,R0,C4
GAGCTGAAGCCACATA,R2,C2
GAGCTGAAGCGAGTAA,R2,C1
GAGCTGAAGCTAACGA,R4,C1
GAGCTGAAGCTCGGTA,R2,C1
GAGCTGAAGGAGAACA,R2,C1
GAGCTGAAGGTGCGAA,R4,C3
GAGCTGAAGTACGCAA,R2,C1
GAGCTGAAGTCGTAGA,R2,C1
GAGCTGAAGTCTGTCA,R2,C6
GAGCTGAAGTGTTCTA,R4,C2
GAGCTGAAACATTGGC,R0,C4
GAGCTGAATAGGATGA,R2,C1
GAGCTGAATATCAGCA,R4,C1
GAGCTGAATCCGTCTA,R5,C2
GAGCTGAATCTTCACA,R2,C1
GAGCTGAATGAAGAGA,R2,C1
GAGCTGAATGGAACAA,R2,C1
GAGCTGAATGGCTTCA,R2,C1
GAGCTGAATGGTGGTA,R4,C6
GAGCTGAATTCACGCA,R4,C1
GAGCTGAAAACTCACC,R4,C1
GAGCTGAACAGATCTG,R1,C0
GAGCTGAAAAGAGATC,R4,C1
GAGCTGAAAAGGACAC,R3,C1
GAGCTGAAAATCCGTC,R2,C1
GAGCTGAAAATGTTGC,R2,C1
GAGCTGAAACACGACC,R4,C2
GAGCTGAAACAGATTC,R3,C1
GAGCTGAAAGATGTAC,R1,C2
GAGCTGAAAGCACCTC,R4,C3
GAGCTGAAAGCCATGC,R4,C1
GAGCTGAAAGGCTAAC,R3,C7
GAGCTGAACATCAAGT,R3,C4
GAGCTGAAATAGCGAC,R3,C9
GAGCTGAAATCATTCC,R9,C11
GAGCTGAAATTGGCTC,R9,C7
GAGCTGAACAAGGAGC,R1,C8
GAGCTGAACACCTTAC,R3,C8
GAGCTGAACCATCCTC,R3,C8
GAGCTGAACCGACAAC,R3,C8
GAGCTGAACCTAATCC,R3,C8
GAGCTGAACCTCTATC,R3,C8
GAGCTGAACGACACAC,R3,C7
GAGCTGAACGCTGATC,R0,C4
GAGCTGAACGGATTGC,R3,C8
GAGCTGAACTAAGGTC,R4,C3
GAGCTGAAGAACAGGC,R3,C10
GAGCTGAAGACAGTGC,R6,C3
GAGCTGAAGAGTTAGC,R4,C8
GAGCTGAAGATGAATC,R3,C8
GAGCTGAAGCCAAGAC,R3,C8
GAGCTGAACGGAAGAA,R4,C8
GAGCTGAAGTGACAAG,R3,C5
GAGCTGAAGAACCAGA,R4,C7
CAAGACTAAACGTGAT,R0,C6
CAAGACTAACAAGCTA,R1,C4
CAAGACTATTGCTGGA,R3,C8
CAAGACTACTGTAGCC,R0,C4
CAAGACTAAGTACAAG,R1,C4
CAAGACTAAACAACCA,R1,C2
CAAGACTAAACCGAGA,R1,C2
CAAGACTAAACGCTTA,R1,C0
CAAGACTAAAGACGGA,R0,C0
CAAGACTAAAGGTACA,R1,C3
CAAGACTAACACAGAA,R4,C5
CAAGACTAACAGCAGA,R1,C0
CAAGACTAAAACATCG,R0,C4
CAAGACTAACCTCCAA,R0,C0
CAAGACTAACGCTCGA,R1,C0
CAAGACTAACGTATCA,R1,C0
CAAGACTAACTATGCA,R1,C0
CAAGACTAAGAGTCAA,R4,C2
CAAGACTAAGATCGCA,R1,C0
CAAGACTAAGCAGGAA,R0,C6
CAAGACTAAGTCACTA,R0,C0
CAAGACTAATCCTGTA,R0,C0
CAAGACTAATTGAGGA,R0,C0
CAAGACTAATGCCTAA,R1,C4
CAAGACTACAACCACA,R0,C0
CAAGACTAGACTAGTA,R4,C3
CAAGACTACAATGGAA,R4,C3
CAAGACTACACTTCGA,R5,C10
CAAGACTACAGCGTTA,R5,C2
CAAGACTACATACCAA,R4,C3
CAAGACTACCAGTTCA,R1,C2
CAAGACTACCGAAGTA,R1,C5
CAAGACTACCGTGAGA,R2,C1
CAAGACTACCTCCTGA,R2,C1
CAAGACTAAGTGGTCA,R1,C7
CAAGACTACGAACTTA,R2,C1
CAAGACTACGACTGGA,R1,C1
CAAGACTACGCATACA,R2,C1
CAAGACTACTCAATGA,R6,C5
CAAGACTACTGAGCCA,R2,C1
CAAGACTACTGGCATA,R2,C1
CAAGACTAGAATCTGA,R2,C1
CAAGACTACAAGACTA,R2,C6
CAAGACTAGAGCTGAA,R2,C5
CAAGACTAGATAGACA,R2,C1
CAAGACTAACCACTGT,R1,C2
CAAGACTAGCCACATA,R2,C1
CAAGACTAGCGAGTAA,R2,C1
CAAGACTAGCTAACGA,R4,C2
CAAGACTAGCTCGGTA,R2,C6
CAAGACTAGGAGAACA,R2,C1
CAAGACTAGGTGCGAA,R8,C7
CAAGACTAGTACGCAA,R3,C2
CAAGACTAGTCGTAGA,R2,C1
CAAGACTAGTCTGTCA,R7,C7
CAAGACTAGTGTTCTA,R2,C1
CAAGACTAACATTGGC,R8,C0
CAAGACTATAGGATGA,R2,C2
CAAGACTATATCAGCA,R2,C1
CAAGACTATCCGTCTA,R2,C5
CAAGACTATCTTCACA,R2,C0
CAAGACTATGAAGAGA,R4,C1
CAAGACTATGGAACAA,R2,C1
CAAGACTATGGCTTCA,R2,C1
CAAGACTATGGTGGTA,R4,C1
CAAGACTATTCACGCA,R4,C2
CAAGACTAAACTCACC,R4,C3
CAAGACTACAGATCTG,R4,C3
CAAGACTAAAGAGATC,R4,C6
CAAGACTAAAGGACAC,R3,C0
CAAGACTAAATCCGTC,R4,C1
CAAGACTAAATGTTGC,R4,C3
CAAGACTAACACGACC,R1,C1
CAAGACTAACAGATTC,R3,C1
CAAGACTAAGATGTAC,R2,C1
CAAGACTAAGCACCTC,R1,C1
CAAGACTAAGCCATGC,R9,C11
CAAGACTAAGGCTAAC,R4,C11
CAAGACTACATCAAGT,R1,C5
CAAGACTAATAGCGAC,R9,C11
CAAGACTAATCATTCC,R9,C11
CAAGACTAATTGGCTC,R9,C7
CAAGACTACAAGGAGC,R3,C8
CAAGACTACACCTTAC,R3,C8
CAAGACTACCATCCTC,R1,C8
CAAGACTACCGACAAC,R3,C6
CAAGACTACCTAATCC,R3,C6
CAAGACTACCTCTATC,R1,C8
CAAGACTACGACACAC,R3,C8
CAAGACTACGCTGATC,R1,C4
CAAGACTACGGATTGC,R4,C8
CAAGACTACTAAGGTC,R3,C8
CAAGACTAGAACAGGC,R3,C8
CAAGACTAGACAGTGC,R3,C8
CAAGACTAGAGTTAGC,R3,C8
CAAGACTAGATGAATC,R3,C2
CAAGACTAGCCAAGAC,R3,C8
CAAGACTACGGAAGAA,R4,C5
CAAGACTAGTGACAAG,R3,C8
CAAGACTAGAACCAGA,R3,C8
GAATCTGAAACGTGAT,R1,C4
GAATCTGAACAAGCTA,R0,C4
GAATCTGATTGCTGGA,R4,C8
GAATCTGACTGTAGCC,R1,C4
GAATCTGAAGTACAAG,R1,C4
GAATCTGAAACAACCA,R0,C5
GAATCTGAAACCGAGA,R0,C2
GAATCTGAAACGCTTA,R0,C0
GAATCTGAAAGACGGA,R1,C7
GAATCTGAAAGGTACA,R1,C0
GAATCTGAACACAGAA,R3,C0
GAATCTGAACAGCAGA,R1,C0
GAATCTGAAAACATCG,R6,C0
GAATCTGAACCTCCAA,R8,C10
GAATCTGAACGCTCGA,R1,C6
GAATCTGAACGTATCA,R0,C2
GAATCTGAACTATGCA,R0,C0
GAATCTGAAGAGTCAA,R1,C5
GAATCTGAAGATCGCA,R6,C0
GAATCTGAAGCAGGAA,R0,C7
GAATCTGAAGTCACTA,R0,C0
GAATCTGAATCCTGTA,R0,C0
GAATCTGAATTGAGGA,R0,C0
GAATCTGAATGCCTAA,R0,C4
GAATCTGACAACCACA,R0,C0
GAATCTGAGACTAGTA,R1,C2
GAATCTGACAATGGAA,R1,C7
GAATCTGACACTTCGA,R5,C5
GAATCTGACAGCGTTA,R4,C3
GAATCTGACATACCAA,R2,C1
GAATCTGACCAGTTCA,R2,C1
GAATCTGACCGAAGTA,R2,C1
GAATCTGACCGTGAGA,R2,C1
GAATCTGACCTCCTGA,R3,C5
GAATCTGAAGTGGTCA,R0,C2
GAATCTGACGAACTTA,R2,C1
GAATCTGACGACTGGA,R2,C1
GAATCTGACGCATACA,R2,C1
GAATCTGACTCAATGA,R2,C1
GAATCTGACTGAGCCA,R2,C6
GAATCTGACTGGCATA,R2,C1
GAATCTGAGAATCTGA,R2,C1
GAATCTGACAAGACTA,R2,C1
GAATCTGAGAGCTGAA,R7,C1
GAATCTGAGATAGACA,R2,C6
GAATCTGAACCACTGT,R0,C4
GAATCTGAGCCACATA,R2,C1
GAATCTGAGCGAGTAA,R2,C1
GAATCTGAGCTAACGA,R2,C1
GAATCTGAGCTCGGTA,R2,C1
GAATCTGAGGAGAACA,R2,C1
GAATCTGAGGTGCGAA,R2,C10
GAATCTGAGTACGCAA,R8,C1
GAATCTGAGTCGTAGA,R2,C2
GAATCTGAGTCTGTCA,R2,C1
GAATCTGAGTGTTCTA,R2,C1
GAATCTGAACATTGGC,R1,C0
GAATCTGATAGGATGA,R2,C2
GAATCTGATATCAGCA,R2,C1
GAATCTGATCCGTCTA,R2,C1
GAATCTGATCTTCACA,R2,C1
GAATCTGATGAAGAGA,R2,C6
GAATCTGATGGAACAA,R2,C1
GAATCTGATGGCTTCA,R8,C1
GAATCTGATGGTGGTA,R3,C7
GAATCTGATTCACGCA,R2,C5
GAATCTGAAACTCACC,R2,C1
GAATCTGACAGATCTG,R0,C4
GAATCTGAAAGAGATC,R4,C3
GAATCTGAAAGGACAC,R2,C7
GAATCTGAAATCCGTC,R4,C10
GAATCTGAAATGTTGC,R5,C3
GAATCTGAACACGACC,R4,C3
GAATCTGAACAGATTC,R2,C1
GAATCTGAAGATGTAC,R2,C1
GAATCTGAAGCACCTC,R2,C1
GAATCTGAAGCCATGC,R3,C1
GAATCTGAAGGCTAAC,R1,C1
GAATCTGACATCAAGT,R0,C4
GAATCTGAATAGCGAC,R9,C11
GAATCTGAATCATTCC,R9,C11
GAATCTGAATTGGCTC,R3,C8
GAATCTGACAAGGAGC,R3,C8
GAATCTGACACCTTAC,R3,C8
GAATCTGACCATCCTC,R3,C8
GAATCTGACCGACAAC,R3,C8
GAATCTGACCTAATCC,R4,C8
GAATCTGACCTCTATC,R10,C2
GAATCTGACGACACAC,R3,C2
GAATCTGACGCTGATC,R0,C4
GAATCTGACGGATTGC,R3,C8
GAATCTGACTAAGGTC,R3,C6
GAATCTGAGAACAGGC,R6,C8
GAATCTGAGACAGTGC,R3,C8
GAATCTGAGAGTTAGC,R4,C3
GAATCTGAGATGAATC,R3,C7
GAATCTGAGCCAAGAC,R3,C8
GAATCTGACGGAAGAA,R3,C8
GAATCTGAGTGACAAG,R3,C3
GAATCTGAGAACCAGA,R7,C8
CTGGCATAAACGTGAT,R1,C4
CTGGCATAACAAGCTA,R1,C4
CTGGCATATTGCTGGA,R6,C5
CTGGCATACTGTAGCC,R1,C4
CTGGCATAAGTACAAG,R1,C4
CTGGCATAAACAACCA,R0,C4
CTGGCATAAACCGAGA,R1,C7
CTGGCATAAACGCTTA,R3,C5
CTGGCATAAAGACGGA,R0,C6
CTGGCATAAAGGTACA,R0,C0
CTGGCATAACACAGAA,R0,C0
CTGGCATAACAGCAGA,R8,C0
CTGGCATAAAACATCG,R0,C4
CTGGCATAACCTCCAA,R0,C0
CTGGCATAACGCTCGA,R0,C6
CTGGCATAACGTATCA,R4,C3
CTGGCATAACTATGCA,R0,C2
CTGGCATAAGAGTCAA,R0,C0
CTGGCATAAGATCGCA,R0,C2
CTGGCATAAGCAGGAA,R0,C3
CTGGCATAAGTCACTA,R0,C0
CTGGCATAATCCTGTA,R1,C0
CTGGCATAATTGAGGA,R0,C0
CTGGCATAATGCCTAA,R7,C4
CTGGCATACAACCACA,R0,C0
CTGGCATAGACTAGTA,R2,C2
CTGGCATACAATGGAA,R4,C3
CTGGCATACACTTCGA,R1,C5
CTGGCATACAGCGTTA,R4,C7
CTGGCATACATACCAA,R2,C1
CTGGCATACCAGTTCA,R2,C1
CTGGCATACCGAAGTA,R2,C2
CTGGCATACCGTGAGA,R2,C1
CTGGCATACCTCCTGA,R2,C1
CTGGCATAAGTGGTCA,R0,C2
CTGGCATACGAACTTA,R2,C1
CTGGCATACGACTGGA,R2,C1
CTGGCATACGCATACA,R2,C1
CTGGCATACTCAATGA,R2,C5
CTGGCATACTGAGCCA,R2,C1
CTGGCATACTGGCATA,R2,C8
CTGGCATAGAATCTGA,R2,C1
CTGGCATACAAGACTA,R2,C1
CTGGCATAGAGCTGAA,R2,C1
CTGGCATAGATAGACA,R2,C2
CTGGCATAACCACTGT,R1,C0
CTGGCATAGCCACATA,R2,C1
CTGGCATAGCGAGTAA,R1,C5
CTGGCATAGCTAACGA,R2,C1
CTGGCATAGCTCGGTA,R2,C1
CTGGCATAGGAGAACA,R2,C1
CTGGCATAGGTGCGAA,R2,C1
CTGGCATAGTACGCAA,R4,C3
CTGGCATAGTCGTAGA,R4,C3
CTGGCATAGTCTGTCA,R2,C1
CTGGCATAGTGTTCTA,R2,C1
CTGGCATAACATTGGC,R0,C0
CTGGCATATAGGATGA,R2,C1
CTGGCATATATCAGCA,R2,C2
CTGGCATATCCGTCTA,R2,C1
CTGGCATATCTTCACA,R2,C1
CTGGCATATGAAGAGA,R4,C3
CTGGCATATGGAACAA,R2,C1
CTGGCATATGGCTTCA,R4,C3
CTGGCATATGGTGGTA,R4,C3
CTGGCATATTCACGCA,R2,C1
CTGGCATAAACTCACC,R4,C1
CTGGCATACAGATCTG,R1,C3
CTGGCATAAAGAGATC,R4,C1
CTGGCATAAAGGACAC,R4,C2
CTGGCATAAATCCGTC,R2,C1
CTGGCATAAATGTTGC,R3,C6
CTGGCATAACACGACC,R3,C1
CTGGCATAACAGATTC,R2,C1
CTGGCATAAGATGTAC,R2,C1
CTGGCATAAGCACCTC,R3,C1
CTGGCATAAGCCATGC,R2,C1
CTGGCATAAGGCTAAC,R3,C10
CTGGCATACATCAAGT,R0,C4
CTGGCATAATAGCGAC,R9,C11
CTGGCATAATCATTCC,R9,C11
CTGGCATAATTGGCTC,R3,C8
CTGGCATACAAGGAGC,R3,C8
CTGGCATACACCTTAC,R6,C8
CTGGCATACCATCCTC,R3,C8
CTGGCATACCGACAAC,R3,C8
CTGGCATACCTAATCC,R3,C8
CTGGCATACCTCTATC,R10,C8
CTGGCATACGACACAC,R4,C8
CTGGCATACGCTGATC,R1,C2
CTGGCATACGGATTGC,R1,C2
CTGGCATACTAAGGTC,R4,C7
CTGGCATAGAACAGGC,R3,C8
CTGGCATAGACAGTGC,R3,C2
CTGGCATAGAGTTAGC,R5,C3
CTGGCATAGATGAATC,R8,C8
CTGGCATAGCCAAGAC,R7,C7
CTGGCATACGGAAGAA,R6,C6
CTGGCATAGTGACAAG,R4,C7
CTGGCATAGAACCAGA,R3,C3
CTGAGCCAAACGTGAT,R0,C6
CTGAGCCAACAAGCTA,R8,C4
CTGAGCCATTGCTGGA,R6,C2
CTGAGCCACTGTAGCC,R1,C4
CTGAGCCAAGTACAAG,R1,C4
CTGAGCCAAACAACCA,R1,C3
CTGAGCCAAACCGAGA,R1,C0
CTGAGCCAAACGCTTA,R0,C6
CTGAGCCAAAGACGGA,R0,C5
CTGAGCCAAAGGTACA,R1,C6
CTGAGCCAACACAGAA,R0,C0
CTGAGCCAACAGCAGA,R0,C4
CTGAGCCAAAACATCG,R0,C6
CTGAGCCAACCTCCAA,R1,C5
CTGAGCCAACGCTCGA,R0,C0
CTGAGCCAACGTATCA,R4,C0
CTGAGCCAACTATGCA,R0,C5
CTGAGCCAAGAGTCAA,R1,C0
CTGAGCCAAGATCGCA,R0,C0
CTGAGCCAAGCAGGAA,R1,C6
CTGAGCCAAGTCACTA,R6,C0
CTGAGCCAATCCTGTA,R0,C2
CTGAGCCAATTGAGGA,R0,C0
CTGAGCCAATGCCTAA,R0,C2
CTGAGCCACAACCACA,R0,C0
CTGAGCCAGACTAGTA,R1,C2
CTGAGCCACAATGGAA,R4,C3
CTGAGCCACACTTCGA,R4,C2
CTGAGCCACAGCGTTA,R5,C3
CTGAGCCACATACCAA,R1,C1
CTGAGCCACCAGTTCA,R2,C1
CTGAGCCACCGAAGTA,R2,C1
CTGAGCCACCGTGAGA,R2,C1
CTGAGCCACCTCCTGA,R1,C2
CTGAGCCAAGTGGTCA,R1,C5
CTGAGCCACGAACTTA,R1,C1
CTGAGCCACGACTGGA,R2,C1
CTGAGCCACGCATACA,R2,C1
CTGAGCCACTCAATGA,R2,C1
CTGAGCCACTGAGCCA,R2,C1
CTGAGCCACTGGCATA,R2,C1
CTGAGCCAGAATCTGA,R2,C1
CTGAGCCACAAGACTA,R2,C1
CTGAGCCAGAGCTGAA,R2,C1
CTGAGCCAGATAGACA,R4,C7
CTGAGCCAACCACTGT,R0,C4
CTGAGCCAGCCACATA,R4,C1
CTGAGCCAGCGAGTAA,R2,C1
CTGAGCCAGCTAACGA,R2,C1
CTGAGCCAGCTCGGTA,R2,C1
CTGAGCCAGGAGAACA,R4,C3
CTGAGCCAGGTGCGAA,R7,C5
CTGAGCCAGTACGCAA,R2,C1
CTGAGCCAGTCGTAGA,R2,C1
CTGAGCCAGTCTGTCA,R2,C1
CTGAGCCAGTGTTCTA,R2,C1
CTGAGCCAACATTGGC,R0,C0
CTGAGCCATAGGATGA,R2,C5
CTGAGCCATATCAGCA,R1,C5
CTGAGCCATCCGTCTA,R2,C1
CTGAGCCATCTTCACA,R2,C1
CTGAGCCATGAAGAGA,R2,C5
CTGAGCCATGGAACAA,R2,C1
CTGAGCCATGGCTTCA,R4,C6
CTGAGCCATGGTGGTA,R3,C6
CTGAGCCATTCACGCA,R2,C1
CTGAGCCAAACTCACC,R2,C1
CTGAGCCACAGATCTG,R0,C4
CTGAGCCAAAGAGATC,R2,C1
CTGAGCCAAAGGACAC,R4,C1
CTGAGCCAAATCCGTC,R4,C6
CTGAGCCAAATGTTGC,R2,C1
CTGAGCCAACACGACC,R2,C1
CTGAGCCAACAGATTC,R2,C1
CTGAGCCAAGATGTAC,R2,C1
CTGAGCCAAGCACCTC,R2,C1
CTGAGCCAAGCCATGC,R2,C1
CTGAGCCAAGGCTAAC,R3,C11
CTGAGCCACATCAAGT,R0,C4
CTGAGCCAATAGCGAC,R9,C11
CTGAGCCAATCATTCC,R9,C11
CTGAGCCAATTGGCTC,R3,C8
CTGAGCCACAAGGAGC,R3,C5
CTGAGCCACACCTTAC,R3,C8
CTGAGCCACCATCCTC,R3,C8
CTGAGCCACCGACAAC,R3,C8
CTGAGCCACCTAATCC,R6,C6
CTGAGCCACCTCTATC,R10,C8
CTGAGCCACGACACAC,R3,C8
CTGAGCCACGCTGATC,R1,C4
CTGAGCCACGGATTGC,R3,C8
CTGAGCCACTAAGGTC,R3,C7
CTGAGCCAGAACAGGC,R1,C8
CTGAGCCAGACAGTGC,R4,C7
CTGAGCCAGAGTTAGC,R4,C3
CTGAGCCAGATGAATC,R8,C8
CTGAGCCAGCCAAGAC,R0,C8
CTGAGCCACGGAAGAA,R4,C2
CTGAGCCAGTGACAAG,R4,C8
CTGAGCCAGAACCAGA,R7,C8
CTCAATGAAACGTGAT,R1,C5
CTCAATGAACAAGCTA,R1,C0
CTCAATGATTGCTGGA,R3,C8
CTCAATGACTGTAGCC,R1,C4
CTCAATGAAGTACAAG,R1,C4
CTCAATGAAACAACCA,R1,C6
CTCAATGAAACCGAGA,R1,C5
CTCAATGAAACGCTTA,R4,C3
CTCAATGAAAGACGGA,R0,C0
CTCAATGAAAGGTACA,R0,C0
CTCAATGAACACAGAA,R0,C0
CTCAATGAACAGCAGA,R1,C5
CTCAATGAAAACATCG,R0,C0
CTCAATGAACCTCCAA,R0,C0
CTCAATGAACGCTCGA,R0,C0
CTCAATGAACGTATCA,R0,C0
CTCAATGAACTATGCA,R0,C0
CTCAATGAAGAGTCAA,R0,C0
CTCAATGAAGATCGCA,R0,C0
CTCAATGAAGCAGGAA,R3,C2
CTCAATGAAGTCACTA,R0,C3
CTCAATGAATCCTGTA,R8,C2
CTCAATGAATTGAGGA,R0,C6
CTCAATGAATGCCTAA,R10,C2
CTCAATGACAACCACA,R6,C2
CTCAATGAGACTAGTA,R1,C5
CTCAATGACAATGGAA,R0,C2
CTCAATGACACTTCGA,R4,C2
CTCAATGACAGCGTTA,R4,C1
CTCAATGACATACCAA,R2,C1
CTCAATGACCAGTTCA,R4,C1
CTCAATGACCGAAGTA,R2,C1
CTCAATGACCGTGAGA,R4,C2
CTCAATGACCTCCTGA,R2,C1
CTCAATGAAGTGGTCA,R0,C4
CTCAATGACGAACTTA,R2,C1
CTCAATGACGACTGGA,R2,C1
CTCAATGACGCATACA,R2,C1
CTCAATGACTCAATGA,R4,C3
CTCAATGACTGAGCCA,R2,C1
CTCAATGACTGGCATA,R2,C1
CTCAATGAGAATCTGA,R4,C3
CTCAATGACAAGACTA,R2,C1
CTCAATGAGAGCTGAA,R2,C1
CTCAATGAGATAGACA,R2,C10
CTCAATGAACCACTGT,R0,C4
CTCAATGAGCCACATA,R2,C2
CTCAATGAGCGAGTAA,R2,C5
CTCAATGAGCTAACGA,R2,C10
CTCAATGAGCTCGGTA,R2,C1
CTCAATGAGGAGAACA,R4,C6
CTCAATGAGGTGCGAA,R7,C1
CTCAATGAGTACGCAA,R2,C1
CTCAATGAGTCGTAGA,R2,C1
CTCAATGAGTCTGTCA,R2,C1
CTCAATGAGTGTTCTA,R2,C1
CTCAATGAACATTGGC,R0,C4
CTCAATGATAGGATGA,R2,C1
CTCAATGATATCAGCA,R2,C1
CTCAATGATCCGTCTA,R2,C1
CTCAATGATCTTCACA,R4,C2
CTCAATGATGAAGAGA,R5,C3
CTCAATGATGGAACAA,R2,C10
CTCAATGATGGCTTCA,R2,C1
CTCAATGATGGTGGTA,R2,C1
CTCAATGATTCACGCA,R2,C1
CTCAATGAAACTCACC,R2,C1
CTCAATGACAGATCTG,R0,C0
CTCAATGAAAGAGATC,R2,C7
CTCAATGAAAGGACAC,R2,C1
CTCAATGAAATCCGTC,R2,C1
CTCAATGAAATGTTGC,R2,C2
CTCAATGAACACGACC,R5,C3
CTCAATGAACAGATTC,R4,C6
CTCAATGAAGATGTAC,R6,C1
CTCAATGAAGCACCTC,R2,C1
CTCAATGAAGCCATGC,R2,C1
CTCAATGAAGGCTAAC,R2,C1
CTCAATGACATCAAGT,R10,C5
CTCAATGAATAGCGAC,R9,C11
CTCAATGAATCATTCC,R9,C11
CTCAATGAATTGGCTC,R1,C8
CTCAATGACAAGGAGC,R3,C8
CTCAATGACACCTTAC,R4,C3
CTCAATGACCATCCTC,R3,C8
CTCAATGACCGACAAC,R3,C8
CTCAATGACCTAATCC,R4,C3
CTCAATGACCTCTATC,R3,C8
CTCAATGACGACACAC,R3,C2
CTCAATGACGCTGATC,R1,C4
CTCAATGACGGATTGC,R3,C8
CTCAATGACTAAGGTC,R3,C10
CTCAATGAGAACAGGC,R0,C7
CTCAATGAGACAGTGC,R10,C6
CTCAATGAGAGTTAGC,R4,C8
CTCAATGAGATGAATC,R3,C8
CTCAATGAGCCAAGAC,R4,C3
CTCAATGACGGAAGAA,R3,C8
CTCAATGAGTGACAAG,R6,C10
CTCAATGAGAACCAGA,R7,C7
CGCATACAAACGTGAT,R7,C4
CGCATACAACAAGCTA,R0,C4
CGCATACATTGCTGGA,R4,C2
CGCATACACTGTAGCC,R0,C3
CGCATACAAGTACAAG,R0,C10
CGCATACAAACAACCA,R7,C0
CGCATACAAACCGAGA,R1,C5
CGCATACAAACGCTTA,R1,C0
CGCATACAAAGACGGA,R1,C3
CGCATACAAAGGTACA,R0,C4
CGCATACAACACAGAA,R3,C3
CGCATACAACAGCAGA,R0,C0
CGCATACAAAACATCG,R0,C2
CGCATACAACCTCCAA,R0,C0
CGCATACAACGCTCGA,R1,C0
CGCATACAACGTATCA,R0,C2
CGCATACAACTATGCA,R0,C0
CGCATACAAGAGTCAA,R0,C3
CGCATACAAGATCGCA,R6,C0
CGCATACAAGCAGGAA,R0,C0
CGCATACAAGTCACTA,R0,C10
CGCATACAATCCTGTA,R0,C0
CGCATACAATTGAGGA,R0,C6
CGCATACAATGCCTAA,R0,C4
CGCATACACAACCACA,R0,C0
CGCATACAGACTAGTA,R1,C5
CGCATACACAATGGAA,R1,C7
CGCATACACACTTCGA,R4,C2
CGCATACACAGCGTTA,R4,C1
CGCATACACATACCAA,R2,C1
CGCATACACCAGTTCA,R2,C1
CGCATACACCGAAGTA,R2,C7
CGCATACACCGTGAGA,R2,C1
CGCATACACCTCCTGA,R2,C1
CGCATACAAGTGGTCA,R2,C2
CGCATACACGAACTTA,R2,C1
CGCATACACGACTGGA,R2,C1
CGCATACACGCATACA,R4,C3
CGCATACACTCAATGA,R2,C1
CGCATACACTGAGCCA,R6,C1
CGCATACACTGGCATA,R2,C1
CGCATACAGAATCTGA,R2,C1
CGCATACACAAGACTA,R2,C1
CGCATACAGAGCTGAA,R2,C1
CGCATACAGATAGACA,R2,C1
CGCATACAACCACTGT,R0,C4
CGCATACAGCCACATA,R4,C1
CGCATACAGCGAGTAA,R3,C1
CGCATACAGCTAACGA,R2,C1
CGCATACAGCTCGGTA,R2,C1
CGCATACAGGAGAACA,R2,C7
CGCATACAGGTGCGAA,R7,C5
CGCATACAGTACGCAA,R2,C1
CGCATACAGTCGTAGA,R2,C1
CGCATACAGTCTGTCA,R2,C1
CGCATACAGTGTTCTA,R2,C1
CGCATACAACATTGGC,R0,C2
CGCATACATAGGATGA,R2,C1
CGCATACATATCAGCA,R2,C6
CGCATACATCCGTCTA,R2,C1
CGCATACATCTTCACA,R2,C2
CGCATACATGAAGAGA,R2,C1
CGCATACATGGAACAA,R2,C1
CGCATACATGGCTTCA,R2,C1
CGCATACATGGTGGTA,R2,C6
CGCATACATTCACGCA,R4,C1
CGCATACAAACTCACC,R4,C2
CGCATACACAGATCTG,R0,C0
CGCATACAAAGAGATC,R2,C6
CGCATACAAAGGACAC,R2,C1
CGCATACAAATCCGTC,R2,C1
CGCATACAAATGTTGC,R2,C1
CGCATACAACACGACC,R4,C1
CGCATACAACAGATTC,R2,C5
CGCATACAAGATGTAC,R2,C1
CGCATACAAGCACCTC,R4,C3
CGCATACAAGCCATGC,R3,C1
CGCATACAAGGCTAAC,R2,C1
CGCATACACATCAAGT,R1,C2
CGCATACAATAGCGAC,R9,C11
CGCATACAATCATTCC,R3,C11
CGCATACAATTGGCTC,R3,C7
CGCATACACAAGGAGC,R3,C8
CGCATACACACCTTAC,R3,C8
CGCATACACCATCCTC,R3,C8
CGCATACACCGACAAC,R3,C7
CGCATACACCTAATCC,R3,C8
CGCATACACCTCTATC,R3,C8
CGCATACACGACACAC,R3,C8
CGCATACACGCTGATC,R1,C4
CGCATACACGGATTGC,R3,C6
CGCATACACTAAGGTC,R3,C8
CGCATACAGAACAGGC,R8,C8
CGCATACAGACAGTGC,R3,C8
CGCATACAGAGTTAGC,R3,C8
CGCATACAGATGAATC,R3,C2
CGCATACAGCCAAGAC,R1,C8
CGCATACACGGAAGAA,R3,C8
CGCATACAGTGACAAG,R7,C7
CGCATACAGAACCAGA,R3,C8
GCCAAGACTTGCTGGA,R1,C5
GCCAAGACACTATGCA,R1,C2
GCCAAGACAGAGTCAA,R3,C2
GCCAAGACAGATCGCA,R1,C0
GCCAAGACAGCAGGAA,R1,C5
GCCAAGACAGTCACTA,R1,C7
GCCAAGACATCCTGTA,R0,C10
GCCAAGACATTGAGGA,R0,C0
GCCAAGACCAACCACA,R1,C7
GCCAAGACGACTAGTA,R0,C0
GCCAAGACCAATGGAA,R0,C4
GCCAAGACCACTTCGA,R1,C0
GCCAAGACCAGCGTTA,R1,C2
GCCAAGACCATACCAA,R0,C0
GCCAAGACCCAGTTCA,R1,C0
GCCAAGACCCGAAGTA,R0,C4
GCCAAGACCCGTGAGA,R1,C7
GCCAAGACCCTCCTGA,R4,C10
GCCAAGACCGAACTTA,R0,C0
GCCAAGACCGACTGGA,R0,C4
GCCAAGACCGCATACA,R0,C4
GCCAAGACCTCAATGA,R8,C6
GCCAAGACCTGAGCCA,R0,C6
GCCAAGACCTGGCATA,R0,C0
GCCAAGACGAATCTGA,R1,C4
GCCAAGACCAAGACTA,R1,C6
GCCAAGACGAGCTGAA,R0,C3
GCCAAGACGATAGACA,R1,C5
GCCAAGACGCCACATA,R0,C0
GCCAAGACGCGAGTAA,R0,C0
GCCAAGACGCTAACGA,R1,C0
GCCAAGACGCTCGGTA,R0,C0
GCCAAGACGGAGAACA,R1,C0
GCCAAGACGGTGCGAA,R0,C0
GCCAAGACGTACGCAA,R0,C0
GCCAAGACGTCGTAGA,R1,C2
GCCAAGACGTCTGTCA,R0,C0
GCCAAGACGTGTTCTA,R0,C0
GCCAAGACTAGGATGA,R6,C4
GCCAAGACTATCAGCA,R0,C10
GCCAAGACTCCGTCTA,R1,C7
GCCAAGACTCTTCACA,R3,C0
GCCAAGACTGAAGAGA,R1,C4
GCCAAGACTGGAACAA,R0,C0
GCCAAGACTGGCTTCA,R0,C6
GCCAAGACTGGTGGTA,R8,C0
GCCAAGACTTCACGCA,R0,C2
GCCAAGACAACTCACC,R8,C3
GCCAAGACAAGAGATC,R0,C0
GCCAAGACAAGGACAC,R1,C6
GCCAAGACAATCCGTC,R0,C0
GCCAAGACAATGTTGC,R0,C4
GCCAAGACACACGACC,R3,C0
GCCAAGACACAGATTC,R0,C0
GCCAAGACAGATGTAC,R1,C0
GCCAAGACAGCACCTC,R6,C5
GCCAAGACAGCCATGC,R0,C3
GCCAAGACAGGCTAAC,R1,C3
GCCAAGACATAGCGAC,R6,C0
GCCAAGACATCATTCC,R1,C2
GCCAAGACATTGGCTC,R0,C5
GCCAAGACCAAGGAGC,R6,C0
GCCAAGACCACCTTAC,R0,C0
GCCAAGACCCATCCTC,R0,C2
GCCAAGACCCGACAAC,R0,C0
GCCAAGACCCTAATCC,R0,C0
GCCAAGACCCTCTATC,R4,C2
GCCAAGACCGACACAC,R7,C5
GCCAAGACCGGATTGC,R0,C4
GCCAAGACCTAAGGTC,R0,C5
GCCAAGACGAACAGGC,R0,C4
GCCAAGACGACAGTGC,R0,C4
GCCAAGACGAGTTAGC,R6,C5
GCCAAGACGATGAATC,R1,C2
GCCAAGACGCCAAGAC,R8,C5
GCCAAGACCGGAAGAA,R7,C5
GCCAAGACGTGACAAG,R1,C2
GCCAAGACGAACCAGA,R1,C2
CGACTGGAAACGTGAT,R1,C5
CGACTGGAACAAGCTA,R0,C4
CGACTGGATTGCTGGA,R3,C8
CGACTGGACTGTAGCC,R0,C4
CGACTGGAAGTACAAG,R1,C0
CGACTGGAAACAACCA,R3,C0
CGACTGGAAACCGAGA,R1,C2
CGACTGGAAACGCTTA,R10,C5
CGACTGGAAAGACGGA,R1,C3
CGACTGGAAAGGTACA,R0,C0
CGACTGGAACACAGAA,R0,C0
CGACTGGAACAGCAGA,R0,C0
CGACTGGAAAACATCG,R6,C2
CGACTGGAACCTCCAA,R0,C0
CGACTGGAACGCTCGA,R1,C3
CGACTGGAACGTATCA,R0,C0
CGACTGGAACTATGCA,R8,C5
CGACTGGAAGAGTCAA,R8,C2
CGACTGGAAGATCGCA,R0,C7
CGACTGGAAGCAGGAA,R0,C0
CGACTGGAAGTCACTA,R0,C0
CGACTGGAATCCTGTA,R0,C6
CGACTGGAATTGAGGA,R0,C0
CGACTGGAATGCCTAA,R1,C0
CGACTGGACAACCACA,R0,C0
CGACTGGAGACTAGTA,R0,C0
CGACTGGACAATGGAA,R0,C2
CGACTGGACACTTCGA,R4,C6
CGACTGGACAGCGTTA,R3,C3
CGACTGGACATACCAA,R2,C1
CGACTGGACCAGTTCA,R2,C1
CGACTGGACCGAAGTA,R6,C6
CGACTGGACCGTGAGA,R2,C1
CGACTGGACCTCCTGA,R2,C1
CGACTGGAAGTGGTCA,R6,C2
CGACTGGACGAACTTA,R4,C3
CGACTGGACGACTGGA,R2,C7
CGACTGGACGCATACA,R2,C1
CGACTGGACTCAATGA,R8,C3
CGACTGGACTGAGCCA,R2,C1
CGACTGGACTGGCATA,R2,C1
CGACTGGAGAATCTGA,R2,C1
CGACTGGACAAGACTA,R2,C6
CGACTGGAGAGCTGAA,R2,C1
CGACTGGAGATAGACA,R2,C1
CGACTGGAACCACTGT,R0,C4
CGACTGGAGCCACATA,R2,C1
CGACTGGAGCGAGTAA,R2,C3
CGACTGGAGCTAACGA,R2,C5
CGACTGGAGCTCGGTA,R4,C3
CGACTGGAGGAGAACA,R2,C6
CGACTGGAGGTGCGAA,R4,C3
CGACTGGAGTACGCAA,R2,C1
CGACTGGAGTCGTAGA,R2,C6
CGACTGGAGTCTGTCA,R2,C5
CGACTGGAGTGTTCTA,R3,C1
CGACTGGAACATTGGC,R0,C2
CGACTGGATAGGATGA,R2,C1
CGACTGGATATCAGCA,R2,C7
CGACTGGATCCGTCTA,R4,C3
CGACTGGATCTTCACA,R2,C1
CGACTGGATGAAGAGA,R2,C10
CGACTGGATGGAACAA,R2,C1
CGACTGGATGGCTTCA,R4,C1
CGACTGGATGGTGGTA,R4,C3
CGACTGGATTCACGCA,R2,C1
CGACTGGAAACTCACC,R2,C5
CGACTGGACAGATCTG,R0,C4
CGACTGGAAAGAGATC,R2,C1
CGACTGGAAAGGACAC,R2,C1
CGACTGGAAATCCGTC,R2,C6
CGACTGGAAATGTTGC,R2,C1
CGACTGGAACACGACC,R4,C1
CGACTGGAACAGATTC,R2,C1
CGACTGGAAGATGTAC,R4,C7
CGACTGGAAGCACCTC,R2,C9
CGACTGGAAGCCATGC,R2,C1
CGACTGGAAGGCTAAC,R3,C1
CGACTGGACATCAAGT,R1,C4
CGACTGGAATAGCGAC,R9,C11
CGACTGGAATCATTCC,R9,C11
CGACTGGAATTGGCTC,R3,C8
CGACTGGACAAGGAGC,R3,C8
CGACTGGACACCTTAC,R0,C8
CGACTGGACCATCCTC,R3,C8
CGACTGGACCGACAAC,R3,C8
CGACTGGACCTAATCC,R3,C8
CGACTGGACCTCTATC,R3,C8
CGACTGGACGACACAC,R4,C8
CGACTGGACGCTGATC,R6,C4
CGACTGGACGGATTGC,R3,C8
CGACTGGACTAAGGTC,R3,C8
CGACTGGAGAACAGGC,R3,C7
CGACTGGAGACAGTGC,R3,C8
CGACTGGAGAGTTAGC,R3,C8
CGACTGGAGATGAATC,R6,C7
CGACTGGAGCCAAGAC,R3,C5
CGACTGGACGGAAGAA,R6,C5
CGACTGGAGTGACAAG,R3,C8
CGACTGGAGAACCAGA,R3,C8
CGAACTTAAACGTGAT,R1,C2
CGAACTTAACAAGCTA,R10,C4
CGAACTTATTGCTGGA,R6,C2
CGAACTTACTGTAGCC,R1,C4
CGAACTTAAGTACAAG,R1,C10
CGAACTTAAACAACCA,R1,C4
CGAACTTAAACCGAGA,R1,C4
CGAACTTAAACGCTTA,R1,C0
CGAACTTAAAGACGGA,R0,C0
CGAACTTAAAGGTACA,R0,C0
CGAACTTAACACAGAA,R0,C4
CGAACTTAACAGCAGA,R1,C7
CGAACTTAAAACATCG,R3,C10
CGAACTTAACCTCCAA,R6,C0
CGAACTTAACGCTCGA,R0,C0
CGAACTTAACGTATCA,R0,C0
CGAACTTAACTATGCA,R0,C0
CGAACTTAAGAGTCAA,R1,C0
CGAACTTAAGATCGCA,R0,C0
CGAACTTAAGCAGGAA,R0,C0
CGAACTTAAGTCACTA,R0,C0
CGAACTTAATCCTGTA,R0,C0
CGAACTTAATTGAGGA,R0,C0
CGAACTTAATGCCTAA,R0,C5
CGAACTTACAACCACA,R6,C6
CGAACTTAGACTAGTA,R0,C3
CGAACTTACAATGGAA,R4,C3
CGAACTTACACTTCGA,R4,C3
CGAACTTACAGCGTTA,R3,C3
CGAACTTACATACCAA,R2,C1
CGAACTTACCAGTTCA,R2,C1
CGAACTTACCGAAGTA,R2,C1
CGAACTTACCGTGAGA,R2,C1
CGAACTTACCTCCTGA,R2,C1
CGAACTTAAGTGGTCA,R0,C6
CGAACTTACGAACTTA,R2,C1
CGAACTTACGACTGGA,R2,C3
CGAACTTACGCATACA,R6,C5
CGAACTTACTCAATGA,R2,C1
CGAACTTACTGAGCCA,R2,C7
CGAACTTACTGGCATA,R6,C1
CGAACTTAGAATCTGA,R2,C1
CGAACTTACAAGACTA,R2,C6
CGAACTTAGAGCTGAA,R2,C1
CGAACTTAGATAGACA,R2,C1
CGAACTTAACCACTGT,R0,C4
CGAACTTAGCCACATA,R2,C1
CGAACTTAGCGAGTAA,R2,C1
CGAACTTAGCTAACGA,R5,C2
CGAACTTAGCTCGGTA,R2,C1
CGAACTTAGGAGAACA,R2,C1
CGAACTTAGGTGCGAA,R2,C1
CGAACTTAGTACGCAA,R2,C1
CGAACTTAGTCGTAGA,R2,C1
CGAACTTAGTCTGTCA,R2,C1
CGAACTTAGTGTTCTA,R2,C1
CGAACTTAACATTGGC,R0,C4
CGAACTTATAGGATGA,R2,C1
CGAACTTATATCAGCA,R2,C1
CGAACTTATCCGTCTA,R2,C1
CGAACTTATCTTCACA,R2,C6
CGAACTTATGAAGAGA,R3,C1
CGAACTTATGGAACAA,R2,C1
CGAACTTATGGCTTCA,R2,C1
CGAACTTATGGTGGTA,R4,C2
CGAACTTATTCACGCA,R4,C1
CGAACTTAAACTCACC,R5,C3
CGAACTTACAGATCTG,R6,C4
CGAACTTAAAGAGATC,R2,C1
CGAACTTAAAGGACAC,R2,C1
CGAACTTAAATCCGTC,R2,C1
CGAACTTAAATGTTGC,R2,C1
CGAACTTAACACGACC,R2,C1
CGAACTTAACAGATTC,R2,C5
CGAACTTAAGATGTAC,R2,C1
CGAACTTAAGCACCTC,R3,C1
CGAACTTAAGCCATGC,R3,C1
CGAACTTAAGGCTAAC,R3,C7
CGAACTTACATCAAGT,R1,C5
CGAACTTAATAGCGAC,R9,C11
CGAACTTAATCATTCC,R3,C8
CGAACTTAATTGGCTC,R3,C8
CGAACTTACAAGGAGC,R3,C8
CGAACTTACACCTTAC,R3,C8
CGAACTTACCATCCTC,R3,C8
CGAACTTACCGACAAC,R3,C8
CGAACTTACCTAATCC,R3,C8
CGAACTTACCTCTATC,R3,C8
CGAACTTACGACACAC,R6,C5
CGAACTTACGCTGATC,R1,C4
CGAACTTACGGATTGC,R3,C8
CGAACTTACTAAGGTC,R3,C10
CGAACTTAGAACAGGC,R3,C7
CGAACTTAGACAGTGC,R0,C8
CGAACTTAGAGTTAGC,R3,C8
CGAACTTAGATGAATC,R3,C8
CGAACTTAGCCAAGAC,R4,C5
CGAACTTACGGAAGAA,R3,C8
CGAACTTAGTGACAAG,R0,C8
CGAACTTAGAACCAGA,R3,C3
CCTCCTGAAACGTGAT,R6,C7
CCTCCTGAACAAGCTA,R0,C4
CCTCCTGATTGCTGGA,R3,C8
CCTCCTGACTGTAGCC,R0,C4
CCTCCTGAAGTACAAG,R1,C4
CCTCCTGAAACAACCA,R1,C2
CCTCCTGAAACCGAGA,R1,C2
CCTCCTGAAACGCTTA,R1,C6
CCTCCTGAAAGACGGA,R0,C0
CCTCCTGAAAGGTACA,R0,C0
CCTCCTGAACACAGAA,R0,C0
CCTCCTGAACAGCAGA,R1,C3
CCTCCTGAAAACATCG,R0,C0
CCTCCTGAACCTCCAA,R0,C0
CCTCCTGAACGCTCGA,R0,C0
CCTCCTGAACGTATCA,R0,C0
CCTCCTGAACTATGCA,R0,C0
CCTCCTGAAGAGTCAA,R0,C2
CCTCCTGAAGATCGCA,R0,C0
CCTCCTGAAGCAGGAA,R0,C0
CCTCCTGAAGTCACTA,R0,C0
CCTCCTGAATCCTGTA,R8,C0
CCTCCTGAATTGAGGA,R0,C0
CCTCCTGAATGCCTAA,R6,C5
CCTCCTGACAACCACA,R0,C0
CCTCCTGAGACTAGTA,R1,C0
CCTCCTGACAATGGAA,R1,C2
CCTCCTGACACTTCGA,R4,C3
CCTCCTGACAGCGTTA,R4,C2
CCTCCTGACATACCAA,R2,C1
CCTCCTGACCAGTTCA,R2,C0
CCTCCTGACCGAAGTA,R4,C1
CCTCCTGACCGTGAGA,R2,C1
CCTCCTGACCTCCTGA,R2,C1
CCTCCTGAAGTGGTCA,R0,C4
CCTCCTGACGAACTTA,R2,C1
CCTCCTGACGACTGGA,R2,C1
CCTCCTGACGCATACA,R2,C5
CCTCCTGACTCAATGA,R2,C6
CCTCCTGACTGAGCCA,R2,C1
CCTCCTGACTGGCATA,R2,C1
CCTCCTGAGAATCTGA,R2,C1
CCTCCTGACAAGACTA,R2,C1
CCTCCTGAGAGCTGAA,R2,C1
CCTCCTGAGATAGACA,R1,C1
CCTCCTGAACCACTGT,R1,C7
CCTCCTGAGCCACATA,R2,C1
CCTCCTGAGCGAGTAA,R2,C1
CCTCCTGAGCTAACGA,R2,C6
CCTCCTGAGCTCGGTA,R2,C1
CCTCCTGAGGAGAACA,R2,C1
CCTCCTGAGGTGCGAA,R2,C1
CCTCCTGAGTACGCAA,R2,C1
CCTCCTGAGTCGTAGA,R2,C1
CCTCCTGAGTCTGTCA,R2,C10
CCTCCTGAGTGTTCTA,R2,C1
CCTCCTGAACATTGGC,R1,C6
CCTCCTGATAGGATGA,R2,C1
CCTCCTGATATCAGCA,R4,C2
CCTCCTGATCCGTCTA,R2,C1
CCTCCTGATCTTCACA,R2,C1
CCTCCTGATGAAGAGA,R2,C1
CCTCCTGATGGAACAA,R2,C1
CCTCCTGATGGCTTCA,R2,C1
CCTCCTGATGGTGGTA,R4,C7
CCTCCTGATTCACGCA,R2,C1
CCTCCTGAAACTCACC,R4,C3
CCTCCTGACAGATCTG,R1,C5
CCTCCTGAAAGAGATC,R2,C2
CCTCCTGAAAGGACAC,R4,C2
CCTCCTGAAATCCGTC,R4,C5
CCTCCTGAAATGTTGC,R4,C5
CCTCCTGAACACGACC,R2,C5
CCTCCTGAACAGATTC,R2,C1
CCTCCTGAAGATGTAC,R4,C7
CCTCCTGAAGCACCTC,R3,C1
CCTCCTGAAGCCATGC,R3,C6
CCTCCTGAAGGCTAAC,R9,C11
CCTCCTGACATCAAGT,R0,C4
CCTCCTGAATAGCGAC,R9,C11
CCTCCTGAATCATTCC,R9,C8
CCTCCTGAATTGGCTC,R3,C8
CCTCCTGACAAGGAGC,R3,C7
CCTCCTGACACCTTAC,R3,C10
CCTCCTGACCATCCTC,R3,C6
CCTCCTGACCGACAAC,R3,C8
CCTCCTGACCTAATCC,R8,C8
CCTCCTGACCTCTATC,R1,C8
CCTCCTGACGACACAC,R3,C10
CCTCCTGACGCTGATC,R1,C4
CCTCCTGACGGATTGC,R4,C7
CCTCCTGACTAAGGTC,R3,C8
CCTCCTGAGAACAGGC,R0,C8
CCTCCTGAGACAGTGC,R3,C0
CCTCCTGAGAGTTAGC,R3,C8
CCTCCTGAGATGAATC,R3,C8
CCTCCTGAGCCAAGAC,R3,C8
CCTCCTGACGGAAGAA,R3,C8
CCTCCTGAGTGACAAG,R8,C8
CCTCCTGAGAACCAGA,R3,C8
CCGTGAGAAACGTGAT,R6,C7
CCGTGAGAACAAGCTA,R6,C4
CCGTGAGATTGCTGGA,R1,C7
CCGTGAGACTGTAGCC,R0,C4
CCGTGAGAAGTACAAG,R1,C4
CCGTGAGAAACAACCA,R1,C0
CCGTGAGAAACCGAGA,R8,C6
CCGTGAGAAACGCTTA,R1,C0
CCGTGAGAAAGACGGA,R0,C0
CCGTGAGAAAGGTACA,R1,C0
CCGTGAGAACACAGAA,R1,C6
CCGTGAGAACAGCAGA,R0,C0
CCGTGAGAAAACATCG,R1,C0
CCGTGAGAACCTCCAA,R0,C0
CCGTGAGAACGCTCGA,R0,C0
CCGTGAGAACGTATCA,R0,C0
CCGTGAGAACTATGCA,R0,C0
CCGTGAGAAGAGTCAA,R0,C0
CCGTGAGAAGATCGCA,R0,C0
CCGTGAGAAGCAGGAA,R0,C0
CCGTGAGAAGTCACTA,R0,C7
CCGTGAGAATCCTGTA,R0,C0
CCGTGAGAATTGAGGA,R0,C0
CCGTGAGAATGCCTAA,R0,C2
CCGTGAGACAACCACA,R0,C0
CCGTGAGAGACTAGTA,R0,C0
CCGTGAGACAATGGAA,R1,C3
CCGTGAGACACTTCGA,R0,C0
CCGTGAGACAGCGTTA,R4,C6
CCGTGAGACATACCAA,R4,C3
CCGTGAGACCAGTTCA,R2,C1
CCGTGAGACCGAAGTA,R2,C1
CCGTGAGACCGTGAGA,R2,C1
CCGTGAGACCTCCTGA,R2,C1
CCGTGAGAAGTGGTCA,R1,C6
CCGTGAGACGAACTTA,R2,C1
CCGTGAGACGACTGGA,R2,C1
CCGTGAGACGCATACA,R2,C1
CCGTGAGACTCAATGA,R2,C0
CCGTGAGACTGAGCCA,R2,C1
CCGTGAGACTGGCATA,R2,C10
CCGTGAGAGAATCTGA,R2,C1
CCGTGAGACAAGACTA,R2,C1
CCGTGAGAGAGCTGAA,R2,C5
CCGTGAGAGATAGACA,R2,C1
CCGTGAGAACCACTGT,R0,C4
CCGTGAGAGCCACATA,R2,C1
CCGTGAGAGCGAGTAA,R2,C1
CCGTGAGAGCTAACGA,R2,C1
CCGTGAGAGCTCGGTA,R2,C1
CCGTGAGAGGAGAACA,R2,C1
CCGTGAGAGGTGCGAA,R2,C1
CCGTGAGAGTACGCAA,R2,C1
CCGTGAGAGTCGTAGA,R2,C1
CCGTGAGAGTCTGTCA,R2,C1
CCGTGAGAGTGTTCTA,R2,C1
CCGTGAGAACATTGGC,R0,C4
CCGTGAGATAGGATGA,R2,C1
CCGTGAGATATCAGCA,R2,C5
CCGTGAGATCCGTCTA,R4,C3
CCGTGAGATCTTCACA,R4,C2
CCGTGAGATGAAGAGA,R2,C1
CCGTGAGATGGAACAA,R2,C1
CCGTGAGATGGCTTCA,R2,C1
CCGTGAGATGGTGGTA,R2,C1
CCGTGAGATTCACGCA,R2,C6
CCGTGAGAAACTCACC,R3,C1
CCGTGAGACAGATCTG,R6,C2
CCGTGAGAAAGAGATC,R3,C1
CCGTGAGAAAGGACAC,R2,C3
CCGTGAGAAATCCGTC,R4,C1
CCGTGAGAAATGTTGC,R4,C10
CCGTGAGAACACGACC,R4,C2
CCGTGAGAACAGATTC,R2,C1
CCGTGAGAAGATGTAC,R2,C1
CCGTGAGAAGCACCTC,R4,C2
CCGTGAGAAGCCATGC,R3,C1
CCGTGAGAAGGCTAAC,R3,C11
CCGTGAGACATCAAGT,R1,C5
CCGTGAGAATAGCGAC,R9,C11
CCGTGAGAATCATTCC,R9,C11
CCGTGAGAATTGGCTC,R3,C8
CCGTGAGACAAGGAGC,R6,C8
CCGTGAGACACCTTAC,R3,C8
CCGTGAGACCATCCTC,R3,C8
CCGTGAGACCGACAAC,R3,C7
CCGTGAGACCTAATCC,R3,C8
CCGTGAGACCTCTATC,R3,C8
CCGTGAGACGACACAC,R3,C6
CCGTGAGACGCTGATC,R0,C4
CCGTGAGACGGATTGC,R3,C7
CCGTGAGACTAAGGTC,R8,C8
CCGTGAGAGAACAGGC,R1,C8
CCGTGAGAGACAGTGC,R3,C7
CCGTGAGAGAGTTAGC,R4,C3
CCGTGAGAGATGAATC,R6,C0
CCGTGAGAGCCAAGAC,R3,C8
CCGTGAGACGGAAGAA,R3,C8
CCGTGAGAGTGACAAG,R3,C8
CCGTGAGAGAACCAGA,R3,C8
CCGAAGTAAACGTGAT,R7,C0
CCGAAGTAACAAGCTA,R0,C4
CCGAAGTATTGCTGGA,R1,C8
CCGAAGTACTGTAGCC,R0,C4
CCGAAGTAAGTACAAG,R0,C0
CCGAAGTAAACAACCA,R8,C5
CCGAAGTAAACCGAGA,R1,C2
CCGAAGTAAACGCTTA,R0,C0
CCGAAGTAAAGACGGA,R0,C0
CCGAAGTAAAGGTACA,R6,C2
CCGAAGTAACACAGAA,R1,C7
CCGAAGTAACAGCAGA,R0,C0
CCGAAGTAAAACATCG,R1,C2
CCGAAGTAACCTCCAA,R1,C2
CCGAAGTAACGCTCGA,R7,C5
CCGAAGTAACGTATCA,R0,C0
CCGAAGTAACTATGCA,R0,C0
CCGAAGTAAGAGTCAA,R1,C2
CCGAAGTAAGATCGCA,R0,C3
CCGAAGTAAGCAGGAA,R0,C0
CCGAAGTAAGTCACTA,R0,C0
CCGAAGTAATCCTGTA,R0,C0
CCGAAGTAATTGAGGA,R0,C0
CCGAAGTAATGCCTAA,R0,C5
CCGAAGTACAACCACA,R0,C5
CCGAAGTAGACTAGTA,R0,C0
CCGAAGTACAATGGAA,R6,C2
CCGAAGTACACTTCGA,R4,C2
CCGAAGTACAGCGTTA,R4,C3
CCGAAGTACATACCAA,R2,C1
CCGAAGTACCAGTTCA,R2,C1
CCGAAGTACCGAAGTA,R10,C7
CCGAAGTACCGTGAGA,R2,C1
CCGAAGTACCTCCTGA,R2,C5
CCGAAGTAAGTGGTCA,R6,C5
CCGAAGTACGAACTTA,R2,C1
CCGAAGTACGACTGGA,R2,C1
CCGAAGTACGCATACA,R3,C1
CCGAAGTACTCAATGA,R2,C1
CCGAAGTACTGAGCCA,R2,C1
CCGAAGTACTGGCATA,R2,C1
CCGAAGTAGAATCTGA,R2,C7
CCGAAGTACAAGACTA,R2,C5
CCGAAGTAGAGCTGAA,R2,C1
CCGAAGTAGATAGACA,R2,C6
CCGAAGTAACCACTGT,R6,C4
CCGAAGTAGCCACATA,R2,C1
CCGAAGTAGCGAGTAA,R2,C1
CCGAAGTAGCTAACGA,R2,C1
CCGAAGTAGCTCGGTA,R2,C1
CCGAAGTAGGAGAACA,R2,C6
CCGAAGTAGGTGCGAA,R1,C2
CCGAAGTAGTACGCAA,R6,C1
CCGAAGTAGTCGTAGA,R2,C1
CCGAAGTAGTCTGTCA,R2,C1
CCGAAGTAGTGTTCTA,R2,C2
CCGAAGTAACATTGGC,R0,C4
CCGAAGTATAGGATGA,R2,C1
CCGAAGTATATCAGCA,R3,C1
CCGAAGTATCCGTCTA,R2,C1
CCGAAGTATCTTCACA,R2,C7
CCGAAGTATGAAGAGA,R2,C1
CCGAAGTATGGAACAA,R2,C1
CCGAAGTATGGCTTCA,R2,C1
CCGAAGTATGGTGGTA,R2,C1
CCGAAGTATTCACGCA,R2,C1
CCGAAGTAAACTCACC,R2,C1
CCGAAGTACAGATCTG,R0,C4
CCGAAGTAAAGAGATC,R2,C1
CCGAAGTAAAGGACAC,R2,C5
CCGAAGTAAATCCGTC,R2,C1
CCGAAGTAAATGTTGC,R2,C5
CCGAAGTAACACGACC,R2,C1
CCGAAGTAACAGATTC,R6,C1
CCGAAGTAAGATGTAC,R2,C1
CCGAAGTAAGCACCTC,R3,C1
CCGAAGTAAGCCATGC,R3,C1
CCGAAGTAAGGCTAAC,R9,C11
CCGAAGTACATCAAGT,R0,C4
CCGAAGTAATAGCGAC,R9,C11
CCGAAGTAATCATTCC,R9,C11
CCGAAGTAATTGGCTC,R3,C8
CCGAAGTACAAGGAGC,R3,C8
CCGAAGTACACCTTAC,R3,C7
CCGAAGTACCATCCTC,R3,C8
CCGAAGTACCGACAAC,R3,C8
CCGAAGTACCTAATCC,R10,C8
CCGAAGTACCTCTATC,R3,C8
CCGAAGTACGACACAC,R1,C8
CCGAAGTACGCTGATC,R7,C5
CCGAAGTACGGATTGC,R0,C8
CCGAAGTACTAAGGTC,R3,C8
CCGAAGTAGAACAGGC,R4,C10
CCGAAGTAGACAGTGC,R3,C2
CCGAAGTAGAGTTAGC,R1,C6
CCGAAGTAGATGAATC,R3,C8
CCGAAGTAGCCAAGAC,R3,C8
CCGAAGTACGGAAGAA,R0,C8
CCGAAGTAGTGACAAG,R3,C6
CCGAAGTAGAACCAGA,R8,C3
CCAGTTCAAACGTGAT,R10,C2
CCAGTTCAACAAGCTA,R1,C0
CCAGTTCATTGCTGGA,R3,C2
CCAGTTCACTGTAGCC,R0,C4
CCAGTTCAAGTACAAG,R0,C0
CCAGTTCAAACAACCA,R0,C4
CCAGTTCAAACCGAGA,R0,C2
CCAGTTCAAACGCTTA,R1,C2
CCAGTTCAAAGACGGA,R0,C0
CCAGTTCAAAGGTACA,R0,C0
CCAGTTCAACACAGAA,R0,C0
CCAGTTCAACAGCAGA,R1,C0
CCAGTTCAAAACATCG,R1,C5
CCAGTTCAACCTCCAA,R0,C0
CCAGTTCAACGCTCGA,R8,C0
CCAGTTCAACGTATCA,R10,C10
CCAGTTCAACTATGCA,R0,C0
CCAGTTCAAGAGTCAA,R6,C2
CCAGTTCAAGATCGCA,R0,C0
CCAGTTCAAGCAGGAA,R4,C3
CCAGTTCAAGTCACTA,R4,C3
CCAGTTCAATCCTGTA,R0,C0
CCAGTTCAATTGAGGA,R7,C5
CCAGTTCAATGCCTAA,R1,C5
CCAGTTCACAACCACA,R0,C2
CCAGTTCAGACTAGTA,R0,C0
CCAGTTCACAATGGAA,R8,C3
CCAGTTCACACTTCGA,R4,C3
CCAGTTCACAGCGTTA,R1,C2
CCAGTTCACATACCAA,R2,C6
CCAGTTCACCAGTTCA,R2,C1
CCAGTTCACCGAAGTA,R2,C1
CCAGTTCACCGTGAGA,R1,C2
CCAGTTCACCTCCTGA,R2,C1
CCAGTTCAAGTGGTCA,R0,C4
CCAGTTCACGAACTTA,R3,C3
CCAGTTCACGACTGGA,R2,C1
CCAGTTCACGCATACA,R2,C1
CCAGTTCACTCAATGA,R2,C1
CCAGTTCACTGAGCCA,R2,C1
CCAGTTCACTGGCATA,R7,C5
CCAGTTCAGAATCTGA,R2,C1
CCAGTTCACAAGACTA,R2,C1
CCAGTTCAGAGCTGAA,R2,C1
CCAGTTCAGATAGACA,R2,C1
CCAGTTCAACCACTGT,R0,C4
CCAGTTCAGCCACATA,R2,C1
CCAGTTCAGCGAGTAA,R2,C1
CCAGTTCAGCTAACGA,R2,C6
CCAGTTCAGCTCGGTA,R2,C1
CCAGTTCAGGAGAACA,R2,C1
CCAGTTCAGGTGCGAA,R2,C1
CCAGTTCAGTACGCAA,R2,C7
CCAGTTCAGTCGTAGA,R2,C1
CCAGTTCAGTCTGTCA,R2,C1
CCAGTTCAGTGTTCTA,R3,C1
CCAGTTCAACATTGGC,R0,C4
CCAGTTCATAGGATGA,R2,C1
CCAGTTCATATCAGCA,R2,C1
CCAGTTCATCCGTCTA,R2,C1
CCAGTTCATCTTCACA,R2,C1
CCAGTTCATGAAGAGA,R2,C5
CCAGTTCATGGAACAA,R2,C1
CCAGTTCATGGCTTCA,R2,C10
CCAGTTCATGGTGGTA,R4,C5
CCAGTTCATTCACGCA,R2,C1
CCAGTTCAAACTCACC,R2,C1
CCAGTTCACAGATCTG,R0,C0
CCAGTTCAAAGAGATC,R2,C1
CCAGTTCAAAGGACAC,R2,C1
CCAGTTCAAATCCGTC,R2,C2
CCAGTTCAAATGTTGC,R3,C2
CCAGTTCAACACGACC,R2,C1
CCAGTTCAACAGATTC,R2,C1
CCAGTTCAAGATGTAC,R3,C1
CCAGTTCAAGCACCTC,R2,C1
CCAGTTCAAGCCATGC,R3,C11
CCAGTTCAAGGCTAAC,R9,C11
CCAGTTCACATCAAGT,R0,C0
CCAGTTCAATAGCGAC,R9,C11
CCAGTTCAATCATTCC,R9,C11
CCAGTTCAATTGGCTC,R3,C8
CCAGTTCACAAGGAGC,R3,C8
CCAGTTCACACCTTAC,R3,C8
CCAGTTCACCATCCTC,R3,C8
CCAGTTCACCGACAAC,R6,C8
CCAGTTCACCTAATCC,R3,C8
CCAGTTCACCTCTATC,R3,C8
CCAGTTCACGACACAC,R3,C8
CCAGTTCACGCTGATC,R6,C0
CCAGTTCACGGATTGC,R3,C8
CCAGTTCACTAAGGTC,R4,C8
CCAGTTCAGAACAGGC,R3,C8
CCAGTTCAGACAGTGC,R3,C8
CCAGTTCAGAGTTAGC,R3,C8
CCAGTTCAGATGAATC,R3,C8
CCAGTTCAGCCAAGAC,R3,C8
CCAGTTCACGGAAGAA,R6,C6
CCAGTTCAGTGACAAG,R0,C8
CCAGTTCAGAACCAGA,R3,C5
CATACCAAAACGTGAT,R7,C2
CATACCAAACAAGCTA,R0,C0
CATACCAATTGCTGGA,R4,C3
CATACCAACTGTAGCC,R6,C7
CATACCAAAGTACAAG,R3,C4
CATACCAAAACAACCA,R0,C0
CATACCAAAACCGAGA,R0,C6
CATACCAAAACGCTTA,R1,C0
CATACCAAAAGACGGA,R0,C4
CATACCAAAAGGTACA,R0,C0
CATACCAAACACAGAA,R6,C7
CATACCAAACAGCAGA,R7,C7
CATACCAAAAACATCG,R7,C5
CATACCAAACCTCCAA,R0,C6
CATACCAAACGCTCGA,R0,C0
CATACCAAACGTATCA,R0,C0
CATACCAAACTATGCA,R1,C6
CATACCAAAGAGTCAA,R0,C5
CATACCAAAGATCGCA,R0,C2
CATACCAAAGCAGGAA,R0,C0
CATACCAAAGTCACTA,R8,C5
CATACCAAATCCTGTA,R0,C0
CATACCAAATTGAGGA,R0,C0
CATACCAAATGCCTAA,R6,C5
CATACCAACAACCACA,R0,C0
CATACCAAGACTAGTA,R3,C7
CATACCAACAATGGAA,R0,C0
CATACCAACACTTCGA,R1,C6
CATACCAACAGCGTTA,R4,C3
CATACCAACATACCAA,R2,C5
CATACCAACCAGTTCA,R2,C1
CATACCAACCGAAGTA,R2,C1
CATACCAACCGTGAGA,R2,C7
CATACCAACCTCCTGA,R1,C2
CATACCAAAGTGGTCA,R0,C2
CATACCAACGAACTTA,R2,C1
CATACCAACGACTGGA,R2,C1
CATACCAACGCATACA,R2,C1
CATACCAACTCAATGA,R2,C2
CATACCAACTGAGCCA,R4,C1
CATACCAACTGGCATA,R2,C10
CATACCAAGAATCTGA,R4,C1
CATACCAACAAGACTA,R7,C6
CATACCAAGAGCTGAA,R2,C5
CATACCAAGATAGACA,R2,C1
CATACCAAACCACTGT,R0,C0
CATACCAAGCCACATA,R2,C1
CATACCAAGCGAGTAA,R2,C1
CATACCAAGCTAACGA,R2,C1
CATACCAAGCTCGGTA,R2,C1
CATACCAAGGAGAACA,R2,C1
CATACCAAGGTGCGAA,R2,C1
CATACCAAGTACGCAA,R2,C3
CATACCAAGTCGTAGA,R4,C2
CATACCAAGTCTGTCA,R2,C1
CATACCAAGTGTTCTA,R2,C1
CATACCAAACATTGGC,R0,C4
CATACCAATAGGATGA,R2,C1
CATACCAATATCAGCA,R3,C1
CATACCAATCCGTCTA,R2,C6
CATACCAATCTTCACA,R2,C1
CATACCAATGAAGAGA,R2,C1
CATACCAATGGAACAA,R2,C6
CATACCAATGGCTTCA,R3,C1
CATACCAATGGTGGTA,R2,C1
CATACCAATTCACGCA,R2,C2
CATACCAAAACTCACC,R4,C1
CATACCAACAGATCTG,R8,C4
CATACCAAAAGAGATC,R2,C1
CATACCAAAAGGACAC,R2,C6
CATACCAAAATCCGTC,R2,C1
CATACCAAAATGTTGC,R4,C3
CATACCAAACACGACC,R4,C1
CATACCAAACAGATTC,R4,C6
CATACCAAAGATGTAC,R2,C1
CATACCAAAGCACCTC,R3,C6
CATACCAAAGCCATGC,R3,C11
CATACCAAAGGCTAAC,R3,C11
CATACCAACATCAAGT,R0,C4
CATACCAAATAGCGAC,R9,C11
CATACCAAATCATTCC,R9,C11
CATACCAAATTGGCTC,R3,C8
CATACCAACAAGGAGC,R3,C11
CATACCAACACCTTAC,R3,C8
CATACCAACCATCCTC,R3,C8
CATACCAACCGACAAC,R3,C8
CATACCAACCTAATCC,R3,C2
CATACCAACCTCTATC,R3,C2
CATACCAACGACACAC,R3,C8
CATACCAACGCTGATC,R1,C6
CATACCAACGGATTGC,R3,C7
CATACCAACTAAGGTC,R3,C8
CATACCAAGAACAGGC,R0,C8
CATACCAAGACAGTGC,R0,C8
CATACCAAGAGTTAGC,R3,C8
CATACCAAGATGAATC,R3,C8
CATACCAAGCCAAGAC,R4,C3
CATACCAACGGAAGAA,R4,C3
CATACCAAGTGACAAG,R1,C2
CATACCAAGAACCAGA,R2,C8
CAGCGTTAACAAGCTA,R0,C4
CAGCGTTATTGCTGGA,R4,C5
CAGCGTTACTGTAGCC,R0,C4
CAGCGTTAAGTACAAG,R1,C4
CAGCGTTAAACAACCA,R0,C0
CAGCGTTAAACCGAGA,R1,C0
CAGCGTTAAACGCTTA,R0,C2
CAGCGTTAAAGACGGA,R0,C0
CAGCGTTAAAGGTACA,R0,C6
CAGCGTTAACACAGAA,R0,C2
CAGCGTTAACAGCAGA,R0,C2
CAGCGTTAAAACATCG,R7,C2
CAGCGTTAACCTCCAA,R10,C2
CAGCGTTAACGCTCGA,R0,C0
CAGCGTTAACGTATCA,R6,C0
CAGCGTTAACTATGCA,R0,C0
CAGCGTTAAGAGTCAA,R1,C2
CAGCGTTAAGATCGCA,R0,C3
CAGCGTTAAGCAGGAA,R0,C2
CAGCGTTAAGTCACTA,R0,C0
CAGCGTTAATCCTGTA,R0,C0
CAGCGTTAATTGAGGA,R1,C2
CAGCGTTAATGCCTAA,R7,C5
CAGCGTTACAACCACA,R0,C3
CAGCGTTAGACTAGTA,R0,C0
CAGCGTTACAATGGAA,R0,C2
CAGCGTTACACTTCGA,R1,C3
CAGCGTTACAGCGTTA,R8,C3
CAGCGTTACATACCAA,R2,C1
CAGCGTTACCAGTTCA,R2,C3
CAGCGTTACCGAAGTA,R2,C1
CAGCGTTACCGTGAGA,R2,C1
CAGCGTTACCTCCTGA,R2,C2
CAGCGTTAAGTGGTCA,R0,C2
CAGCGTTACGAACTTA,R2,C1
CAGCGTTACGACTGGA,R2,C1
CAGCGTTACGCATACA,R2,C1
CAGCGTTACTCAATGA,R2,C1
CAGCGTTACTGAGCCA,R2,C1
CAGCGTTACTGGCATA,R2,C1
CAGCGTTAGAATCTGA,R2,C5
CAGCGTTACAAGACTA,R2,C1
CAGCGTTAGAGCTGAA,R2,C1
CAGCGTTAGATAGACA,R2,C5
CAGCGTTAACCACTGT,R0,C0
CAGCGTTAGCCACATA,R2,C1
CAGCGTTAGCGAGTAA,R2,C3
CAGCGTTAGCTAACGA,R2,C1
CAGCGTTAGCTCGGTA,R2,C1
CAGCGTTAGGAGAACA,R3,C5
CAGCGTTAGGTGCGAA,R2,C1
CAGCGTTAGTACGCAA,R2,C1
CAGCGTTAGTCGTAGA,R2,C1
CAGCGTTAGTCTGTCA,R2,C1
CAGCGTTAGTGTTCTA,R2,C1
CAGCGTTAACATTGGC,R6,C10
CAGCGTTATAGGATGA,R2,C1
CAGCGTTATATCAGCA,R2,C1
CAGCGTTATCCGTCTA,R2,C1
CAGCGTTATCTTCACA,R2,C2
CAGCGTTATGAAGAGA,R1,C1
CAGCGTTATGGAACAA,R2,C10
CAGCGTTATGGCTTCA,R2,C1
CAGCGTTATGGTGGTA,R2,C1
CAGCGTTATTCACGCA,R2,C1
CAGCGTTAAACTCACC,R4,C1
CAGCGTTACAGATCTG,R0,C4
CAGCGTTAAAGAGATC,R4,C3
CAGCGTTAAAGGACAC,R2,C6
CAGCGTTAAATCCGTC,R4,C1
CAGCGTTAAATGTTGC,R4,C3
CAGCGTTAACACGACC,R4,C1
CAGCGTTAACAGATTC,R3,C10
CAGCGTTAAGATGTAC,R4,C2
CAGCGTTAAGCACCTC,R3,C1
CAGCGTTAAGCCATGC,R3,C11
CAGCGTTAAGGCTAAC,R3,C11
CAGCGTTACATCAAGT,R0,C6
CAGCGTTAATAGCGAC,R9,C11
CAGCGTTAATCATTCC,R9,C11
CAGCGTTAATTGGCTC,R3,C8
CAGCGTTACAAGGAGC,R3,C8
CAGCGTTACACCTTAC,R3,C8
CAGCGTTACCATCCTC,R6,C8
CAGCGTTACCGACAAC,R3,C10
CAGCGTTACCTAATCC,R1,C2
CAGCGTTACCTCTATC,R4,C3
CAGCGTTACGACACAC,R7,C3
CAGCGTTACGCTGATC,R1,C2
CAGCGTTACGGATTGC,R3,C8
CAGCGTTACTAAGGTC,R3,C8
CAGCGTTAGAACAGGC,R3,C8
CAGCGTTAGACAGTGC,R3,C2
CAGCGTTAGAGTTAGC,R3,C8
CAGCGTTAGATGAATC,R4,C3
CAGCGTTAGCCAAGAC,R3,C8
CAGCGTTACGGAAGAA,R6,C2
CAGCGTTAGTGACAAG,R3,C2
CAGCGTTAGAACCAGA,R3,C7
CACTTCGAACAAGCTA,R0,C4
CACTTCGATTGCTGGA,R3,C2
CACTTCGACTGTAGCC,R0,C4
CACTTCGAAGTACAAG,R0,C4
CACTTCGAAACAACCA,R1,C2
CACTTCGAAACCGAGA,R0,C0
CACTTCGAAACGCTTA,R0,C6
CACTTCGAAAGACGGA,R0,C5
CACTTCGAAAGGTACA,R0,C0
CACTTCGAACACAGAA,R0,C0
CACTTCGAACAGCAGA,R0,C0
CACTTCGAAAACATCG,R7,C5
CACTTCGAACCTCCAA,R0,C7
CACTTCGAACGCTCGA,R0,C0
CACTTCGAACGTATCA,R0,C0
CACTTCGAACTATGCA,R0,C0
CACTTCGAAGAGTCAA,R0,C0
CACTTCGAAGATCGCA,R0,C0
CACTTCGAAGCAGGAA,R8,C0
CACTTCGAAGTCACTA,R0,C2
CACTTCGAATCCTGTA,R1,C2
CACTTCGAATTGAGGA,R0,C0
CACTTCGAATGCCTAA,R7,C5
CACTTCGACAACCACA,R0,C0
CACTTCGAGACTAGTA,R0,C7
CACTTCGACAATGGAA,R6,C2
CACTTCGACACTTCGA,R1,C6
CACTTCGACAGCGTTA,R4,C7
CACTTCGACATACCAA,R2,C1
CACTTCGACCAGTTCA,R2,C1
CACTTCGACCGAAGTA,R2,C1
CACTTCGACCGTGAGA,R8,C1
CACTTCGACCTCCTGA,R2,C1
CACTTCGAAGTGGTCA,R1,C6
CACTTCGACGAACTTA,R2,C1
CACTTCGACGACTGGA,R2,C1
CACTTCGACGCATACA,R2,C1
CACTTCGACTCAATGA,R7,C5
CACTTCGACTGAGCCA,R2,C1
CACTTCGACTGGCATA,R2,C1
CACTTCGAGAATCTGA,R2,C5
CACTTCGACAAGACTA,R2,C1
CACTTCGAGAGCTGAA,R2,C6
CACTTCGAGATAGACA,R2,C1
CACTTCGAACCACTGT,R0,C0
CACTTCGAGCCACATA,R2,C1
CACTTCGAGCGAGTAA,R2,C1
CACTTCGAGCTAACGA,R1,C1
CACTTCGAGCTCGGTA,R2,C1
CACTTCGAGGAGAACA,R6,C6
CACTTCGAGGTGCGAA,R2,C1
CACTTCGAGTACGCAA,R2,C1
CACTTCGAGTCGTAGA,R0,C6
CACTTCGAGTCTGTCA,R2,C1
CACTTCGAGTGTTCTA,R2,C1
CACTTCGAACATTGGC,R1,C5
CACTTCGATAGGATGA,R2,C1
CACTTCGATATCAGCA,R2,C1
CACTTCGATCCGTCTA,R6,C1
CACTTCGATCTTCACA,R2,C1
CACTTCGATGAAGAGA,R2,C1
CACTTCGATGGAACAA,R2,C1
CACTTCGATGGCTTCA,R2,C1
CACTTCGATGGTGGTA,R2,C2
CACTTCGATTCACGCA,R2,C1
CACTTCGAAACTCACC,R2,C6
CACTTCGACAGATCTG,R0,C4
CACTTCGAAAGAGATC,R4,C6
CACTTCGAAAGGACAC,R2,C1
CACTTCGAAATCCGTC,R2,C1
CACTTCGAAATGTTGC,R2,C1
CACTTCGAACACGACC,R4,C7
CACTTCGAACAGATTC,R2,C1
CACTTCGAAGATGTAC,R3,C6
CACTTCGAAGCACCTC,R2,C7
CACTTCGAAGCCATGC,R3,C11
CACTTCGAAGGCTAAC,R9,C11
CACTTCGACATCAAGT,R0,C4
CACTTCGAATAGCGAC,R9,C11
CACTTCGAATCATTCC,R9,C11
CACTTCGAATTGGCTC,R3,C9
CACTTCGACAAGGAGC,R3,C9
CACTTCGACACCTTAC,R3,C8
CACTTCGACCATCCTC,R3,C8
CACTTCGACCGACAAC,R3,C8
CACTTCGACCTAATCC,R1,C7
CACTTCGACCTCTATC,R3,C8
CACTTCGACGACACAC,R3,C8
CACTTCGACGCTGATC,R6,C10
CACTTCGACGGATTGC,R3,C8
CACTTCGACTAAGGTC,R3,C8
CACTTCGAGAACAGGC,R1,C7
CACTTCGAGACAGTGC,R3,C5
CACTTCGAGAGTTAGC,R3,C10
CACTTCGAGATGAATC,R3,C7
CACTTCGAGCCAAGAC,R3,C2
CACTTCGACGGAAGAA,R3,C5
CACTTCGAGTGACAAG,R3,C2
CACTTCGAGAACCAGA,R1,C2
CAATGGAAACAAGCTA,R0,C0
CAATGGAATTGCTGGA,R1,C2
CAATGGAACTGTAGCC,R1,C0
CAATGGAAAGTACAAG,R1,C0
CAATGGAAAACAACCA,R1,C6
CAATGGAAAACCGAGA,R1,C2
CAATGGAAAACGCTTA,R0,C0
CAATGGAAAAGACGGA,R0,C0
CAATGGAAAAGGTACA,R0,C0
CAATGGAAACACAGAA,R0,C0
CAATGGAAACAGCAGA,R0,C0
CAATGGAAAAACATCG,R7,C2
CAATGGAAACCTCCAA,R0,C6
CAATGGAAACGCTCGA,R6,C5
CAATGGAAACGTATCA,R7,C6
CAATGGAAACTATGCA,R0,C0
CAATGGAAAGAGTCAA,R3,C7
CAATGGAAAGATCGCA,R0,C0
CAATGGAAAGCAGGAA,R10,C7
CAATGGAAAGTCACTA,R0,C0
CAATGGAAATCCTGTA,R7,C5
CAATGGAAATTGAGGA,R0,C0
CAATGGAAATGCCTAA,R7,C5
CAATGGAACAACCACA,R0,C5
CAATGGAAGACTAGTA,R1,C7
CAATGGAACAATGGAA,R0,C0
CAATGGAACACTTCGA,R4,C3
CAATGGAACAGCGTTA,R4,C3
CAATGGAACATACCAA,R4,C1
CAATGGAACCAGTTCA,R2,C1
CAATGGAACCGAAGTA,R2,C1
CAATGGAACCGTGAGA,R2,C1
CAATGGAACCTCCTGA,R2,C10
CAATGGAAAGTGGTCA,R6,C2
CAATGGAACGAACTTA,R2,C1
CAATGGAACGACTGGA,R2,C1
CAATGGAACGCATACA,R2,C7
CAATGGAACTCAATGA,R2,C1
CAATGGAACTGAGCCA,R1,C1
CAATGGAACTGGCATA,R2,C1
CAATGGAAGAATCTGA,R2,C1
CAATGGAACAAGACTA,R2,C6
CAATGGAAGAGCTGAA,R2,C1
CAATGGAAGATAGACA,R2,C1
CAATGGAAACCACTGT,R1,C2
CAATGGAAGCCACATA,R2,C6
CAATGGAAGCGAGTAA,R2,C1
CAATGGAAGCTAACGA,R2,C1
CAATGGAAGCTCGGTA,R2,C7
CAATGGAAGGAGAACA,R2,C1
CAATGGAAGGTGCGAA,R2,C1
CAATGGAAGTACGCAA,R2,C1
CAATGGAAGTCGTAGA,R2,C1
CAATGGAAGTCTGTCA,R2,C1
CAATGGAAGTGTTCTA,R4,C2
CAATGGAAACATTGGC,R0,C4
CAATGGAATAGGATGA,R2,C1
CAATGGAATATCAGCA,R2,C0
CAATGGAATCCGTCTA,R2,C1
CAATGGAATCTTCACA,R3,C1
CAATGGAATGAAGAGA,R4,C1
CAATGGAATGGAACAA,R2,C1
CAATGGAATGGCTTCA,R2,C1
CAATGGAATGGTGGTA,R2,C1
CAATGGAATTCACGCA,R2,C1
CAATGGAAAACTCACC,R2,C5
CAATGGAACAGATCTG,R0,C4
CAATGGAAAAGAGATC,R2,C1
CAATGGAAAAGGACAC,R3,C9
CAATGGAAAATCCGTC,R3,C1
CAATGGAAAATGTTGC,R2,C1
CAATGGAAACACGACC,R4,C1
CAATGGAAACAGATTC,R4,C6
CAATGGAAAGATGTAC,R3,C3
CAATGGAAAGCACCTC,R3,C9
CAATGGAAAGCCATGC,R3,C9
CAATGGAAAGGCTAAC,R9,C11
CAATGGAACATCAAGT,R0,C4
CAATGGAAATAGCGAC,R9,C11
CAATGGAAATCATTCC,R3,C9
CAATGGAAATTGGCTC,R3,C9
CAATGGAACAAGGAGC,R3,C9
CAATGGAACACCTTAC,R3,C9
CAATGGAACCATCCTC,R3,C8
CAATGGAACCGACAAC,R3,C8
CAATGGAACCTAATCC,R3,C8
CAATGGAACCTCTATC,R3,C8
CAATGGAACGACACAC,R3,C6
CAATGGAACGCTGATC,R1,C10
CAATGGAACGGATTGC,R3,C2
CAATGGAACTAAGGTC,R1,C7
CAATGGAAGAACAGGC,R3,C8
CAATGGAAGACAGTGC,R4,C3
CAATGGAAGAGTTAGC,R6,C3
CAATGGAAGATGAATC,R3,C2
CAATGGAAGCCAAGAC,R3,C10
CAATGGAACGGAAGAA,R3,C3
CAATGGAAGTGACAAG,R1,C0
CAATGGAAGAACCAGA,R3,C2
GATGAATCTTGCTGGA,R1,C6
GATGAATCACGTATCA,R1,C2
GATGAATCACTATGCA,R1,C0
GATGAATCAGAGTCAA,R1,C10
GATGAATCAGATCGCA,R1,C6
GATGAATCAGCAGGAA,R6,C5
GATGAATCAGTCACTA,R1,C10
GATGAATCATCCTGTA,R0,C0
GATGAATCATTGAGGA,R1,C4
GATGAATCCAACCACA,R0,C4
GATGAATCGACTAGTA,R1,C4
GATGAATCCAATGGAA,R0,C0
GATGAATCCACTTCGA,R0,C4
GATGAATCCAGCGTTA,R0,C5
GATGAATCCATACCAA,R0,C2
GATGAATCCCAGTTCA,R0,C0
GATGAATCCCGAAGTA,R1,C0
GATGAATCCCGTGAGA,R0,C4
GATGAATCCCTCCTGA,R0,C2
GATGAATCCGAACTTA,R0,C5
GATGAATCCGACTGGA,R0,C4
GATGAATCCGCATACA,R1,C4
GATGAATCCTCAATGA,R0,C10
GATGAATCCTGAGCCA,R0,C0
GATGAATCCTGGCATA,R0,C0
GATGAATCGAATCTGA,R0,C4
GATGAATCCAAGACTA,R1,C0
GATGAATCGAGCTGAA,R0,C0
GATGAATCGATAGACA,R0,C0
GATGAATCGCCACATA,R1,C5
GATGAATCGCGAGTAA,R0,C2
GATGAATCGCTAACGA,R1,C4
GATGAATCGCTCGGTA,R6,C6
GATGAATCGGAGAACA,R4,C3
GATGAATCGGTGCGAA,R0,C10
GATGAATCGTACGCAA,R1,C7
GATGAATCGTCGTAGA,R0,C0
GATGAATCGTCTGTCA,R6,C5
GATGAATCGTGTTCTA,R1,C2
GATGAATCTAGGATGA,R3,C7
GATGAATCTATCAGCA,R0,C0
GATGAATCTCCGTCTA,R8,C10
GATGAATCTCTTCACA,R0,C0
GATGAATCTGAAGAGA,R0,C0
GATGAATCTGGAACAA,R0,C0
GATGAATCTGGCTTCA,R1,C2
GATGAATCTGGTGGTA,R8,C3
GATGAATCTTCACGCA,R0,C7
GATGAATCAACTCACC,R0,C0
GATGAATCAAGAGATC,R1,C2
GATGAATCAAGGACAC,R0,C0
GATGAATCAATCCGTC,R0,C0
GATGAATCAATGTTGC,R0,C0
GATGAATCACACGACC,R0,C0
GATGAATCACAGATTC,R0,C3
GATGAATCAGATGTAC,R0,C0
GATGAATCAGCACCTC,R0,C0
GATGAATCAGCCATGC,R0,C0
GATGAATCAGGCTAAC,R4,C3
GATGAATCATAGCGAC,R0,C0
GATGAATCATCATTCC,R0,C5
GATGAATCATTGGCTC,R0,C2
GATGAATCCAAGGAGC,R1,C5
GATGAATCCACCTTAC,R6,C6
GATGAATCCCATCCTC,R0,C0
GATGAATCCCGACAAC,R6,C0
GATGAATCCCTAATCC,R0,C0
GATGAATCCCTCTATC,R0,C5
GATGAATCCGACACAC,R0,C4
GATGAATCCGGATTGC,R0,C5
GATGAATCCTAAGGTC,R0,C0
GATGAATCGAACAGGC,R0,C2
GATGAATCGACAGTGC,R0,C0
GATGAATCGAGTTAGC,R1,C6
GATGAATCGATGAATC,R3,C7
GATGAATCGCCAAGAC,R3,C10
GATGAATCCGGAAGAA,R7,C7
GATGAATCGTGACAAG,R1,C5
GATGAATCGAACCAGA,R6,C0
GACTAGTAACAAGCTA,R0,C4
GACTAGTATTGCTGGA,R7,C5
GACTAGTACTGTAGCC,R0,C0
GACTAGTAAGTACAAG,R0,C2
GACTAGTAAACAACCA,R0,C0
GACTAGTAAACCGAGA,R0,C0
GACTAGTAAACGCTTA,R8,C6
GACTAGTAAAGACGGA,R0,C0
GACTAGTAAAGGTACA,R0,C0
GACTAGTAACACAGAA,R0,C2
GACTAGTAACAGCAGA,R0,C0
GACTAGTAACCTCCAA,R0,C0
GACTAGTAACGCTCGA,R0,C0
GACTAGTAACGTATCA,R0,C0
GACTAGTAACTATGCA,R0,C0
GACTAGTAAGAGTCAA,R0,C0
GACTAGTAAGATCGCA,R1,C10
GACTAGTAAGCAGGAA,R6,C6
GACTAGTAAGTCACTA,R1,C2
GACTAGTAATCCTGTA,R0,C0
GACTAGTAATTGAGGA,R0,C0
GACTAGTAATGCCTAA,R7,C5
GACTAGTACAACCACA,R0,C7
GACTAGTAGACTAGTA,R1,C0
GACTAGTACAATGGAA,R6,C5
GACTAGTACACTTCGA,R4,C5
GACTAGTACAGCGTTA,R4,C3
GACTAGTACATACCAA,R8,C3
GACTAGTACCAGTTCA,R2,C1
GACTAGTACCGAAGTA,R2,C1
GACTAGTACCGTGAGA,R2,C1
GACTAGTACCTCCTGA,R2,C1
GACTAGTAAGTGGTCA,R7,C5
GACTAGTACGAACTTA,R2,C1
GACTAGTACGACTGGA,R2,C1
GACTAGTACGCATACA,R2,C1
GACTAGTACTCAATGA,R2,C1
GACTAGTACTGAGCCA,R2,C3
GACTAGTACTGGCATA,R2,C2
GACTAGTAGAATCTGA,R2,C1
GACTAGTACAAGACTA,R1,C5
GACTAGTAGAGCTGAA,R2,C1
GACTAGTAGATAGACA,R2,C1
GACTAGTAACCACTGT,R1,C7
GACTAGTAGCCACATA,R2,C3
GACTAGTAGCGAGTAA,R2,C1
GACTAGTAGCTAACGA,R2,C1
GACTAGTAGCTCGGTA,R2,C1
GACTAGTAGGAGAACA,R2,C1
GACTAGTAGGTGCGAA,R2,C1
GACTAGTAGTACGCAA,R2,C0
GACTAGTAGTCGTAGA,R2,C1
GACTAGTAGTCTGTCA,R2,C1
GACTAGTAGTGTTCTA,R2,C3
GACTAGTAACATTGGC,R3,C0
GACTAGTATAGGATGA,R3,C1
GACTAGTATATCAGCA,R2,C6
GACTAGTATCCGTCTA,R2,C2
GACTAGTATCTTCACA,R0,C2
GACTAGTATGAAGAGA,R2,C1
GACTAGTATGGAACAA,R2,C2
GACTAGTATGGCTTCA,R2,C1
GACTAGTATGGTGGTA,R2,C1
GACTAGTATTCACGCA,R3,C10
GACTAGTAAACTCACC,R2,C7
GACTAGTACAGATCTG,R8,C6
GACTAGTAAAGAGATC,R3,C1
GACTAGTAAAGGACAC,R3,C6
GACTAGTAAATCCGTC,R3,C1
GACTAGTAAATGTTGC,R2,C2
GACTAGTAACACGACC,R3,C7
GACTAGTAACAGATTC,R2,C2
GACTAGTAAGATGTAC,R3,C1
GACTAGTAAGCACCTC,R3,C1
GACTAGTAAGCCATGC,R3,C11
GACTAGTAAGGCTAAC,R9,C11
GACTAGTACATCAAGT,R0,C4
GACTAGTAATAGCGAC,R9,C11
GACTAGTAATCATTCC,R3,C9
GACTAGTAATTGGCTC,R3,C9
GACTAGTACAAGGAGC,R3,C9
GACTAGTACACCTTAC,R3,C9
GACTAGTACCATCCTC,R3,C8
GACTAGTACCGACAAC,R3,C5
GACTAGTACCTAATCC,R3,C8
GACTAGTACCTCTATC,R3,C8
GACTAGTACGACACAC,R3,C8
GACTAGTACGCTGATC,R0,C8
GACTAGTACGGATTGC,R3,C8
GACTAGTACTAAGGTC,R3,C8
GACTAGTAGAACAGGC,R3,C8
GACTAGTAGACAGTGC,R3,C8
GACTAGTAGAGTTAGC,R3,C8
GACTAGTAGATGAATC,R3,C8
GACTAGTAGCCAAGAC,R3,C8
GACTAGTACGGAAGAA,R4,C2
GACTAGTAGTGACAAG,R4,C3
GACTAGTAGAACCAGA,R3,C2
CAACCACAACAAGCTA,R0,C4
CAACCACATTGCTGGA,R3,C6
CAACCACACTGTAGCC,R7,C4
CAACCACAAGTACAAG,R0,C0
CAACCACAAACAACCA,R0,C2
CAACCACAAACCGAGA,R3,C0
CAACCACAAACGCTTA,R0,C2
CAACCACAAAGACGGA,R0,C6
CAACCACAAAGGTACA,R0,C0
CAACCACAACACAGAA,R0,C2
CAACCACAACAGCAGA,R0,C0
CAACCACAACCTCCAA,R0,C0
CAACCACAACGCTCGA,R6,C0
CAACCACAACGTATCA,R0,C0
CAACCACAACTATGCA,R0,C0
CAACCACAAGAGTCAA,R0,C0
CAACCACAAGATCGCA,R0,C2
CAACCACAAGCAGGAA,R0,C2
CAACCACAAGTCACTA,R1,C7
CAACCACAATCCTGTA,R0,C0
CAACCACAATTGAGGA,R0,C0
CAACCACAATGCCTAA,R7,C5
CAACCACACAACCACA,R0,C5
CAACCACAGACTAGTA,R1,C0
CAACCACACAATGGAA,R0,C0
CAACCACACACTTCGA,R0,C0
CAACCACACAGCGTTA,R0,C0
CAACCACACATACCAA,R4,C3
CAACCACACCAGTTCA,R2,C2
CAACCACACCGAAGTA,R2,C1
CAACCACACCGTGAGA,R2,C1
CAACCACACCTCCTGA,R4,C5
CAACCACAAGTGGTCA,R7,C5
CAACCACACGAACTTA,R4,C3
CAACCACACGACTGGA,R2,C1
CAACCACACGCATACA,R2,C1
CAACCACACTCAATGA,R2,C1
CAACCACACTGAGCCA,R2,C1
CAACCACACTGGCATA,R2,C1
CAACCACAGAATCTGA,R2,C1
CAACCACACAAGACTA,R2,C1
CAACCACAGAGCTGAA,R2,C6
CAACCACAGATAGACA,R2,C1
CAACCACAACCACTGT,R1,C2
CAACCACAGCCACATA,R2,C1
CAACCACAGCGAGTAA,R2,C1
CAACCACAGCTAACGA,R2,C1
CAACCACAGCTCGGTA,R2,C1
CAACCACAGGAGAACA,R2,C2
CAACCACAGGTGCGAA,R2,C1
CAACCACAGTACGCAA,R2,C1
CAACCACAGTCGTAGA,R2,C1
CAACCACAGTCTGTCA,R2,C1
CAACCACAGTGTTCTA,R2,C1
CAACCACAACATTGGC,R6,C6
CAACCACATAGGATGA,R2,C5
CAACCACATATCAGCA,R2,C6
CAACCACATCCGTCTA,R2,C1
CAACCACATCTTCACA,R3,C10
CAACCACATGAAGAGA,R2,C1
CAACCACATGGAACAA,R2,C5
CAACCACATGGCTTCA,R2,C1
CAACCACATGGTGGTA,R2,C1
CAACCACATTCACGCA,R2,C1
CAACCACAAACTCACC,R2,C1
CAACCACACAGATCTG,R0,C0
CAACCACAAAGAGATC,R2,C6
CAACCACAAAGGACAC,R2,C9
CAACCACAAATCCGTC,R4,C6
CAACCACAAATGTTGC,R2,C1
CAACCACAACACGACC,R2,C1
CAACCACAACAGATTC,R6,C2
CAACCACAAGATGTAC,R2,C1
CAACCACAAGCACCTC,R3,C9
CAACCACAAGCCATGC,R9,C11
CAACCACAAGGCTAAC,R9,C11
CAACCACACATCAAGT,R0,C4
CAACCACAATAGCGAC,R9,C11
CAACCACAATCATTCC,R3,C9
CAACCACAATTGGCTC,R3,C9
CAACCACACAAGGAGC,R3,C9
CAACCACACACCTTAC,R3,C9
CAACCACACCATCCTC,R3,C9
CAACCACACCGACAAC,R3,C9
CAACCACACCTAATCC,R3,C8
CAACCACACCTCTATC,R0,C8
CAACCACACGACACAC,R3,C8
CAACCACACGCTGATC,R0,C4
CAACCACACGGATTGC,R3,C8
CAACCACACTAAGGTC,R3,C6
CAACCACAGAACAGGC,R3,C8
CAACCACAGACAGTGC,R0,C8
CAACCACAGAGTTAGC,R0,C8
CAACCACAGATGAATC,R3,C8
CAACCACAGCCAAGAC,R3,C2
CAACCACACGGAAGAA,R3,C8
CAACCACAGTGACAAG,R3,C2
CAACCACAGAACCAGA,R3,C8
ATTGAGGAACAAGCTA,R0,C0
ATTGAGGATTGCTGGA,R3,C6
ATTGAGGACTGTAGCC,R0,C4
ATTGAGGAAGTACAAG,R8,C0
ATTGAGGAAACAACCA,R0,C0
ATTGAGGAAACCGAGA,R0,C2
ATTGAGGAAACGCTTA,R7,C5
ATTGAGGAAAGACGGA,R6,C5
ATTGAGGAAAGGTACA,R0,C0
ATTGAGGAACACAGAA,R0,C10
ATTGAGGAACAGCAGA,R0,C0
ATTGAGGAACCTCCAA,R0,C0
ATTGAGGAACGCTCGA,R6,C0
ATTGAGGAACGTATCA,R0,C0
ATTGAGGAACTATGCA,R0,C0
ATTGAGGAAGAGTCAA,R4,C3
ATTGAGGAAGATCGCA,R0,C2
ATTGAGGAAGCAGGAA,R0,C0
ATTGAGGAAGTCACTA,R0,C0
ATTGAGGAATCCTGTA,R8,C0
ATTGAGGAATTGAGGA,R0,C0
ATTGAGGACAACCACA,R0,C0
ATTGAGGAGACTAGTA,R0,C0
ATTGAGGACAATGGAA,R0,C3
ATTGAGGACACTTCGA,R8,C10
ATTGAGGACAGCGTTA,R0,C0
ATTGAGGACATACCAA,R2,C2
ATTGAGGACCAGTTCA,R4,C2
ATTGAGGACCGAAGTA,R1,C5
ATTGAGGACCGTGAGA,R2,C1
ATTGAGGACCTCCTGA,R2,C2
ATTGAGGAAGTGGTCA,R7,C5
ATTGAGGACGAACTTA,R2,C1
ATTGAGGACGACTGGA,R2,C1
ATTGAGGACGCATACA,R2,C1
ATTGAGGACTCAATGA,R2,C5
ATTGAGGACTGAGCCA,R2,C1
ATTGAGGACTGGCATA,R2,C1
ATTGAGGAGAATCTGA,R2,C2
ATTGAGGACAAGACTA,R2,C1
ATTGAGGAGAGCTGAA,R1,C1
ATTGAGGAGATAGACA,R2,C1
ATTGAGGAACCACTGT,R1,C7
ATTGAGGAGCCACATA,R2,C1
ATTGAGGAGCGAGTAA,R2,C1
ATTGAGGAGCTAACGA,R2,C1
ATTGAGGAGCTCGGTA,R2,C1
ATTGAGGAGGAGAACA,R2,C1
ATTGAGGAGGTGCGAA,R2,C1
ATTGAGGAGTACGCAA,R2,C6
ATTGAGGAGTCGTAGA,R2,C1
ATTGAGGAGTCTGTCA,R2,C1
ATTGAGGAGTGTTCTA,R7,C5
ATTGAGGAACATTGGC,R0,C0
ATTGAGGATAGGATGA,R2,C1
ATTGAGGATATCAGCA,R2,C1
ATTGAGGATCCGTCTA,R2,C1
ATTGAGGATCTTCACA,R2,C1
ATTGAGGATGAAGAGA,R2,C1
ATTGAGGATGGAACAA,R2,C1
ATTGAGGATGGCTTCA,R2,C6
ATTGAGGATGGTGGTA,R2,C1
ATTGAGGATTCACGCA,R2,C1
ATTGAGGAAACTCACC,R4,C2
ATTGAGGACAGATCTG,R0,C5
ATTGAGGAAAGAGATC,R2,C1
ATTGAGGAAAGGACAC,R0,C1
ATTGAGGAAATCCGTC,R3,C5
ATTGAGGAAATGTTGC,R3,C1
ATTGAGGAACACGACC,R2,C1
ATTGAGGAACAGATTC,R3,C3
ATTGAGGAAGATGTAC,R3,C3
ATTGAGGAAGCACCTC,R2,C7
ATTGAGGAAGCCATGC,R3,C11
ATTGAGGAAGGCTAAC,R9,C11
ATTGAGGACATCAAGT,R0,C4
ATTGAGGAATAGCGAC,R9,C11
ATTGAGGAATCATTCC,R3,C9
ATTGAGGAATTGGCTC,R3,C9
ATTGAGGACAAGGAGC,R3,C9
ATTGAGGACACCTTAC,R3,C9
ATTGAGGACCATCCTC,R3,C9
ATTGAGGACCGACAAC,R3,C9
ATTGAGGACCTAATCC,R3,C9
ATTGAGGACCTCTATC,R3,C8
ATTGAGGACGACACAC,R1,C7
ATTGAGGACGCTGATC,R0,C4
ATTGAGGACGGATTGC,R1,C8
ATTGAGGACTAAGGTC,R3,C8
ATTGAGGAGAACAGGC,R6,C8
ATTGAGGAGACAGTGC,R3,C8
ATTGAGGAGAGTTAGC,R3,C8
ATTGAGGAGATGAATC,R4,C3
ATTGAGGAGCCAAGAC,R4,C3
ATTGAGGACGGAAGAA,R3,C8
ATTGAGGAGTGACAAG,R3,C8
ATTGAGGAGAACCAGA,R3,C2
ATCCTGTAACAAGCTA,R0,C4
ATCCTGTATTGCTGGA,R1,C3
ATCCTGTACTGTAGCC,R0,C4
ATCCTGTAAGTACAAG,R0,C4
ATCCTGTAAACAACCA,R0,C0
ATCCTGTAAACCGAGA,R8,C0
ATCCTGTAAACGCTTA,R0,C0
ATCCTGTAAAGACGGA,R0,C0
ATCCTGTAAAGGTACA,R0,C0
ATCCTGTAACACAGAA,R0,C0
ATCCTGTAACAGCAGA,R0,C0
ATCCTGTAACCTCCAA,R0,C2
ATCCTGTAACGCTCGA,R0,C0
ATCCTGTAACGTATCA,R1,C10
ATCCTGTAACTATGCA,R0,C5
ATCCTGTAAGAGTCAA,R0,C0
ATCCTGTAAGATCGCA,R0,C0
ATCCTGTAAGCAGGAA,R0,C2
ATCCTGTAAGTCACTA,R1,C0
ATCCTGTAATCCTGTA,R0,C10
ATCCTGTAATTGAGGA,R0,C0
ATCCTGTACAACCACA,R10,C0
ATCCTGTAGACTAGTA,R1,C0
ATCCTGTACAATGGAA,R0,C0
ATCCTGTACACTTCGA,R0,C0
ATCCTGTACAGCGTTA,R1,C2
ATCCTGTACATACCAA,R0,C0
ATCCTGTACCAGTTCA,R4,C3
ATCCTGTACCGAAGTA,R2,C1
ATCCTGTACCGTGAGA,R2,C1
ATCCTGTACCTCCTGA,R2,C1
ATCCTGTAAGTGGTCA,R7,C5
ATCCTGTACGAACTTA,R2,C7
ATCCTGTACGACTGGA,R2,C6
ATCCTGTACGCATACA,R2,C1
ATCCTGTACTCAATGA,R2,C1
ATCCTGTACTGAGCCA,R2,C1
ATCCTGTACTGGCATA,R2,C1
ATCCTGTAGAATCTGA,R2,C5
ATCCTGTACAAGACTA,R6,C5
ATCCTGTAGAGCTGAA,R4,C3
ATCCTGTAGATAGACA,R2,C1
ATCCTGTAACCACTGT,R7,C5
ATCCTGTAGCCACATA,R8,C1
ATCCTGTAGCGAGTAA,R2,C1
ATCCTGTAGCTAACGA,R2,C1
ATCCTGTAGCTCGGTA,R2,C1
ATCCTGTAGGAGAACA,R2,C1
ATCCTGTAGGTGCGAA,R2,C1
ATCCTGTAGTACGCAA,R2,C1
ATCCTGTAGTCGTAGA,R2,C1
ATCCTGTAGTCTGTCA,R4,C2
ATCCTGTAGTGTTCTA,R4,C1
ATCCTGTAACATTGGC,R6,C6
ATCCTGTATAGGATGA,R2,C1
ATCCTGTATATCAGCA,R2,C1
ATCCTGTATCCGTCTA,R2,C1
ATCCTGTATCTTCACA,R2,C1
ATCCTGTATGAAGAGA,R2,C1
ATCCTGTATGGAACAA,R2,C1
ATCCTGTATGGCTTCA,R3,C5
ATCCTGTATGGTGGTA,R6,C6
ATCCTGTATTCACGCA,R2,C6
ATCCTGTAAACTCACC,R2,C1
ATCCTGTACAGATCTG,R0,C2
ATCCTGTAAAGAGATC,R2,C1
ATCCTGTAAAGGACAC,R2,C1
ATCCTGTAAATCCGTC,R3,C1
ATCCTGTAAATGTTGC,R4,C6
ATCCTGTAACACGACC,R7,C1
ATCCTGTAACAGATTC,R3,C1
ATCCTGTAAGATGTAC,R3,C1
ATCCTGTAAGCACCTC,R3,C5
ATCCTGTAAGCCATGC,R3,C9
ATCCTGTAAGGCTAAC,R9,C11
ATCCTGTACATCAAGT,R0,C4
ATCCTGTAATAGCGAC,R9,C11
ATCCTGTAATCATTCC,R3,C9
ATCCTGTAATTGGCTC,R3,C9
ATCCTGTACAAGGAGC,R3,C9
ATCCTGTACACCTTAC,R3,C9
ATCCTGTACCATCCTC,R3,C9
ATCCTGTACCGACAAC,R3,C9
ATCCTGTACCTAATCC,R3,C3
ATCCTGTACCTCTATC,R3,C8
ATCCTGTACGACACAC,R1,C8
ATCCTGTACGCTGATC,R0,C5
ATCCTGTACGGATTGC,R3,C8
ATCCTGTACTAAGGTC,R3,C8
ATCCTGTAGAACAGGC,R3,C8
ATCCTGTAGACAGTGC,R6,C2
ATCCTGTAGAGTTAGC,R4,C6
ATCCTGTAGATGAATC,R1,C8
ATCCTGTAGCCAAGAC,R3,C8
ATCCTGTACGGAAGAA,R7,C6
ATCCTGTAGTGACAAG,R6,C8
ATCCTGTAGAACCAGA,R6,C2
AGTCACTAACAAGCTA,R0,C0
AGTCACTATTGCTGGA,R1,C2
AGTCACTACTGTAGCC,R0,C4
AGTCACTAAGTACAAG,R0,C0
AGTCACTAAACAACCA,R0,C6
AGTCACTAAACCGAGA,R1,C7
AGTCACTAAACGCTTA,R1,C0
AGTCACTAAAGACGGA,R0,C2
AGTCACTAAAGGTACA,R0,C10
AGTCACTAACACAGAA,R7,C5
AGTCACTAACAGCAGA,R0,C0
AGTCACTAACCTCCAA,R0,C2
AGTCACTAACGCTCGA,R6,C0
AGTCACTAACGTATCA,R0,C0
AGTCACTAACTATGCA,R0,C0
AGTCACTAAGAGTCAA,R0,C0
AGTCACTAAGATCGCA,R0,C0
AGTCACTAAGCAGGAA,R0,C0
AGTCACTAAGTCACTA,R1,C5
AGTCACTAATCCTGTA,R6,C6
AGTCACTAATTGAGGA,R0,C2
AGTCACTACAACCACA,R0,C0
AGTCACTAGACTAGTA,R0,C5
AGTCACTACAATGGAA,R4,C6
AGTCACTACACTTCGA,R0,C0
AGTCACTACAGCGTTA,R1,C7
AGTCACTACATACCAA,R0,C2
AGTCACTACCAGTTCA,R1,C2
AGTCACTACCGAAGTA,R2,C1
AGTCACTACCGTGAGA,R2,C1
AGTCACTACCTCCTGA,R2,C5
AGTCACTACGAACTTA,R2,C1
AGTCACTACGACTGGA,R2,C1
AGTCACTACGCATACA,R2,C2
AGTCACTACTCAATGA,R2,C1
AGTCACTACTGAGCCA,R2,C1
AGTCACTACTGGCATA,R2,C1
AGTCACTAGAATCTGA,R2,C6
AGTCACTACAAGACTA,R2,C1
AGTCACTAGAGCTGAA,R2,C5
AGTCACTAGATAGACA,R2,C1
AGTCACTAACCACTGT,R7,C5
AGTCACTAGCCACATA,R2,C1
AGTCACTAGCGAGTAA,R2,C1
AGTCACTAGCTAACGA,R2,C1
AGTCACTAGCTCGGTA,R2,C1
AGTCACTAGGAGAACA,R3,C2
AGTCACTAGGTGCGAA,R2,C7
AGTCACTAGTACGCAA,R2,C1
AGTCACTAGTCGTAGA,R2,C1
AGTCACTAGTCTGTCA,R2,C1
AGTCACTAGTGTTCTA,R2,C1
AGTCACTAACATTGGC,R1,C0
AGTCACTATAGGATGA,R2,C1
AGTCACTATATCAGCA,R2,C1
AGTCACTATCCGTCTA,R2,C1
AGTCACTATCTTCACA,R2,C1
AGTCACTATGAAGAGA,R2,C1
AGTCACTATGGAACAA,R3,C1
AGTCACTATGGCTTCA,R2,C1
AGTCACTATGGTGGTA,R2,C5
AGTCACTATTCACGCA,R2,C1
AGTCACTAAACTCACC,R2,C1
AGTCACTACAGATCTG,R1,C7
AGTCACTAAAGAGATC,R2,C1
AGTCACTAAAGGACAC,R2,C1
AGTCACTAAATCCGTC,R3,C6
AGTCACTAAATGTTGC,R2,C1
AGTCACTAACACGACC,R2,C1
AGTCACTAACAGATTC,R2,C5
AGTCACTAAGATGTAC,R2,C1
AGTCACTAAGCACCTC,R3,C9
AGTCACTAAGCCATGC,R3,C9
AGTCACTAAGGCTAAC,R3,C9
AGTCACTACATCAAGT,R0,C2
AGTCACTAATAGCGAC,R9,C11
AGTCACTAATCATTCC,R3,C9
AGTCACTAATTGGCTC,R3,C9
AGTCACTACAAGGAGC,R3,C9
AGTCACTACACCTTAC,R3,C9
AGTCACTACCATCCTC,R3,C9
AGTCACTACCGACAAC,R3,C9
AGTCACTACCTAATCC,R3,C9
AGTCACTACCTCTATC,R3,C9
AGTCACTACGACACAC,R3,C8
AGTCACTACGCTGATC,R0,C0
AGTCACTACGGATTGC,R3,C8
AGTCACTACTAAGGTC,R3,C8
AGTCACTAGAACAGGC,R3,C8
AGTCACTAGACAGTGC,R3,C8
AGTCACTAGAGTTAGC,R3,C8
AGTCACTAGATGAATC,R3,C8
AGTCACTAGCCAAGAC,R4,C2
AGTCACTACGGAAGAA,R3,C8
AGTCACTAGTGACAAG,R4,C8
AGTCACTAGAACCAGA,R3,C6
AGCAGGAAACAAGCTA,R0,C0
AGCAGGAATTGCTGGA,R7,C2
AGCAGGAACTGTAGCC,R1,C5
AGCAGGAAAGTACAAG,R0,C0
AGCAGGAAAACAACCA,R0,C0
AGCAGGAAAACCGAGA,R0,C0
AGCAGGAAAACGCTTA,R0,C5
AGCAGGAAAAGACGGA,R0,C2
AGCAGGAAAAGGTACA,R0,C0
AGCAGGAAACACAGAA,R0,C0
AGCAGGAAACAGCAGA,R0,C0
AGCAGGAAACCTCCAA,R8,C2
AGCAGGAAACGCTCGA,R0,C0
AGCAGGAAACGTATCA,R0,C0
AGCAGGAAACTATGCA,R0,C5
AGCAGGAAAGAGTCAA,R0,C0
AGCAGGAAAGATCGCA,R0,C0
AGCAGGAAAGCAGGAA,R3,C0
AGCAGGAAAGTCACTA,R8,C0
AGCAGGAAATCCTGTA,R0,C0
AGCAGGAAATTGAGGA,R0,C6
AGCAGGAACAACCACA,R0,C0
AGCAGGAAGACTAGTA,R0,C7
AGCAGGAACAATGGAA,R0,C0
AGCAGGAACACTTCGA,R3,C6
AGCAGGAACAGCGTTA,R1,C0
AGCAGGAACATACCAA,R0,C7
AGCAGGAACCAGTTCA,R6,C5
AGCAGGAACCGAAGTA,R2,C1
AGCAGGAACCGTGAGA,R2,C1
AGCAGGAACCTCCTGA,R2,C1
AGCAGGAACGAACTTA,R2,C1
AGCAGGAACGACTGGA,R2,C1
AGCAGGAACGCATACA,R2,C6
AGCAGGAACTCAATGA,R6,C7
AGCAGGAACTGAGCCA,R2,C1
AGCAGGAACTGGCATA,R2,C1
AGCAGGAAGAATCTGA,R2,C1
AGCAGGAACAAGACTA,R3,C1
AGCAGGAAGAGCTGAA,R2,C1
AGCAGGAAGATAGACA,R1,C6
AGCAGGAAACCACTGT,R7,C5
AGCAGGAAGCCACATA,R2,C1
AGCAGGAAGCGAGTAA,R2,C1
AGCAGGAAGCTAACGA,R2,C1
AGCAGGAAGCTCGGTA,R2,C1
AGCAGGAAGGAGAACA,R8,C1
AGCAGGAAGGTGCGAA,R2,C2
AGCAGGAAGTACGCAA,R2,C1
AGCAGGAAGTCGTAGA,R2,C1
AGCAGGAAGTCTGTCA,R3,C1
AGCAGGAAGTGTTCTA,R4,C1
AGCAGGAAACATTGGC,R7,C5
AGCAGGAATAGGATGA,R2,C1
AGCAGGAATATCAGCA,R3,C1
AGCAGGAATCCGTCTA,R2,C1
AGCAGGAATCTTCACA,R2,C2
AGCAGGAATGAAGAGA,R2,C6
AGCAGGAATGGAACAA,R2,C1
AGCAGGAATGGCTTCA,R2,C5
AGCAGGAATGGTGGTA,R2,C1
AGCAGGAATTCACGCA,R2,C1
AGCAGGAAAACTCACC,R3,C1
AGCAGGAACAGATCTG,R3,C5
AGCAGGAAAAGAGATC,R2,C1
AGCAGGAAAAGGACAC,R4,C6
AGCAGGAAAATCCGTC,R3,C1
AGCAGGAAAATGTTGC,R2,C9
AGCAGGAAACACGACC,R3,C1
AGCAGGAAACAGATTC,R2,C1
AGCAGGAAAGATGTAC,R3,C7
AGCAGGAAAGCACCTC,R3,C9
AGCAGGAAAGCCATGC,R3,C9
AGCAGGAAAGGCTAAC,R3,C9
AGCAGGAACATCAAGT,R0,C5
AGCAGGAAATAGCGAC,R3,C9
AGCAGGAAATCATTCC,R3,C9
AGCAGGAAATTGGCTC,R3,C9
AGCAGGAACAAGGAGC,R3,C9
AGCAGGAACACCTTAC,R3,C9
AGCAGGAACCATCCTC,R3,C9
AGCAGGAACCGACAAC,R3,C9
AGCAGGAACCTAATCC,R3,C9
AGCAGGAACCTCTATC,R6,C9
AGCAGGAACGACACAC,R3,C8
AGCAGGAACGCTGATC,R0,C0
AGCAGGAACGGATTGC,R3,C8
AGCAGGAACTAAGGTC,R3,C8
AGCAGGAAGAACAGGC,R3,C8
AGCAGGAAGACAGTGC,R1,C5
AGCAGGAAGAGTTAGC,R4,C3
AGCAGGAAGATGAATC,R3,C5
AGCAGGAAGCCAAGAC,R3,C5
AGCAGGAACGGAAGAA,R3,C7
AGCAGGAAGTGACAAG,R3,C6
AGCAGGAAGAACCAGA,R3,C5
AGATCGCAACAAGCTA,R0,C4
AGATCGCATTGCTGGA,R4,C3
AGATCGCACTGTAGCC,R0,C0
AGATCGCAAGTACAAG,R0,C0
AGATCGCAAACAACCA,R0,C0
AGATCGCAAACCGAGA,R1,C6
AGATCGCAAACGCTTA,R0,C0
AGATCGCAAAGACGGA,R1,C7
AGATCGCAAAGGTACA,R0,C6
AGATCGCAACACAGAA,R0,C2
AGATCGCAACAGCAGA,R0,C0
AGATCGCAACCTCCAA,R3,C0
AGATCGCAACGCTCGA,R0,C6
AGATCGCAACGTATCA,R0,C0
AGATCGCAACTATGCA,R0,C0
AGATCGCAAGAGTCAA,R0,C0
AGATCGCAAGATCGCA,R8,C0
AGATCGCAAGCAGGAA,R0,C0
AGATCGCAAGTCACTA,R0,C3
AGATCGCAATCCTGTA,R8,C5
AGATCGCAATTGAGGA,R1,C10
AGATCGCACAACCACA,R0,C2
AGATCGCAGACTAGTA,R0,C0
AGATCGCACAATGGAA,R0,C0
AGATCGCACACTTCGA,R0,C0
AGATCGCACAGCGTTA,R3,C5
AGATCGCACATACCAA,R0,C3
AGATCGCACCAGTTCA,R4,C3
AGATCGCACCGAAGTA,R2,C1
AGATCGCACCGTGAGA,R2,C2
AGATCGCACCTCCTGA,R2,C1
AGATCGCACGAACTTA,R2,C1
AGATCGCACGACTGGA,R2,C6
AGATCGCACGCATACA,R2,C1
AGATCGCACTCAATGA,R2,C1
AGATCGCACTGAGCCA,R2,C1
AGATCGCACTGGCATA,R2,C10
AGATCGCAGAATCTGA,R8,C1
AGATCGCACAAGACTA,R2,C5
AGATCGCAGAGCTGAA,R4,C3
AGATCGCAGATAGACA,R2,C0
AGATCGCAACCACTGT,R7,C2
AGATCGCAGCCACATA,R2,C1
AGATCGCAGCGAGTAA,R2,C1
AGATCGCAGCTAACGA,R2,C6
AGATCGCAGCTCGGTA,R2,C5
AGATCGCAGGAGAACA,R4,C2
AGATCGCAGGTGCGAA,R2,C1
AGATCGCAGTACGCAA,R2,C1
AGATCGCAGTCGTAGA,R2,C1
AGATCGCAGTCTGTCA,R2,C6
AGATCGCAGTGTTCTA,R1,C1
AGATCGCAACATTGGC,R7,C5
AGATCGCATAGGATGA,R1,C2
AGATCGCATATCAGCA,R2,C6
AGATCGCATCCGTCTA,R2,C5
AGATCGCATCTTCACA,R2,C1
AGATCGCATGAAGAGA,R2,C5
AGATCGCATGGAACAA,R3,C1
AGATCGCATGGCTTCA,R3,C1
AGATCGCATGGTGGTA,R2,C1
AGATCGCATTCACGCA,R3,C1
AGATCGCAAACTCACC,R2,C1
AGATCGCACAGATCTG,R1,C2
AGATCGCAAAGAGATC,R2,C5
AGATCGCAAAGGACAC,R2,C1
AGATCGCAAATCCGTC,R3,C1
AGATCGCAAATGTTGC,R3,C9
AGATCGCAACACGACC,R1,C9
AGATCGCAACAGATTC,R2,C7
AGATCGCAAGATGTAC,R8,C2
AGATCGCAAGCACCTC,R2,C1
AGATCGCAAGCCATGC,R3,C9
AGATCGCAAGGCTAAC,R3,C9
AGATCGCACATCAAGT,R1,C6
AGATCGCAATAGCGAC,R9,C9
AGATCGCAATCATTCC,R9,C9
AGATCGCAATTGGCTC,R3,C9
AGATCGCACAAGGAGC,R3,C9
AGATCGCACACCTTAC,R3,C9
AGATCGCACCATCCTC,R3,C9
AGATCGCACCGACAAC,R3,C9
AGATCGCACCTAATCC,R3,C9
AGATCGCACCTCTATC,R3,C9
AGATCGCACGACACAC,R3,C9
AGATCGCACGCTGATC,R0,C0
AGATCGCACGGATTGC,R3,C8
AGATCGCACTAAGGTC,R3,C8
AGATCGCAGAACAGGC,R3,C10
AGATCGCAGACAGTGC,R6,C8
AGATCGCAGAGTTAGC,R4,C6
AGATCGCAGATGAATC,R6,C2
AGATCGCAGCCAAGAC,R3,C5
AGATCGCACGGAAGAA,R3,C8
AGATCGCAGTGACAAG,R6,C5
AGATCGCAGAACCAGA,R3,C2
AGAGTCAAACAAGCTA,R1,C2
AGAGTCAATTGCTGGA,R1,C2
AGAGTCAACTGTAGCC,R0,C0
AGAGTCAAAGTACAAG,R0,C8
AGAGTCAAAACAACCA,R0,C0
AGAGTCAAAACCGAGA,R1,C0
AGAGTCAAAACGCTTA,R6,C5
AGAGTCAAAAGACGGA,R0,C0
AGAGTCAAAAGGTACA,R0,C0
AGAGTCAAACACAGAA,R0,C10
AGAGTCAAACAGCAGA,R0,C0
AGAGTCAAACCTCCAA,R0,C6
AGAGTCAAACGCTCGA,R0,C0
AGAGTCAAACGTATCA,R0,C0
AGAGTCAAACTATGCA,R8,C5
AGAGTCAAAGAGTCAA,R6,C0
AGAGTCAAAGATCGCA,R0,C0
AGAGTCAAAGCAGGAA,R6,C5
AGAGTCAAAGTCACTA,R0,C0
AGAGTCAAATCCTGTA,R0,C2
AGAGTCAAATTGAGGA,R1,C0
AGAGTCAACAACCACA,R0,C0
AGAGTCAAGACTAGTA,R0,C0
AGAGTCAACAATGGAA,R0,C0
AGAGTCAACACTTCGA,R3,C2
AGAGTCAACAGCGTTA,R1,C0
AGAGTCAACATACCAA,R3,C6
AGAGTCAACCAGTTCA,R4,C3
AGAGTCAACCGAAGTA,R2,C1
AGAGTCAACCGTGAGA,R2,C2
AGAGTCAACCTCCTGA,R2,C5
AGAGTCAACGAACTTA,R2,C1
AGAGTCAACGACTGGA,R2,C1
AGAGTCAACGCATACA,R7,C1
AGAGTCAACTCAATGA,R2,C1
AGAGTCAACTGAGCCA,R2,C1
AGAGTCAACTGGCATA,R2,C1
AGAGTCAAGAATCTGA,R2,C7
AGAGTCAACAAGACTA,R2,C1
AGAGTCAAGAGCTGAA,R2,C1
AGAGTCAAGATAGACA,R2,C1
AGAGTCAAGCCACATA,R2,C6
AGAGTCAAGCGAGTAA,R2,C1
AGAGTCAAGCTAACGA,R2,C6
AGAGTCAAGCTCGGTA,R2,C1
AGAGTCAAGGAGAACA,R2,C1
AGAGTCAAGGTGCGAA,R2,C6
AGAGTCAAGTACGCAA,R2,C1
AGAGTCAAGTCGTAGA,R2,C1
AGAGTCAAGTCTGTCA,R3,C1
AGAGTCAAGTGTTCTA,R2,C1
AGAGTCAAACATTGGC,R7,C5
AGAGTCAATAGGATGA,R2,C6
AGAGTCAATATCAGCA,R2,C1
AGAGTCAATCCGTCTA,R2,C1
AGAGTCAATCTTCACA,R2,C1
AGAGTCAATGAAGAGA,R2,C1
AGAGTCAATGGAACAA,R2,C1
AGAGTCAATGGCTTCA,R2,C1
AGAGTCAATGGTGGTA,R2,C1
AGAGTCAATTCACGCA,R2,C1
AGAGTCAAAACTCACC,R2,C1
AGAGTCAACAGATCTG,R7,C7
AGAGTCAAAAGAGATC,R2,C1
AGAGTCAAAAGGACAC,R2,C1
AGAGTCAAAATCCGTC,R2,C2
AGAGTCAAAATGTTGC,R4,C1
AGAGTCAAACACGACC,R5,C3
AGAGTCAAACAGATTC,R5,C3
AGAGTCAAAGATGTAC,R3,C6
AGAGTCAAAGCACCTC,R3,C1
AGAGTCAAAGCCATGC,R3,C9
AGAGTCAAAGGCTAAC,R3,C9
AGAGTCAACATCAAGT,R1,C2
AGAGTCAAATAGCGAC,R3,C9
AGAGTCAAATCATTCC,R3,C11
AGAGTCAAATTGGCTC,R3,C9
AGAGTCAACAAGGAGC,R3,C0
AGAGTCAACACCTTAC,R3,C7
AGAGTCAACCATCCTC,R3,C9
AGAGTCAACCGACAAC,R3,C9
AGAGTCAACCTAATCC,R3,C9
AGAGTCAACCTCTATC,R3,C2
AGAGTCAACGACACAC,R4,C3
AGAGTCAACGCTGATC,R3,C2
AGAGTCAACGGATTGC,R3,C8
AGAGTCAACTAAGGTC,R3,C8
AGAGTCAAGAACAGGC,R6,C8
AGAGTCAAGACAGTGC,R3,C8
AGAGTCAAGAGTTAGC,R3,C2
AGAGTCAAGATGAATC,R3,C2
AGAGTCAAGCCAAGAC,R3,C6
AGAGTCAACGGAAGAA,R8,C7
AGAGTCAAGTGACAAG,R3,C8
AGAGTCAAGAACCAGA,R4,C3
ACTATGCAACAAGCTA,R0,C0
ACTATGCATTGCTGGA,R1,C5
ACTATGCACTGTAGCC,R0,C0
ACTATGCAAGTACAAG,R0,C0
ACTATGCAAACAACCA,R0,C0
ACTATGCAAACCGAGA,R1,C3
ACTATGCAAACGCTTA,R0,C4
ACTATGCAAAGACGGA,R0,C2
ACTATGCAAAGGTACA,R0,C0
ACTATGCAACACAGAA,R0,C2
ACTATGCAACAGCAGA,R0,C2
ACTATGCAACCTCCAA,R0,C0
ACTATGCAACGCTCGA,R1,C2
ACTATGCAACGTATCA,R0,C2
ACTATGCAACTATGCA,R0,C2
ACTATGCAAGAGTCAA,R0,C0
ACTATGCAAGATCGCA,R8,C0
ACTATGCAAGCAGGAA,R6,C0
ACTATGCAAGTCACTA,R0,C0
ACTATGCAATCCTGTA,R0,C0
ACTATGCAATTGAGGA,R0,C0
ACTATGCACAACCACA,R0,C0
ACTATGCAGACTAGTA,R0,C7
ACTATGCACAATGGAA,R1,C2
ACTATGCACACTTCGA,R0,C0
ACTATGCACAGCGTTA,R6,C5
ACTATGCACATACCAA,R10,C6
ACTATGCACCAGTTCA,R8,C3
ACTATGCACCGAAGTA,R3,C6
ACTATGCACCGTGAGA,R2,C1
ACTATGCACCTCCTGA,R1,C5
ACTATGCACGAACTTA,R0,C1
ACTATGCACGACTGGA,R2,C1
ACTATGCACGCATACA,R2,C1
ACTATGCACTCAATGA,R2,C1
ACTATGCACTGAGCCA,R2,C1
ACTATGCACTGGCATA,R2,C0
ACTATGCAGAATCTGA,R2,C6
ACTATGCACAAGACTA,R2,C1
ACTATGCAGAGCTGAA,R2,C1
ACTATGCAGATAGACA,R2,C1
ACTATGCAGCCACATA,R7,C1
ACTATGCAGCGAGTAA,R2,C1
ACTATGCAGCTAACGA,R2,C1
ACTATGCAGCTCGGTA,R2,C1
ACTATGCAGGAGAACA,R2,C6
ACTATGCAGGTGCGAA,R2,C1
ACTATGCAGTACGCAA,R2,C1
ACTATGCAGTCGTAGA,R2,C1
ACTATGCAGTCTGTCA,R2,C1
ACTATGCAGTGTTCTA,R2,C5
ACTATGCAACATTGGC,R1,C2
ACTATGCATAGGATGA,R2,C1
ACTATGCATATCAGCA,R2,C1
ACTATGCATCCGTCTA,R2,C7
ACTATGCATCTTCACA,R2,C1
ACTATGCATGAAGAGA,R2,C5
ACTATGCATGGAACAA,R2,C1
ACTATGCATGGCTTCA,R3,C7
ACTATGCATGGTGGTA,R2,C1
ACTATGCATTCACGCA,R3,C1
ACTATGCAAACTCACC,R2,C1
ACTATGCACAGATCTG,R7,C5
ACTATGCAAAGAGATC,R2,C1
ACTATGCAAAGGACAC,R4,C0
ACTATGCAAATCCGTC,R5,C3
ACTATGCAAATGTTGC,R5,C5
ACTATGCAACACGACC,R5,C3
ACTATGCAACAGATTC,R5,C3
ACTATGCAAGATGTAC,R5,C3
ACTATGCAAGCACCTC,R3,C8
ACTATGCAAGCCATGC,R3,C7
ACTATGCAAGGCTAAC,R3,C9
ACTATGCACATCAAGT,R0,C2
ACTATGCAATAGCGAC,R3,C9
ACTATGCAATCATTCC,R3,C9
ACTATGCAATTGGCTC,R3,C9
ACTATGCACAAGGAGC,R3,C9
ACTATGCACACCTTAC,R3,C9
ACTATGCACCATCCTC,R3,C10
ACTATGCACCGACAAC,R3,C9
ACTATGCACCTAATCC,R3,C9
ACTATGCACCTCTATC,R8,C9
ACTATGCACGACACAC,R1,C2
ACTATGCACGCTGATC,R6,C5
ACTATGCACGGATTGC,R3,C12
ACTATGCACTAAGGTC,R7,C12
ACTATGCAGAACAGGC,R3,C12
ACTATGCAGACAGTGC,R3,C0
ACTATGCAGAGTTAGC,R3,C5
ACTATGCAGATGAATC,R4,C8
ACTATGCAGCCAAGAC,R3,C8
ACTATGCACGGAAGAA,R4,C3
ACTATGCAGTGACAAG,R4,C3
ACTATGCAGAACCAGA,R7,C2
ACGTATCAACAAGCTA,R6,C7
ACGTATCATTGCTGGA,R1,C2
ACGTATCACTGTAGCC,R0,C0
ACGTATCAAGTACAAG,R6,C0
ACGTATCAAACAACCA,R0,C6
ACGTATCAAACCGAGA,R0,C0
ACGTATCAAACGCTTA,R0,C0
ACGTATCAAAGACGGA,R1,C6
ACGTATCAAAGGTACA,R0,C0
ACGTATCAACACAGAA,R0,C0
ACGTATCAACAGCAGA,R6,C10
ACGTATCAACCTCCAA,R0,C6
ACGTATCAACGCTCGA,R0,C0
ACGTATCAACGTATCA,R0,C0
ACGTATCAACTATGCA,R0,C5
ACGTATCAAGAGTCAA,R0,C0
ACGTATCAAGATCGCA,R0,C0
ACGTATCAAGCAGGAA,R0,C0
ACGTATCAAGTCACTA,R8,C0
ACGTATCAATCCTGTA,R0,C0
ACGTATCAATTGAGGA,R8,C2
ACGTATCACAACCACA,R6,C10
ACGTATCAGACTAGTA,R0,C0
ACGTATCACAATGGAA,R1,C0
ACGTATCACACTTCGA,R0,C0
ACGTATCACAGCGTTA,R0,C6
ACGTATCACATACCAA,R8,C2
ACGTATCACCAGTTCA,R8,C0
ACGTATCACCGAAGTA,R6,C2
ACGTATCACCGTGAGA,R2,C1
ACGTATCACCTCCTGA,R2,C6
ACGTATCACGAACTTA,R2,C1
ACGTATCACGACTGGA,R2,C1
ACGTATCACGCATACA,R2,C3
ACGTATCACTCAATGA,R2,C6
ACGTATCACTGAGCCA,R2,C6
ACGTATCACTGGCATA,R7,C5
ACGTATCAGAATCTGA,R2,C1
ACGTATCACAAGACTA,R2,C1
ACGTATCAGAGCTGAA,R2,C6
ACGTATCAGATAGACA,R2,C1
ACGTATCAGCCACATA,R2,C1
ACGTATCAGCGAGTAA,R2,C2
ACGTATCAGCTAACGA,R2,C1
ACGTATCAGCTCGGTA,R2,C7
ACGTATCAGGAGAACA,R2,C1
ACGTATCAGGTGCGAA,R2,C1
ACGTATCAGTACGCAA,R2,C1
ACGTATCAGTCGTAGA,R3,C5
ACGTATCAGTCTGTCA,R2,C1
ACGTATCAGTGTTCTA,R2,C1
ACGTATCAACATTGGC,R7,C10
ACGTATCATAGGATGA,R2,C1
ACGTATCATATCAGCA,R3,C1
ACGTATCATCCGTCTA,R3,C5
ACGTATCATCTTCACA,R3,C1
ACGTATCATGAAGAGA,R2,C5
ACGTATCATGGAACAA,R2,C2
ACGTATCATGGCTTCA,R3,C1
ACGTATCATGGTGGTA,R4,C5
ACGTATCATTCACGCA,R2,C5
ACGTATCAAACTCACC,R6,C1
ACGTATCACAGATCTG,R7,C5
ACGTATCAAAGAGATC,R2,C1
ACGTATCAAAGGACAC,R4,C3
ACGTATCAAATCCGTC,R5,C3
ACGTATCAAATGTTGC,R5,C3
ACGTATCAACACGACC,R5,C3
ACGTATCAACAGATTC,R4,C3
ACGTATCAAGATGTAC,R5,C3
ACGTATCAAGCACCTC,R5,C3
ACGTATCAAGCCATGC,R4,C1
ACGTATCAAGGCTAAC,R3,C7
ACGTATCACATCAAGT,R7,C5
ACGTATCAATAGCGAC,R3,C9
ACGTATCAATCATTCC,R2,C9
ACGTATCAATTGGCTC,R3,C9
ACGTATCACAAGGAGC,R3,C9
ACGTATCACACCTTAC,R3,C9
ACGTATCACCATCCTC,R3,C2
ACGTATCACCGACAAC,R3,C9
ACGTATCACCTAATCC,R3,C5
ACGTATCACCTCTATC,R2,C7
ACGTATCACGACACAC,R3,C1
ACGTATCACGCTGATC,R3,C7
ACGTATCACGGATTGC,R3,C12
ACGTATCACTAAGGTC,R3,C12
ACGTATCAGAACAGGC,R3,C12
ACGTATCAGACAGTGC,R3,C12
ACGTATCAGAGTTAGC,R3,C8
ACGTATCAGATGAATC,R3,C5
ACGTATCAGCCAAGAC,R3,C2
ACGTATCACGGAAGAA,R4,C8
ACGTATCAGTGACAAG,R8,C8
ACGTATCAGAACCAGA,R3,C8
GAGTTAGCTTGCTGGA,R0,C2
GAGTTAGCACGCTCGA,R0,C4
GAGTTAGCACGTATCA,R1,C5
GAGTTAGCACTATGCA,R3,C7
GAGTTAGCAGAGTCAA,R3,C5
GAGTTAGCAGATCGCA,R1,C7
GAGTTAGCAGCAGGAA,R10,C5
GAGTTAGCAGTCACTA,R1,C6
GAGTTAGCATCCTGTA,R1,C6
GAGTTAGCATTGAGGA,R0,C7
GAGTTAGCCAACCACA,R0,C4
GAGTTAGCGACTAGTA,R1,C7
GAGTTAGCCAATGGAA,R0,C6
GAGTTAGCCACTTCGA,R0,C0
GAGTTAGCCAGCGTTA,R0,C6
GAGTTAGCCATACCAA,R0,C7
GAGTTAGCCCAGTTCA,R0,C4
GAGTTAGCCCGAAGTA,R0,C0
GAGTTAGCCCGTGAGA,R0,C0
GAGTTAGCCCTCCTGA,R0,C4
GAGTTAGCCGAACTTA,R1,C2
GAGTTAGCCGACTGGA,R0,C0
GAGTTAGCCGCATACA,R0,C0
GAGTTAGCCTCAATGA,R1,C4
GAGTTAGCCTGAGCCA,R0,C4
GAGTTAGCCTGGCATA,R0,C0
GAGTTAGCGAATCTGA,R0,C2
GAGTTAGCCAAGACTA,R0,C0
GAGTTAGCGAGCTGAA,R0,C2
GAGTTAGCGATAGACA,R0,C5
GAGTTAGCGCCACATA,R4,C3
GAGTTAGCGCGAGTAA,R0,C0
GAGTTAGCGCTAACGA,R0,C0
GAGTTAGCGCTCGGTA,R0,C0
GAGTTAGCGGAGAACA,R1,C2
GAGTTAGCGGTGCGAA,R0,C0
GAGTTAGCGTACGCAA,R0,C0
GAGTTAGCGTCGTAGA,R0,C2
GAGTTAGCGTCTGTCA,R1,C5
GAGTTAGCGTGTTCTA,R1,C0
GAGTTAGCTAGGATGA,R4,C3
GAGTTAGCTATCAGCA,R6,C5
GAGTTAGCTCCGTCTA,R0,C10
GAGTTAGCTCTTCACA,R0,C0
GAGTTAGCTGAAGAGA,R1,C2
GAGTTAGCTGGAACAA,R0,C0
GAGTTAGCTGGCTTCA,R0,C0
GAGTTAGCTGGTGGTA,R0,C6
GAGTTAGCTTCACGCA,R1,C0
GAGTTAGCAACTCACC,R4,C2
GAGTTAGCAAGAGATC,R6,C7
GAGTTAGCAAGGACAC,R0,C0
GAGTTAGCAATCCGTC,R1,C5
GAGTTAGCAATGTTGC,R3,C0
GAGTTAGCACACGACC,R0,C2
GAGTTAGCACAGATTC,R0,C0
GAGTTAGCAGATGTAC,R0,C6
GAGTTAGCAGCACCTC,R0,C0
GAGTTAGCAGCCATGC,R6,C5
GAGTTAGCAGGCTAAC,R0,C0
GAGTTAGCATAGCGAC,R0,C0
GAGTTAGCATCATTCC,R0,C2
GAGTTAGCATTGGCTC,R1,C0
GAGTTAGCCAAGGAGC,R0,C0
GAGTTAGCCACCTTAC,R0,C2
GAGTTAGCCCATCCTC,R0,C0
GAGTTAGCCCGACAAC,R0,C0
GAGTTAGCCCTAATCC,R0,C0
GAGTTAGCCCTCTATC,R3,C6
GAGTTAGCCGACACAC,R1,C4
GAGTTAGCCGGATTGC,R6,C5
GAGTTAGCCTAAGGTC,R0,C0
GAGTTAGCGAACAGGC,R0,C4
GAGTTAGCGACAGTGC,R0,C4
GAGTTAGCGAGTTAGC,R0,C2
GAGTTAGCGATGAATC,R1,C5
GAGTTAGCGCCAAGAC,R3,C2
GAGTTAGCCGGAAGAA,R7,C7
GAGTTAGCGTGACAAG,R6,C2
GAGTTAGCGAACCAGA,R1,C5
ACGCTCGAACAAGCTA,R1,C2
ACGCTCGATTGCTGGA,R3,C7
ACGCTCGACTGTAGCC,R1,C2
ACGCTCGAAGTACAAG,R0,C0
ACGCTCGAAACAACCA,R0,C0
ACGCTCGAAACCGAGA,R6,C0
ACGCTCGAAACGCTTA,R10,C6
ACGCTCGAAAGACGGA,R0,C5
ACGCTCGAAAGGTACA,R3,C5
ACGCTCGAACACAGAA,R0,C0
ACGCTCGAACAGCAGA,R1,C5
ACGCTCGAACCTCCAA,R0,C0
ACGCTCGAACGCTCGA,R3,C0
ACGCTCGAACGTATCA,R0,C10
ACGCTCGAACTATGCA,R0,C1
ACGCTCGAAGAGTCAA,R0,C0
ACGCTCGAAGATCGCA,R0,C0
ACGCTCGAAGCAGGAA,R0,C0
ACGCTCGAAGTCACTA,R0,C5
ACGCTCGAATCCTGTA,R0,C0
ACGCTCGAATTGAGGA,R6,C3
ACGCTCGACAACCACA,R1,C7
ACGCTCGAGACTAGTA,R3,C0
ACGCTCGACAATGGAA,R0,C0
ACGCTCGACACTTCGA,R3,C10
ACGCTCGACAGCGTTA,R0,C10
ACGCTCGACATACCAA,R6,C2
ACGCTCGACCAGTTCA,R0,C0
ACGCTCGACCGAAGTA,R6,C7
ACGCTCGACCGTGAGA,R2,C1
ACGCTCGACCTCCTGA,R2,C1
ACGCTCGACGAACTTA,R2,C1
ACGCTCGACGACTGGA,R2,C1
ACGCTCGACGCATACA,R2,C1
ACGCTCGACTCAATGA,R2,C2
ACGCTCGACTGAGCCA,R2,C1
ACGCTCGACTGGCATA,R2,C1
ACGCTCGAGAATCTGA,R2,C1
ACGCTCGACAAGACTA,R2,C6
ACGCTCGAGAGCTGAA,R2,C1
ACGCTCGAGATAGACA,R2,C1
ACGCTCGAGCCACATA,R2,C1
ACGCTCGAGCGAGTAA,R2,C6
ACGCTCGAGCTAACGA,R2,C1
ACGCTCGAGCTCGGTA,R2,C1
ACGCTCGAGGAGAACA,R2,C1
ACGCTCGAGGTGCGAA,R2,C1
ACGCTCGAGTACGCAA,R2,C1
ACGCTCGAGTCGTAGA,R2,C6
ACGCTCGAGTCTGTCA,R2,C1
ACGCTCGAGTGTTCTA,R2,C1
ACGCTCGAACATTGGC,R1,C2
ACGCTCGATAGGATGA,R2,C1
ACGCTCGATATCAGCA,R2,C1
ACGCTCGATCCGTCTA,R2,C1
ACGCTCGATCTTCACA,R2,C1
ACGCTCGATGAAGAGA,R2,C1
ACGCTCGATGGAACAA,R3,C6
ACGCTCGATGGCTTCA,R2,C1
ACGCTCGATGGTGGTA,R2,C1
ACGCTCGATTCACGCA,R2,C1
ACGCTCGAAACTCACC,R2,C1
ACGCTCGACAGATCTG,R7,C2
ACGCTCGAAAGAGATC,R3,C1
ACGCTCGAAAGGACAC,R5,C2
ACGCTCGAAATCCGTC,R5,C5
ACGCTCGAAATGTTGC,R5,C3
ACGCTCGAACACGACC,R5,C3
ACGCTCGAACAGATTC,R5,C2
ACGCTCGAAGATGTAC,R5,C2
ACGCTCGAAGCACCTC,R5,C2
ACGCTCGAAGCCATGC,R3,C9
ACGCTCGAAGGCTAAC,R3,C9
ACGCTCGACATCAAGT,R7,C5
ACGCTCGAATAGCGAC,R3,C9
ACGCTCGAATCATTCC,R3,C9
ACGCTCGAATTGGCTC,R3,C0
ACGCTCGACAAGGAGC,R3,C9
ACGCTCGACACCTTAC,R3,C9
ACGCTCGACCATCCTC,R3,C9
ACGCTCGACCGACAAC,R2,C9
ACGCTCGACCTAATCC,R3,C9
ACGCTCGACCTCTATC,R3,C3
ACGCTCGACGACACAC,R3,C12
ACGCTCGACGCTGATC,R1,C2
ACGCTCGACGGATTGC,R3,C12
ACGCTCGACTAAGGTC,R3,C12
ACGCTCGAGAACAGGC,R3,C12
ACGCTCGAGACAGTGC,R3,C12
ACGCTCGAGAGTTAGC,R3,C8
ACGCTCGAGATGAATC,R4,C3
ACGCTCGAGCCAAGAC,R4,C2
ACGCTCGACGGAAGAA,R0,C8
ACGCTCGAGTGACAAG,R3,C0
ACGCTCGAGAACCAGA,R3,C2
ACCTCCAAACAAGCTA,R6,C10
ACCTCCAATTGCTGGA,R3,C2
ACCTCCAACTGTAGCC,R6,C2
ACCTCCAAAGTACAAG,R1,C0
ACCTCCAAAACAACCA,R3,C0
ACCTCCAAAACCGAGA,R0,C0
ACCTCCAAAACGCTTA,R0,C0
ACCTCCAAAAGACGGA,R0,C10
ACCTCCAAAAGGTACA,R1,C6
ACCTCCAAACACAGAA,R0,C2
ACCTCCAAACAGCAGA,R0,C0
ACCTCCAAACCTCCAA,R0,C5
ACCTCCAAACGCTCGA,R1,C0
ACCTCCAAACGTATCA,R0,C0
ACCTCCAAACTATGCA,R1,C5
ACCTCCAAAGAGTCAA,R0,C0
ACCTCCAAAGATCGCA,R0,C0
ACCTCCAAAGCAGGAA,R8,C3
ACCTCCAAAGTCACTA,R0,C5
ACCTCCAAATCCTGTA,R0,C3
ACCTCCAAATTGAGGA,R0,C2
ACCTCCAACAACCACA,R0,C6
ACCTCCAAGACTAGTA,R0,C0
ACCTCCAACAATGGAA,R0,C0
ACCTCCAACACTTCGA,R0,C0
ACCTCCAACAGCGTTA,R0,C0
ACCTCCAACATACCAA,R8,C8
ACCTCCAACCAGTTCA,R6,C0
ACCTCCAACCGAAGTA,R0,C2
ACCTCCAACCGTGAGA,R7,C2
ACCTCCAACCTCCTGA,R3,C1
ACCTCCAACGAACTTA,R2,C1
ACCTCCAACGACTGGA,R2,C6
ACCTCCAACGCATACA,R6,C7
ACCTCCAACTCAATGA,R2,C1
ACCTCCAACTGAGCCA,R2,C1
ACCTCCAACTGGCATA,R2,C1
ACCTCCAAGAATCTGA,R2,C1
ACCTCCAACAAGACTA,R2,C1
ACCTCCAAGAGCTGAA,R2,C2
ACCTCCAAGATAGACA,R2,C5
ACCTCCAAGCCACATA,R2,C1
ACCTCCAAGCGAGTAA,R2,C2
ACCTCCAAGCTAACGA,R2,C6
ACCTCCAAGCTCGGTA,R2,C2
ACCTCCAAGGAGAACA,R2,C1
ACCTCCAAGGTGCGAA,R0,C5
ACCTCCAAGTACGCAA,R2,C1
ACCTCCAAGTCGTAGA,R2,C1
ACCTCCAAGTCTGTCA,R2,C1
ACCTCCAAGTGTTCTA,R2,C1
ACCTCCAAACATTGGC,R1,C2
ACCTCCAATAGGATGA,R2,C1
ACCTCCAATATCAGCA,R2,C10
ACCTCCAATCCGTCTA,R2,C1
ACCTCCAATCTTCACA,R2,C1
ACCTCCAATGAAGAGA,R2,C1
ACCTCCAATGGAACAA,R1,C1
ACCTCCAATGGCTTCA,R2,C1
ACCTCCAATGGTGGTA,R2,C9
ACCTCCAATTCACGCA,R2,C5
ACCTCCAAAACTCACC,R3,C1
ACCTCCAACAGATCTG,R1,C2
ACCTCCAAAAGAGATC,R3,C1
ACCTCCAAAAGGACAC,R5,C3
ACCTCCAAAATCCGTC,R5,C3
ACCTCCAAAATGTTGC,R5,C3
ACCTCCAAACACGACC,R5,C3
ACCTCCAAACAGATTC,R5,C3
ACCTCCAAAGATGTAC,R5,C6
ACCTCCAAAGCACCTC,R4,C10
ACCTCCAAAGCCATGC,R3,C6
ACCTCCAAAGGCTAAC,R3,C9
ACCTCCAACATCAAGT,R7,C5
ACCTCCAAATAGCGAC,R3,C9
ACCTCCAAATCATTCC,R3,C9
ACCTCCAAATTGGCTC,R3,C9
ACCTCCAACAAGGAGC,R3,C9
ACCTCCAACACCTTAC,R3,C9
ACCTCCAACCATCCTC,R3,C9
ACCTCCAACCGACAAC,R3,C9
ACCTCCAACCTAATCC,R3,C9
ACCTCCAACCTCTATC,R3,C9
ACCTCCAACGACACAC,R3,C3
ACCTCCAACGCTGATC,R7,C5
ACCTCCAACGGATTGC,R3,C12
ACCTCCAACTAAGGTC,R3,C12
ACCTCCAAGAACAGGC,R3,C12
ACCTCCAAGACAGTGC,R3,C12
ACCTCCAAGAGTTAGC,R4,C3
ACCTCCAAGATGAATC,R3,C2
ACCTCCAAGCCAAGAC,R4,C2
ACCTCCAACGGAAGAA,R6,C5
ACCTCCAAGTGACAAG,R3,C6
ACCTCCAAGAACCAGA,R3,C2
ACAGCAGAACAAGCTA,R7,C6
ACAGCAGATTGCTGGA,R7,C2
ACAGCAGACTGTAGCC,R10,C6
ACAGCAGAAGTACAAG,R1,C2
ACAGCAGAAACAACCA,R0,C0
ACAGCAGAAACCGAGA,R0,C0
ACAGCAGAAACGCTTA,R1,C2
ACAGCAGAAAGACGGA,R0,C0
ACAGCAGAAAGGTACA,R7,C5
ACAGCAGAACACAGAA,R3,C0
ACAGCAGAACAGCAGA,R3,C0
ACAGCAGAACCTCCAA,R0,C0
ACAGCAGAACGCTCGA,R3,C2
ACAGCAGAACGTATCA,R0,C0
ACAGCAGAACTATGCA,R0,C6
ACAGCAGAAGAGTCAA,R0,C0
ACAGCAGAAGATCGCA,R0,C6
ACAGCAGAAGCAGGAA,R0,C0
ACAGCAGAAGTCACTA,R0,C0
ACAGCAGAATCCTGTA,R3,C3
ACAGCAGAATTGAGGA,R7,C5
ACAGCAGACAACCACA,R0,C0
ACAGCAGAGACTAGTA,R0,C0
ACAGCAGACAATGGAA,R6,C0
ACAGCAGACACTTCGA,R0,C0
ACAGCAGACAGCGTTA,R1,C0
ACAGCAGACATACCAA,R6,C5
ACAGCAGACCAGTTCA,R6,C2
ACAGCAGACCGAAGTA,R3,C0
ACAGCAGACCGTGAGA,R2,C2
ACAGCAGACCTCCTGA,R2,C6
ACAGCAGACGAACTTA,R2,C1
ACAGCAGACGACTGGA,R2,C1
ACAGCAGACGCATACA,R2,C1
ACAGCAGACTCAATGA,R2,C1
ACAGCAGACTGAGCCA,R2,C1
ACAGCAGACTGGCATA,R3,C1
ACAGCAGAGAATCTGA,R2,C1
ACAGCAGACAAGACTA,R4,C3
ACAGCAGAGAGCTGAA,R2,C1
ACAGCAGAGATAGACA,R2,C1
ACAGCAGAGCCACATA,R2,C1
ACAGCAGAGCGAGTAA,R2,C1
ACAGCAGAGCTAACGA,R2,C1
ACAGCAGAGCTCGGTA,R2,C7
ACAGCAGAGGAGAACA,R3,C2
ACAGCAGAGGTGCGAA,R2,C7
ACAGCAGAGTACGCAA,R2,C1
ACAGCAGAGTCGTAGA,R2,C6
ACAGCAGAGTCTGTCA,R2,C1
ACAGCAGAGTGTTCTA,R2,C1
ACAGCAGATAGGATGA,R2,C1
ACAGCAGATATCAGCA,R2,C1
ACAGCAGATCCGTCTA,R3,C1
ACAGCAGATCTTCACA,R2,C1
ACAGCAGATGAAGAGA,R2,C9
ACAGCAGATGGAACAA,R3,C9
ACAGCAGATGGCTTCA,R2,C1
ACAGCAGATGGTGGTA,R4,C6
ACAGCAGATTCACGCA,R2,C1
ACAGCAGAAACTCACC,R2,C1
ACAGCAGACAGATCTG,R7,C2
ACAGCAGAAAGAGATC,R5,C3
ACAGCAGAAAGGACAC,R5,C5
ACAGCAGAAATCCGTC,R5,C3
ACAGCAGAAATGTTGC,R5,C3
ACAGCAGAACACGACC,R5,C3
ACAGCAGAACAGATTC,R5,C3
ACAGCAGAAGATGTAC,R5,C2
ACAGCAGAAGCACCTC,R3,C10
ACAGCAGAAGCCATGC,R3,C9
ACAGCAGAAGGCTAAC,R3,C9
ACAGCAGACATCAAGT,R1,C2
ACAGCAGAATAGCGAC,R3,C9
ACAGCAGAATCATTCC,R3,C9
ACAGCAGAATTGGCTC,R3,C9
ACAGCAGACAAGGAGC,R3,C10
ACAGCAGACACCTTAC,R3,C5
ACAGCAGACCATCCTC,R3,C9
ACAGCAGACCGACAAC,R3,C9
ACAGCAGACCTAATCC,R2,C10
ACAGCAGACCTCTATC,R3,C7
ACAGCAGACGACACAC,R3,C6
ACAGCAGACGCTGATC,R7,C5
ACAGCAGACGGATTGC,R3,C12
ACAGCAGACTAAGGTC,R3,C12
ACAGCAGAGAACAGGC,R3,C12
ACAGCAGAGACAGTGC,R3,C12
ACAGCAGAGAGTTAGC,R3,C12
ACAGCAGAGATGAATC,R3,C8
ACAGCAGAGCCAAGAC,R3,C8
ACAGCAGACGGAAGAA,R8,C0
ACAGCAGAGTGACAAG,R4,C8
ACAGCAGAGAACCAGA,R3,C2
ACACAGAAACAAGCTA,R7,C7
ACACAGAATTGCTGGA,R1,C2
ACACAGAACTGTAGCC,R7,C5
ACACAGAAAGTACAAG,R7,C5
ACACAGAAAACAACCA,R0,C2
ACACAGAAAACCGAGA,R1,C2
ACACAGAAAACGCTTA,R0,C0
ACACAGAAAAGACGGA,R0,C0
ACACAGAAAAGGTACA,R0,C10
ACACAGAAACACAGAA,R0,C0
ACACAGAAACAGCAGA,R6,C0
ACACAGAAACCTCCAA,R1,C6
ACACAGAAACGCTCGA,R0,C0
ACACAGAAACGTATCA,R0,C0
ACACAGAAACTATGCA,R0,C0
ACACAGAAAGAGTCAA,R3,C5
ACACAGAAAGATCGCA,R0,C0
ACACAGAAAGCAGGAA,R0,C0
ACACAGAAAGTCACTA,R0,C6
ACACAGAAATCCTGTA,R6,C6
ACACAGAAATTGAGGA,R7,C7
ACACAGAACAACCACA,R0,C0
ACACAGAAGACTAGTA,R0,C0
ACACAGAACAATGGAA,R8,C5
ACACAGAACACTTCGA,R0,C10
ACACAGAACAGCGTTA,R1,C2
ACACAGAACATACCAA,R0,C2
ACACAGAACCAGTTCA,R6,C2
ACACAGAACCGAAGTA,R3,C0
ACACAGAACCGTGAGA,R1,C7
ACACAGAACCTCCTGA,R6,C1
ACACAGAACGAACTTA,R2,C1
ACACAGAACGACTGGA,R2,C1
ACACAGAACGCATACA,R1,C0
ACACAGAACTCAATGA,R2,C6
ACACAGAACTGAGCCA,R2,C1
ACACAGAACTGGCATA,R2,C1
ACACAGAAGAATCTGA,R2,C1
ACACAGAACAAGACTA,R4,C2
ACACAGAAGAGCTGAA,R2,C1
ACACAGAAGATAGACA,R2,C1
ACACAGAAGCCACATA,R4,C3
ACACAGAAGCGAGTAA,R2,C1
ACACAGAAGCTAACGA,R2,C1
ACACAGAAGCTCGGTA,R2,C1
ACACAGAAGGAGAACA,R2,C1
ACACAGAAGGTGCGAA,R2,C2
ACACAGAAGTACGCAA,R2,C1
ACACAGAAGTCGTAGA,R2,C1
ACACAGAAGTCTGTCA,R2,C1
ACACAGAAGTGTTCTA,R2,C6
ACACAGAATAGGATGA,R2,C1
ACACAGAATATCAGCA,R2,C1
ACACAGAATCCGTCTA,R2,C1
ACACAGAATCTTCACA,R2,C1
ACACAGAATGAAGAGA,R2,C1
ACACAGAATGGAACAA,R2,C1
ACACAGAATGGCTTCA,R3,C1
ACACAGAATGGTGGTA,R2,C1
ACACAGAATTCACGCA,R2,C1
ACACAGAAAACTCACC,R3,C2
ACACAGAACAGATCTG,R1,C7
ACACAGAAAAGAGATC,R4,C1
ACACAGAAAAGGACAC,R5,C3
ACACAGAAAATCCGTC,R5,C2
ACACAGAAAATGTTGC,R5,C3
ACACAGAAACACGACC,R5,C3
ACACAGAAACAGATTC,R5,C2
ACACAGAAAGATGTAC,R3,C1
ACACAGAAAGCACCTC,R3,C1
ACACAGAAAGCCATGC,R3,C9
ACACAGAAAGGCTAAC,R3,C9
ACACAGAACATCAAGT,R1,C2
ACACAGAAATAGCGAC,R3,C9
ACACAGAAATCATTCC,R3,C9
ACACAGAAATTGGCTC,R3,C9
ACACAGAACAAGGAGC,R3,C9
ACACAGAACACCTTAC,R3,C9
ACACAGAACCATCCTC,R3,C9
ACACAGAACCGACAAC,R3,C10
ACACAGAACCTAATCC,R3,C9
ACACAGAACCTCTATC,R3,C9
ACACAGAACGACACAC,R2,C1
ACACAGAACGCTGATC,R10,C5
ACACAGAACGGATTGC,R3,C12
ACACAGAACTAAGGTC,R3,C12
ACACAGAAGAACAGGC,R3,C12
ACACAGAAGACAGTGC,R3,C12
ACACAGAAGAGTTAGC,R3,C3
ACACAGAAGATGAATC,R3,C8
ACACAGAAGCCAAGAC,R3,C8
ACACAGAACGGAAGAA,R3,C10
ACACAGAAGTGACAAG,R3,C7
ACACAGAAGAACCAGA,R3,C5
AAGGTACAACAAGCTA,R7,C5
AAGGTACATTGCTGGA,R1,C0
AAGGTACACTGTAGCC,R0,C6
AAGGTACAAGTACAAG,R7,C7
AAGGTACAAACAACCA,R3,C7
AAGGTACAAACCGAGA,R1,C2
AAGGTACAAACGCTTA,R0,C0
AAGGTACAAAGACGGA,R0,C0
AAGGTACAAAGGTACA,R0,C0
AAGGTACAACACAGAA,R0,C2
AAGGTACAACAGCAGA,R1,C0
AAGGTACAACCTCCAA,R1,C5
AAGGTACAACGCTCGA,R3,C2
AAGGTACAACGTATCA,R1,C0
AAGGTACAACTATGCA,R6,C7
AAGGTACAAGAGTCAA,R1,C6
AAGGTACAAGATCGCA,R0,C0
AAGGTACAAGCAGGAA,R0,C0
AAGGTACAAGTCACTA,R0,C2
AAGGTACAATCCTGTA,R0,C0
AAGGTACAATTGAGGA,R0,C0
AAGGTACACAACCACA,R0,C3
AAGGTACAGACTAGTA,R0,C5
AAGGTACACAATGGAA,R1,C0
AAGGTACACACTTCGA,R0,C0
AAGGTACACAGCGTTA,R3,C0
AAGGTACACATACCAA,R1,C0
AAGGTACACCAGTTCA,R1,C3
AAGGTACACCGAAGTA,R0,C0
AAGGTACACCGTGAGA,R7,C5
AAGGTACACCTCCTGA,R4,C3
AAGGTACACGAACTTA,R2,C6
AAGGTACACGACTGGA,R4,C3
AAGGTACACGCATACA,R3,C1
AAGGTACACTCAATGA,R2,C6
AAGGTACACTGAGCCA,R2,C1
AAGGTACACTGGCATA,R2,C1
AAGGTACAGAATCTGA,R2,C1
AAGGTACACAAGACTA,R2,C1
AAGGTACAGAGCTGAA,R4,C3
AAGGTACAGATAGACA,R2,C1
AAGGTACAGCCACATA,R2,C7
AAGGTACAGCGAGTAA,R2,C1
AAGGTACAGCTAACGA,R2,C1
AAGGTACAGCTCGGTA,R2,C7
AAGGTACAGGAGAACA,R6,C2
AAGGTACAGGTGCGAA,R2,C1
AAGGTACAGTACGCAA,R2,C1
AAGGTACAGTCGTAGA,R3,C1
AAGGTACAGTCTGTCA,R2,C1
AAGGTACAGTGTTCTA,R2,C1
AAGGTACATAGGATGA,R2,C9
AAGGTACATATCAGCA,R2,C1
AAGGTACATCCGTCTA,R2,C5
AAGGTACATCTTCACA,R2,C7
AAGGTACATGAAGAGA,R0,C1
AAGGTACATGGAACAA,R2,C1
AAGGTACATGGCTTCA,R2,C1
AAGGTACATGGTGGTA,R3,C1
AAGGTACATTCACGCA,R3,C1
AAGGTACAAACTCACC,R2,C6
AAGGTACAAAGAGATC,R4,C3
AAGGTACAAAGGACAC,R4,C6
AAGGTACAAATCCGTC,R4,C10
AAGGTACAAATGTTGC,R4,C3
AAGGTACAACACGACC,R4,C1
AAGGTACAACAGATTC,R2,C1
AAGGTACAAGATGTAC,R4,C1
AAGGTACAAGCACCTC,R2,C7
AAGGTACAAGCCATGC,R3,C9
AAGGTACAAGGCTAAC,R3,C9
AAGGTACACATCAAGT,R1,C10
AAGGTACAATAGCGAC,R3,C9
AAGGTACAATCATTCC,R3,C9
AAGGTACAATTGGCTC,R3,C6
AAGGTACACAAGGAGC,R3,C9
AAGGTACACACCTTAC,R2,C9
AAGGTACACCATCCTC,R2,C9
AAGGTACACCGACAAC,R3,C9
AAGGTACACCTAATCC,R2,C5
AAGGTACACCTCTATC,R2,C9
AAGGTACACGACACAC,R3,C9
AAGGTACACGCTGATC,R1,C5
AAGGTACACGGATTGC,R3,C12
AAGGTACACTAAGGTC,R3,C12
AAGGTACAGAACAGGC,R3,C12
AAGGTACAGACAGTGC,R3,C12
AAGGTACAGAGTTAGC,R3,C6
AAGGTACAGATGAATC,R7,C5
AAGGTACAGCCAAGAC,R3,C8
AAGGTACACGGAAGAA,R3,C8
AAGGTACAGTGACAAG,R7,C10
AAGGTACAGAACCAGA,R3,C3
AAGACGGAACAAGCTA,R7,C5
AAGACGGATTGCTGGA,R3,C0
AAGACGGACTGTAGCC,R7,C5
AAGACGGAAGTACAAG,R1,C2
AAGACGGAAACAACCA,R8,C2
AAGACGGAAACCGAGA,R3,C0
AAGACGGAAACGCTTA,R0,C0
AAGACGGAAAGACGGA,R0,C6
AAGACGGAAAGGTACA,R0,C5
AAGACGGAACACAGAA,R0,C0
AAGACGGAACAGCAGA,R0,C0
AAGACGGAACCTCCAA,R0,C10
AAGACGGAACGCTCGA,R6,C0
AAGACGGAACGTATCA,R0,C0
AAGACGGAACTATGCA,R0,C0
AAGACGGAAGAGTCAA,R0,C0
AAGACGGAAGATCGCA,R2,C6
AAGACGGAAGCAGGAA,R1,C10
AAGACGGAAGTCACTA,R0,C7
AAGACGGAATCCTGTA,R0,C0
AAGACGGAATTGAGGA,R0,C0
AAGACGGACAACCACA,R0,C0
AAGACGGAGACTAGTA,R0,C0
AAGACGGACAATGGAA,R0,C0
AAGACGGACACTTCGA,R0,C0
AAGACGGACAGCGTTA,R6,C6
AAGACGGACATACCAA,R4,C2
AAGACGGACCAGTTCA,R1,C2
AAGACGGACCGAAGTA,R1,C2
AAGACGGACCGTGAGA,R1,C5
AAGACGGACCTCCTGA,R4,C3
AAGACGGACGAACTTA,R2,C1
AAGACGGACGACTGGA,R2,C1
AAGACGGACGCATACA,R2,C2
AAGACGGACTCAATGA,R2,C1
AAGACGGACTGAGCCA,R2,C1
AAGACGGACTGGCATA,R2,C1
AAGACGGAGAATCTGA,R2,C1
AAGACGGACAAGACTA,R2,C6
AAGACGGAGAGCTGAA,R3,C1
AAGACGGAGATAGACA,R2,C6
AAGACGGAGCCACATA,R2,C1
AAGACGGAGCGAGTAA,R2,C6
AAGACGGAGCTAACGA,R2,C1
AAGACGGAGCTCGGTA,R8,C6
AAGACGGAGGAGAACA,R7,C1
AAGACGGAGGTGCGAA,R3,C1
AAGACGGAGTACGCAA,R2,C1
AAGACGGAGTCGTAGA,R0,C1
AAGACGGAGTCTGTCA,R2,C1
AAGACGGAGTGTTCTA,R3,C10
AAGACGGATAGGATGA,R3,C1
AAGACGGATATCAGCA,R3,C7
AAGACGGATCCGTCTA,R3,C5
AAGACGGATCTTCACA,R1,C1
AAGACGGATGAAGAGA,R3,C1
AAGACGGATGGAACAA,R3,C1
AAGACGGATGGCTTCA,R2,C1
AAGACGGATGGTGGTA,R2,C1
AAGACGGATTCACGCA,R3,C1
AAGACGGAAACTCACC,R2,C1
AAGACGGAAAGAGATC,R4,C1
AAGACGGAAAGGACAC,R4,C1
AAGACGGAAATCCGTC,R3,C7
AAGACGGAAATGTTGC,R3,C1
AAGACGGAACACGACC,R4,C1
AAGACGGAACAGATTC,R3,C6
AAGACGGAAGATGTAC,R3,C9
AAGACGGAAGCACCTC,R2,C9
AAGACGGAAGCCATGC,R2,C9
AAGACGGAAGGCTAAC,R3,C9
AAGACGGACATCAAGT,R1,C2
AAGACGGAATAGCGAC,R3,C9
AAGACGGAATCATTCC,R3,C9
AAGACGGAATTGGCTC,R0,C9
AAGACGGACAAGGAGC,R3,C9
AAGACGGACACCTTAC,R3,C9
AAGACGGACCATCCTC,R3,C9
AAGACGGACCGACAAC,R2,C9
AAGACGGACCTAATCC,R3,C9
AAGACGGACCTCTATC,R3,C9
AAGACGGACGACACAC,R2,C9
AAGACGGACGCTGATC,R3,C5
AAGACGGACGGATTGC,R3,C12
AAGACGGACTAAGGTC,R3,C12
AAGACGGAGAACAGGC,R3,C12
AAGACGGAGACAGTGC,R3,C12
AAGACGGAGAGTTAGC,R3,C9
AAGACGGAGATGAATC,R3,C8
AAGACGGAGCCAAGAC,R6,C2
AAGACGGACGGAAGAA,R3,C7
AAGACGGAGTGACAAG,R3,C7
AAGACGGAGAACCAGA,R4,C10
AACGCTTAACAAGCTA,R7,C5
AACGCTTATTGCTGGA,R7,C2
AACGCTTACTGTAGCC,R7,C5
AACGCTTAAGTACAAG,R1,C2
AACGCTTAAACAACCA,R3,C10
AACGCTTAAACCGAGA,R3,C2
AACGCTTAAACGCTTA,R1,C6
AACGCTTAAAGACGGA,R0,C6
AACGCTTAAAGGTACA,R0,C5
AACGCTTAACACAGAA,R0,C0
AACGCTTAACAGCAGA,R0,C0
AACGCTTAACCTCCAA,R0,C0
AACGCTTAACGCTCGA,R0,C0
AACGCTTAACGTATCA,R1,C2
AACGCTTAACTATGCA,R0,C2
AACGCTTAAGAGTCAA,R0,C2
AACGCTTAAGATCGCA,R4,C3
AACGCTTAAGCAGGAA,R1,C6
AACGCTTAAGTCACTA,R0,C5
AACGCTTAATCCTGTA,R1,C2
AACGCTTAATTGAGGA,R3,C0
AACGCTTACAACCACA,R0,C0
AACGCTTAGACTAGTA,R0,C0
AACGCTTACAATGGAA,R0,C0
AACGCTTACACTTCGA,R0,C0
AACGCTTACAGCGTTA,R8,C10
AACGCTTACATACCAA,R3,C10
AACGCTTACCAGTTCA,R0,C0
AACGCTTACCGAAGTA,R0,C5
AACGCTTACCGTGAGA,R0,C5
AACGCTTACCTCCTGA,R0,C0
AACGCTTACGAACTTA,R6,C2
AACGCTTACGACTGGA,R2,C1
AACGCTTACGCATACA,R2,C1
AACGCTTACTCAATGA,R1,C1
AACGCTTACTGAGCCA,R2,C7
AACGCTTACTGGCATA,R2,C1
AACGCTTAGAATCTGA,R2,C1
AACGCTTACAAGACTA,R2,C1
AACGCTTAGAGCTGAA,R2,C1
AACGCTTAGATAGACA,R3,C0
AACGCTTAGCCACATA,R2,C6
AACGCTTAGCGAGTAA,R2,C2
AACGCTTAGCTAACGA,R2,C1
AACGCTTAGCTCGGTA,R4,C2
AACGCTTAGGAGAACA,R2,C1
AACGCTTAGGTGCGAA,R2,C1
AACGCTTAGTACGCAA,R2,C6
AACGCTTAGTCGTAGA,R2,C5
AACGCTTAGTCTGTCA,R2,C5
AACGCTTAGTGTTCTA,R2,C6
AACGCTTATAGGATGA,R2,C0
AACGCTTATATCAGCA,R1,C2
AACGCTTATCCGTCTA,R2,C9
AACGCTTATCTTCACA,R2,C1
AACGCTTATGAAGAGA,R2,C1
AACGCTTATGGAACAA,R2,C6
AACGCTTATGGCTTCA,R2,C2
AACGCTTATGGTGGTA,R8,C1
AACGCTTATTCACGCA,R2,C9
AACGCTTAAACTCACC,R4,C6
AACGCTTAAAGAGATC,R3,C6
AACGCTTAAAGGACAC,R4,C7
AACGCTTAAATCCGTC,R2,C1
AACGCTTAAATGTTGC,R4,C1
AACGCTTAACACGACC,R3,C1
AACGCTTAACAGATTC,R2,C1
AACGCTTAAGATGTAC,R3,C9
AACGCTTAAGCACCTC,R6,C9
AACGCTTAAGCCATGC,R3,C9
AACGCTTAAGGCTAAC,R1,C9
AACGCTTAATAGCGAC,R3,C10
AACGCTTAATCATTCC,R8,C9
AACGCTTAATTGGCTC,R3,C9
AACGCTTACAAGGAGC,R3,C9
AACGCTTACACCTTAC,R3,C6
AACGCTTACCATCCTC,R1,C9
AACGCTTACCGACAAC,R3,C10
AACGCTTACCTAATCC,R2,C6
AACGCTTACCTCTATC,R7,C5
AACGCTTACGACACAC,R3,C6
AACGCTTACGCTGATC,R3,C12
AACGCTTACGGATTGC,R3,C12
AACGCTTACTAAGGTC,R3,C12
AACGCTTAGAACAGGC,R3,C12
AACGCTTAGACAGTGC,R3,C12
AACGCTTAGAGTTAGC,R3,C8
AACGCTTAGATGAATC,R3,C2
AACGCTTAGCCAAGAC,R4,C3
AACGCTTACGGAAGAA,R3,C2
AACGCTTAGTGACAAG,R4,C2
AACGCTTAGAACCAGA,R6,C2
AACCGAGAACAAGCTA,R1,C2
AACCGAGATTGCTGGA,R0,C5
AACCGAGACTGTAGCC,R7,C5
AACCGAGAAGTACAAG,R3,C2
AACCGAGAAACAACCA,R3,C2
AACCGAGAAACCGAGA,R0,C12
AACCGAGAAACGCTTA,R1,C2
AACCGAGAAAGACGGA,R6,C7
AACCGAGAAAGGTACA,R6,C10
AACCGAGAACACAGAA,R0,C0
AACCGAGAACAGCAGA,R0,C0
AACCGAGAACCTCCAA,R6,C5
AACCGAGAACGCTCGA,R0,C2
AACCGAGAACGTATCA,R0,C0
AACCGAGAACTATGCA,R1,C6
AACCGAGAAGAGTCAA,R1,C2
AACCGAGAAGATCGCA,R1,C6
AACCGAGAAGCAGGAA,R0,C0
AACCGAGAAGTCACTA,R0,C0
AACCGAGAATCCTGTA,R0,C0
AACCGAGAATTGAGGA,R0,C0
AACCGAGACAACCACA,R0,C0
AACCGAGAGACTAGTA,R0,C0
AACCGAGACAATGGAA,R0,C2
AACCGAGACACTTCGA,R0,C0
AACCGAGACAGCGTTA,R0,C0
AACCGAGACATACCAA,R0,C0
AACCGAGACCAGTTCA,R0,C0
AACCGAGACCGAAGTA,R0,C5
AACCGAGACCGTGAGA,R1,C10
AACCGAGACCTCCTGA,R0,C0
AACCGAGACGAACTTA,R0,C13
AACCGAGACGACTGGA,R2,C1
AACCGAGACGCATACA,R2,C1
AACCGAGACTCAATGA,R2,C5
AACCGAGACTGAGCCA,R2,C1
AACCGAGACTGGCATA,R2,C1
AACCGAGAGAATCTGA,R1,C1
AACCGAGACAAGACTA,R2,C1
AACCGAGAGAGCTGAA,R2,C3
AACCGAGAGATAGACA,R0,C5
AACCGAGAGCCACATA,R2,C1
AACCGAGAGCGAGTAA,R2,C2
AACCGAGAGCTAACGA,R2,C1
AACCGAGAGCTCGGTA,R2,C1
AACCGAGAGGAGAACA,R2,C1
AACCGAGAGGTGCGAA,R2,C1
AACCGAGAGTACGCAA,R1,C5
AACCGAGAGTCGTAGA,R2,C6
AACCGAGAGTCTGTCA,R2,C1
AACCGAGAGTGTTCTA,R3,C6
AACCGAGATAGGATGA,R1,C1
AACCGAGATATCAGCA,R2,C1
AACCGAGATCCGTCTA,R2,C2
AACCGAGATCTTCACA,R10,C10
AACCGAGATGAAGAGA,R2,C1
AACCGAGATGGAACAA,R2,C1
AACCGAGATGGCTTCA,R3,C6
AACCGAGATGGTGGTA,R2,C1
AACCGAGATTCACGCA,R2,C1
AACCGAGAAACTCACC,R6,C1
AACCGAGAAAGAGATC,R2,C1
AACCGAGAAAGGACAC,R1,C10
AACCGAGAAATCCGTC,R2,C1
AACCGAGAAATGTTGC,R2,C1
AACCGAGAACACGACC,R4,C0
AACCGAGAACAGATTC,R2,C9
AACCGAGAAGATGTAC,R2,C9
AACCGAGAAGCACCTC,R3,C9
AACCGAGAAGCCATGC,R3,C9
AACCGAGAAGGCTAAC,R3,C9
AACCGAGAATAGCGAC,R3,C9
AACCGAGAATCATTCC,R3,C9
AACCGAGAATTGGCTC,R3,C9
AACCGAGACAAGGAGC,R3,C9
AACCGAGACACCTTAC,R3,C9
AACCGAGACCATCCTC,R3,C9
AACCGAGACCGACAAC,R3,C9
AACCGAGACCTAATCC,R3,C9
AACCGAGACCTCTATC,R3,C3
AACCGAGACGACACAC,R3,C9
AACCGAGACGCTGATC,R1,C12
AACCGAGACGGATTGC,R3,C12
AACCGAGACTAAGGTC,R3,C12
AACCGAGAGAACAGGC,R3,C12
AACCGAGAGACAGTGC,R3,C12
AACCGAGAGAGTTAGC,R3,C9
AACCGAGAGATGAATC,R3,C2
AACCGAGAGCCAAGAC,R3,C2
AACCGAGACGGAAGAA,R4,C3
AACCGAGAGTGACAAG,R3,C8
AACCGAGAGAACCAGA,R4,C2
AACAACCAACAAGCTA,R3,C2
AACAACCATTGCTGGA,R3,C2
AACAACCACTGTAGCC,R7,C5
AACAACCAAGTACAAG,R7,C5
AACAACCAAACAACCA,R1,C2
AACAACCAAACCGAGA,R0,C2
AACAACCAAACGCTTA,R0,C0
AACAACCAAAGACGGA,R1,C6
AACAACCAAAGGTACA,R0,C6
AACAACCAACACAGAA,R0,C0
AACAACCAACAGCAGA,R0,C13
AACAACCAACCTCCAA,R0,C0
AACAACCAACGCTCGA,R0,C5
AACAACCAACGTATCA,R0,C2
AACAACCAACTATGCA,R0,C5
AACAACCAAGAGTCAA,R0,C5
AACAACCAAGATCGCA,R1,C3
AACAACCAAGCAGGAA,R3,C2
AACAACCAAGTCACTA,R0,C5
AACAACCAATCCTGTA,R0,C2
AACAACCAATTGAGGA,R0,C6
AACAACCACAACCACA,R0,C6
AACAACCAGACTAGTA,R6,C0
AACAACCACAATGGAA,R0,C0
AACAACCACACTTCGA,R0,C5
AACAACCACAGCGTTA,R1,C10
AACAACCACATACCAA,R3,C0
AACAACCACCAGTTCA,R3,C5
AACAACCACCGAAGTA,R6,C0
AACAACCACCGTGAGA,R0,C0
AACAACCACCTCCTGA,R0,C0
AACAACCACGAACTTA,R0,C13
AACAACCACGACTGGA,R0,C13
AACAACCACGCATACA,R2,C1
AACAACCACTCAATGA,R2,C1
AACAACCACTGAGCCA,R2,C1
AACAACCACTGGCATA,R2,C5
AACAACCAGAATCTGA,R2,C1
AACAACCACAAGACTA,R2,C1
AACAACCAGAGCTGAA,R2,C3
AACAACCAGATAGACA,R2,C1
AACAACCAGCCACATA,R2,C1
AACAACCAGCGAGTAA,R2,C7
AACAACCAGCTAACGA,R2,C1
AACAACCAGCTCGGTA,R2,C10
AACAACCAGGAGAACA,R2,C1
AACAACCAGGTGCGAA,R2,C1
AACAACCAGTACGCAA,R2,C1
AACAACCAGTCGTAGA,R2,C6
AACAACCAGTCTGTCA,R2,C1
AACAACCAGTGTTCTA,R2,C6
AACAACCATAGGATGA,R2,C1
AACAACCATATCAGCA,R2,C1
AACAACCATCCGTCTA,R2,C5
AACAACCATCTTCACA,R2,C5
AACAACCATGAAGAGA,R2,C1
AACAACCATGGAACAA,R3,C1
AACAACCATGGCTTCA,R3,C6
AACAACCATGGTGGTA,R2,C5
AACAACCATTCACGCA,R2,C2
AACAACCAAACTCACC,R2,C5
AACAACCAAAGAGATC,R1,C1
AACAACCAAAGGACAC,R2,C1
AACAACCAAATCCGTC,R3,C1
AACAACCAAATGTTGC,R3,C0
AACAACCAACACGACC,R3,C9
AACAACCAACAGATTC,R3,C9
AACAACCAAGATGTAC,R3,C9
AACAACCAAGCACCTC,R3,C9
AACAACCAAGCCATGC,R3,C9
AACAACCAAGGCTAAC,R3,C9
AACAACCAATAGCGAC,R3,C9
AACAACCAATCATTCC,R3,C7
AACAACCAATTGGCTC,R3,C9
AACAACCACAAGGAGC,R3,C9
AACAACCACACCTTAC,R2,C9
AACAACCACCATCCTC,R3,C2
AACAACCACCGACAAC,R3,C9
AACAACCACCTAATCC,R3,C9
AACAACCACCTCTATC,R3,C7
AACAACCACGACACAC,R3,C9
AACAACCACGGATTGC,R3,C12
AACAACCACTAAGGTC,R3,C12
AACAACCAGAACAGGC,R3,C12
AACAACCAGACAGTGC,R3,C12
AACAACCAGAGTTAGC,R3,C9
AACAACCAGATGAATC,R4,C3
AACAACCAGCCAAGAC,R3,C7
AACAACCACGGAAGAA,R3,C3
AACAACCAGTGACAAG,R3,C6
AACAACCAGAACCAGA,R1,C2
AGTACAAGTTGCTGGA,R3,C2
AGTACAAGCTGTAGCC,R7,C5
AGTACAAGAGTACAAG,R7,C5
AGTACAAGAACAACCA,R7,C7
AGTACAAGAACCGAGA,R1,C2
AGTACAAGAACGCTTA,R7,C2
AGTACAAGAAGACGGA,R1,C5
AGTACAAGAAGGTACA,R3,C2
AGTACAAGACACAGAA,R0,C2
AGTACAAGACAGCAGA,R0,C13
AGTACAAGACCTCCAA,R6,C13
AGTACAAGACGCTCGA,R0,C0
AGTACAAGACGTATCA,R0,C0
AGTACAAGACTATGCA,R0,C0
AGTACAAGAGAGTCAA,R0,C0
AGTACAAGAGATCGCA,R0,C6
AGTACAAGAGCAGGAA,R1,C7
AGTACAAGAGTCACTA,R0,C0
AGTACAAGATCCTGTA,R6,C7
AGTACAAGATTGAGGA,R0,C3
AGTACAAGCAACCACA,R0,C0
AGTACAAGGACTAGTA,R0,C7
AGTACAAGCAATGGAA,R0,C0
AGTACAAGCACTTCGA,R0,C2
AGTACAAGCAGCGTTA,R0,C0
AGTACAAGCATACCAA,R1,C10
AGTACAAGCCAGTTCA,R6,C5
AGTACAAGCCGAAGTA,R0,C0
AGTACAAGCCGTGAGA,R4,C3
AGTACAAGCCTCCTGA,R1,C5
AGTACAAGCGAACTTA,R0,C5
AGTACAAGCGACTGGA,R0,C0
AGTACAAGCGCATACA,R0,C13
AGTACAAGCTCAATGA,R2,C1
AGTACAAGCTGAGCCA,R1,C0
AGTACAAGCTGGCATA,R3,C1
AGTACAAGGAATCTGA,R2,C1
AGTACAAGCAAGACTA,R2,C2
AGTACAAGGAGCTGAA,R2,C1
AGTACAAGGATAGACA,R2,C5
AGTACAAGGCCACATA,R3,C7
AGTACAAGGCGAGTAA,R3,C1
AGTACAAGGCTAACGA,R2,C1
AGTACAAGGCTCGGTA,R2,C5
AGTACAAGGGAGAACA,R7,C5
AGTACAAGGGTGCGAA,R3,C1
AGTACAAGGTACGCAA,R7,C6
AGTACAAGGTCGTAGA,R2,C6
AGTACAAGGTCTGTCA,R2,C1
AGTACAAGGTGTTCTA,R2,C5
AGTACAAGTAGGATGA,R2,C1
AGTACAAGTATCAGCA,R2,C6
AGTACAAGTCCGTCTA,R2,C6
AGTACAAGTCTTCACA,R2,C1
AGTACAAGTGAAGAGA,R2,C5
AGTACAAGTGGAACAA,R2,C6
AGTACAAGTGGCTTCA,R2,C1
AGTACAAGTGGTGGTA,R3,C7
AGTACAAGTTCACGCA,R3,C10
AGTACAAGAACTCACC,R2,C1
AGTACAAGAAGAGATC,R2,C9
AGTACAAGAAGGACAC,R2,C1
AGTACAAGAATCCGTC,R3,C9
AGTACAAGAATGTTGC,R3,C6
AGTACAAGACACGACC,R2,C9
AGTACAAGACAGATTC,R3,C9
AGTACAAGAGATGTAC,R3,C5
AGTACAAGAGCACCTC,R3,C5
AGTACAAGAGCCATGC,R3,C9
AGTACAAGAGGCTAAC,R3,C9
AGTACAAGATAGCGAC,R3,C1
AGTACAAGATCATTCC,R3,C9
AGTACAAGATTGGCTC,R0,C9
AGTACAAGCAAGGAGC,R3,C9
AGTACAAGCACCTTAC,R3,C6
AGTACAAGCCATCCTC,R0,C9
AGTACAAGCCGACAAC,R3,C9
AGTACAAGCCTAATCC,R3,C9
AGTACAAGCCTCTATC,R2,C9
AGTACAAGCGACACAC,R3,C6
AGTACAAGCGGATTGC,R3,C12
AGTACAAGCTAAGGTC,R3,C12
AGTACAAGGAACAGGC,R3,C12
AGTACAAGGACAGTGC,R3,C12
AGTACAAGGAGTTAGC,R3,C8
AGTACAAGGATGAATC,R4,C7
AGTACAAGGCCAAGAC,R3,C7
AGTACAAGCGGAAGAA,R3,C5
AGTACAAGGTGACAAG,R6,C0
AGTACAAGGAACCAGA,R1,C5
GACAGTGCTTGCTGGA,R1,C7
GACAGTGCACGCTCGA,R1,C0
GACAGTGCACGTATCA,R1,C2
GACAGTGCACTATGCA,R2,C4
GACAGTGCAGAGTCAA,R1,C4
GACAGTGCAGATCGCA,R1,C4
GACAGTGCAGCAGGAA,R0,C5
GACAGTGCAGTCACTA,R0,C2
GACAGTGCATCCTGTA,R0,C4
GACAGTGCATTGAGGA,R0,C4
GACAGTGCCAACCACA,R6,C2
GACAGTGCGACTAGTA,R0,C4
GACAGTGCCAATGGAA,R1,C4
GACAGTGCCACTTCGA,R7,C4
GACAGTGCCAGCGTTA,R6,C4
GACAGTGCCATACCAA,R0,C4
GACAGTGCCCAGTTCA,R0,C6
GACAGTGCCCGAAGTA,R0,C4
GACAGTGCCCGTGAGA,R0,C5
GACAGTGCCCTCCTGA,R1,C7
GACAGTGCCGAACTTA,R0,C6
GACAGTGCCGACTGGA,R1,C4
GACAGTGCCGCATACA,R1,C3
GACAGTGCCTCAATGA,R0,C6
GACAGTGCCTGAGCCA,R1,C5
GACAGTGCCTGGCATA,R0,C4
GACAGTGCGAATCTGA,R6,C10
GACAGTGCCAAGACTA,R1,C0
GACAGTGCGAGCTGAA,R0,C0
GACAGTGCGATAGACA,R3,C2
GACAGTGCGCCACATA,R3,C0
GACAGTGCGCGAGTAA,R8,C3
GACAGTGCGCTAACGA,R1,C2
GACAGTGCGCTCGGTA,R0,C6
GACAGTGCGGAGAACA,R6,C0
GACAGTGCGGTGCGAA,R0,C6
GACAGTGCGTACGCAA,R0,C0
GACAGTGCGTCGTAGA,R1,C0
GACAGTGCGTCTGTCA,R0,C0
GACAGTGCGTGTTCTA,R8,C2
GACAGTGCTAGGATGA,R0,C0
GACAGTGCTATCAGCA,R0,C0
GACAGTGCTCCGTCTA,R10,C0
GACAGTGCTCTTCACA,R0,C2
GACAGTGCTGAAGAGA,R0,C0
GACAGTGCTGGAACAA,R0,C0
GACAGTGCTGGCTTCA,R1,C5
GACAGTGCTGGTGGTA,R0,C5
GACAGTGCTTCACGCA,R0,C6
GACAGTGCAACTCACC,R6,C0
GACAGTGCAAGAGATC,R1,C5
GACAGTGCAAGGACAC,R0,C0
GACAGTGCAATCCGTC,R1,C6
GACAGTGCAATGTTGC,R1,C0
GACAGTGCACACGACC,R0,C0
GACAGTGCACAGATTC,R0,C0
GACAGTGCAGATGTAC,R1,C2
GACAGTGCAGCACCTC,R1,C5
GACAGTGCAGCCATGC,R0,C0
GACAGTGCAGGCTAAC,R0,C0
GACAGTGCATAGCGAC,R6,C5
GACAGTGCATCATTCC,R3,C0
GACAGTGCATTGGCTC,R3,C0
GACAGTGCCAAGGAGC,R1,C3
GACAGTGCCACCTTAC,R1,C5
GACAGTGCCCATCCTC,R7,C5
GACAGTGCCCGACAAC,R7,C5
GACAGTGCCCTAATCC,R7,C5
GACAGTGCCCTCTATC,R6,C5
GACAGTGCCGACACAC,R0,C4
GACAGTGCCGGATTGC,R0,C4
GACAGTGCCTAAGGTC,R0,C4
GACAGTGCGAACAGGC,R6,C2
GACAGTGCGACAGTGC,R0,C5
GACAGTGCGAGTTAGC,R1,C5
GACAGTGCGATGAATC,R0,C6
GACAGTGCGCCAAGAC,R1,C2
GACAGTGCCGGAAGAA,R7,C5
GACAGTGCGTGACAAG,R7,C5
GACAGTGCGAACCAGA,R3,C0
CTGTAGCCTTGCTGGA,R3,C2
CTGTAGCCAGTACAAG,R7,C5
CTGTAGCCAACAACCA,R7,C6
CTGTAGCCAACCGAGA,R7,C2
CTGTAGCCAACGCTTA,R1,C7
CTGTAGCCAAGACGGA,R0,C2
CTGTAGCCAAGGTACA,R0,C7
CTGTAGCCACACAGAA,R0,C0
CTGTAGCCACAGCAGA,R0,C0
CTGTAGCCACCTCCAA,R0,C13
CTGTAGCCACGCTCGA,R0,C0
CTGTAGCCACGTATCA,R0,C0
CTGTAGCCACTATGCA,R0,C0
CTGTAGCCAGAGTCAA,R6,C6
CTGTAGCCAGATCGCA,R4,C3
CTGTAGCCAGCAGGAA,R4,C3
CTGTAGCCAGTCACTA,R8,C2
CTGTAGCCATCCTGTA,R0,C2
CTGTAGCCATTGAGGA,R0,C2
CTGTAGCCCAACCACA,R3,C6
CTGTAGCCGACTAGTA,R0,C0
CTGTAGCCCAATGGAA,R0,C0
CTGTAGCCCACTTCGA,R0,C5
CTGTAGCCCAGCGTTA,R1,C2
CTGTAGCCCATACCAA,R0,C0
CTGTAGCCCCAGTTCA,R0,C0
CTGTAGCCCCGAAGTA,R0,C0
CTGTAGCCCCGTGAGA,R0,C0
CTGTAGCCCCTCCTGA,R0,C0
CTGTAGCCCGAACTTA,R0,C0
CTGTAGCCCGACTGGA,R6,C7
CTGTAGCCCGCATACA,R0,C6
CTGTAGCCCTCAATGA,R0,C0
CTGTAGCCCTGAGCCA,R2,C2
CTGTAGCCCTGGCATA,R3,C5
CTGTAGCCGAATCTGA,R2,C7
CTGTAGCCCAAGACTA,R2,C1
CTGTAGCCGAGCTGAA,R2,C10
CTGTAGCCGATAGACA,R2,C1
CTGTAGCCGCCACATA,R2,C6
CTGTAGCCGCGAGTAA,R2,C1
CTGTAGCCGCTAACGA,R2,C1
CTGTAGCCGCTCGGTA,R2,C5
CTGTAGCCGGAGAACA,R2,C6
CTGTAGCCGGTGCGAA,R2,C1
CTGTAGCCGTACGCAA,R2,C1
CTGTAGCCGTCGTAGA,R2,C0
CTGTAGCCGTCTGTCA,R2,C2
CTGTAGCCGTGTTCTA,R2,C1
CTGTAGCCTAGGATGA,R6,C5
CTGTAGCCTATCAGCA,R4,C3
CTGTAGCCTCCGTCTA,R7,C5
CTGTAGCCTCTTCACA,R2,C1
CTGTAGCCTGAAGAGA,R2,C5
CTGTAGCCTGGAACAA,R2,C1
CTGTAGCCTGGCTTCA,R2,C9
CTGTAGCCTGGTGGTA,R2,C1
CTGTAGCCTTCACGCA,R2,C1
CTGTAGCCAACTCACC,R3,C6
CTGTAGCCAAGAGATC,R2,C1
CTGTAGCCAAGGACAC,R3,C10
CTGTAGCCAATCCGTC,R3,C6
CTGTAGCCAATGTTGC,R2,C7
CTGTAGCCACACGACC,R3,C9
CTGTAGCCACAGATTC,R3,C3
CTGTAGCCAGATGTAC,R3,C6
CTGTAGCCAGCACCTC,R3,C1
CTGTAGCCAGCCATGC,R3,C9
CTGTAGCCAGGCTAAC,R3,C9
CTGTAGCCATAGCGAC,R3,C2
CTGTAGCCATCATTCC,R3,C9
CTGTAGCCATTGGCTC,R6,C9
CTGTAGCCCAAGGAGC,R3,C9
CTGTAGCCCACCTTAC,R3,C9
CTGTAGCCCCATCCTC,R3,C9
CTGTAGCCCCGACAAC,R3,C9
CTGTAGCCCCTAATCC,R3,C6
CTGTAGCCCCTCTATC,R3,C5
CTGTAGCCCGACACAC,R0,C2
CTGTAGCCCGGATTGC,R3,C12
CTGTAGCCCTAAGGTC,R3,C12
CTGTAGCCGAACAGGC,R3,C12
CTGTAGCCGACAGTGC,R3,C8
CTGTAGCCGAGTTAGC,R3,C8
CTGTAGCCGATGAATC,R7,C5
CTGTAGCCGCCAAGAC,R3,C2
CTGTAGCCCGGAAGAA,R9,C5
CTGTAGCCGTGACAAG,R3,C8
CTGTAGCCGAACCAGA,R3,C2
ACAAGCTATTGCTGGA,R7,C2
ACAAGCTAAGTACAAG,R7,C0
ACAAGCTAAACAACCA,R7,C5
ACAAGCTAAACCGAGA,R7,C5
ACAAGCTAAACGCTTA,R3,C7
ACAAGCTAAAGACGGA,R1,C10
ACAAGCTAAAGGTACA,R0,C2
ACAAGCTAACACAGAA,R1,C6
ACAAGCTAACAGCAGA,R6,C2
ACAAGCTAACCTCCAA,R6,C13
ACAAGCTAACGCTCGA,R0,C0
ACAAGCTAACGTATCA,R0,C0
ACAAGCTAACTATGCA,R0,C0
ACAAGCTAAGAGTCAA,R0,C6
ACAAGCTAAGATCGCA,R1,C2
ACAAGCTAAGCAGGAA,R1,C2
ACAAGCTAAGTCACTA,R1,C2
ACAAGCTAATCCTGTA,R1,C10
ACAAGCTAATTGAGGA,R3,C0
ACAAGCTACAACCACA,R3,C10
ACAAGCTAGACTAGTA,R7,C5
ACAAGCTACAATGGAA,R0,C6
ACAAGCTACACTTCGA,R1,C10
ACAAGCTACAGCGTTA,R1,C0
ACAAGCTACATACCAA,R1,C2
ACAAGCTACCAGTTCA,R8,C5
ACAAGCTACCGAAGTA,R0,C5
ACAAGCTACCGTGAGA,R1,C7
ACAAGCTACCTCCTGA,R0,C7
ACAAGCTACGAACTTA,R0,C3
ACAAGCTACGACTGGA,R0,C0
ACAAGCTACGCATACA,R0,C0
ACAAGCTACTCAATGA,R0,C0
ACAAGCTACTGAGCCA,R4,C3
ACAAGCTACTGGCATA,R1,C9
ACAAGCTAGAATCTGA,R2,C1
ACAAGCTACAAGACTA,R2,C1
ACAAGCTAGAGCTGAA,R2,C1
ACAAGCTAGATAGACA,R3,C0
ACAAGCTAGCCACATA,R2,C1
ACAAGCTAGCGAGTAA,R1,C6
ACAAGCTAGCTAACGA,R2,C1
ACAAGCTAGCTCGGTA,R2,C9
ACAAGCTAGGAGAACA,R2,C6
ACAAGCTAGGTGCGAA,R2,C1
ACAAGCTAGTACGCAA,R2,C1
ACAAGCTAGTCGTAGA,R2,C1
ACAAGCTAGTCTGTCA,R3,C1
ACAAGCTAGTGTTCTA,R3,C1
ACAAGCTATAGGATGA,R2,C1
ACAAGCTATATCAGCA,R3,C2
ACAAGCTATCCGTCTA,R2,C7
ACAAGCTATCTTCACA,R2,C1
ACAAGCTATGAAGAGA,R2,C1
ACAAGCTATGGAACAA,R2,C1
ACAAGCTATGGCTTCA,R3,C6
ACAAGCTATGGTGGTA,R2,C1
ACAAGCTATTCACGCA,R3,C1
ACAAGCTAAACTCACC,R2,C9
ACAAGCTAAAGAGATC,R2,C9
ACAAGCTAAAGGACAC,R3,C1
ACAAGCTAAATCCGTC,R3,C6
ACAAGCTAAATGTTGC,R3,C9
ACAAGCTAACACGACC,R6,C6
ACAAGCTAACAGATTC,R3,C9
ACAAGCTAAGATGTAC,R3,C7
ACAAGCTAAGCACCTC,R2,C9
ACAAGCTAAGCCATGC,R3,C9
ACAAGCTAAGGCTAAC,R8,C6
ACAAGCTAATAGCGAC,R3,C9
ACAAGCTAATCATTCC,R3,C9
ACAAGCTAATTGGCTC,R3,C9
ACAAGCTACAAGGAGC,R3,C2
ACAAGCTACACCTTAC,R3,C1
ACAAGCTACCATCCTC,R3,C10
ACAAGCTACCGACAAC,R3,C5
ACAAGCTACCTAATCC,R3,C1
ACAAGCTACCTCTATC,R3,C0
ACAAGCTACGACACAC,R3,C9
ACAAGCTACGGATTGC,R3,C9
ACAAGCTACTAAGGTC,R3,C10
ACAAGCTAGAACAGGC,R3,C12
ACAAGCTAGACAGTGC,R3,C5
ACAAGCTAGAGTTAGC,R3,C10
ACAAGCTAGATGAATC,R4,C3
ACAAGCTAGCCAAGAC,R3,C8
ACAAGCTACGGAAGAA,R4,C3
ACAAGCTAGTGACAAG,R3,C7
ACAAGCTAGAACCAGA,R1,C2
CGCTGATCTTGCTGGA,R1,C5
CGCTGATCAGTACAAG,R7,C5
CGCTGATCAACAACCA,R7,C5
CGCTGATCAACCGAGA,R7,C5
CGCTGATCAACGCTTA,R7,C7
CGCTGATCAAGACGGA,R3,C7
CGCTGATCAAGGTACA,R1,C5
CGCTGATCACACAGAA,R1,C7
CGCTGATCACAGCAGA,R0,C3
CGCTGATCACCTCCAA,R0,C13
CGCTGATCACGCTCGA,R0,C13
CGCTGATCACGTATCA,R0,C13
CGCTGATCACTATGCA,R0,C5
CGCTGATCAGAGTCAA,R0,C2
CGCTGATCAGATCGCA,R0,C10
CGCTGATCAGCAGGAA,R1,C6
CGCTGATCAGTCACTA,R0,C0
CGCTGATCATCCTGTA,R1,C2
CGCTGATCATTGAGGA,R0,C0
CGCTGATCCAACCACA,R1,C10
CGCTGATCGACTAGTA,R0,C2
CGCTGATCCAATGGAA,R1,C2
CGCTGATCCACTTCGA,R10,C10
CGCTGATCCAGCGTTA,R0,C0
CGCTGATCCATACCAA,R1,C0
CGCTGATCCCAGTTCA,R1,C7
CGCTGATCCCGAAGTA,R1,C0
CGCTGATCCCGTGAGA,R1,C6
CGCTGATCCCTCCTGA,R1,C2
CGCTGATCCGAACTTA,R0,C6
CGCTGATCCGACTGGA,R1,C6
CGCTGATCCGCATACA,R1,C3
CGCTGATCCTCAATGA,R6,C10
CGCTGATCCTGAGCCA,R0,C13
CGCTGATCCTGGCATA,R0,C1
CGCTGATCGAATCTGA,R2,C8
CGCTGATCCAAGACTA,R2,C8
CGCTGATCGAGCTGAA,R2,C7
CGCTGATCGATAGACA,R2,C5
CGCTGATCGCCACATA,R2,C5
CGCTGATCGCGAGTAA,R2,C1
CGCTGATCGCTAACGA,R2,C1
CGCTGATCGCTCGGTA,R2,C6
CGCTGATCGGAGAACA,R2,C1
CGCTGATCGGTGCGAA,R2,C5
CGCTGATCGTACGCAA,R2,C1
CGCTGATCGTCGTAGA,R2,C1
CGCTGATCGTCTGTCA,R2,C1
CGCTGATCGTGTTCTA,R3,C6
CGCTGATCTAGGATGA,R2,C1
CGCTGATCTATCAGCA,R2,C1
CGCTGATCTCCGTCTA,R2,C1
CGCTGATCTCTTCACA,R2,C1
CGCTGATCTGAAGAGA,R2,C6
CGCTGATCTGGAACAA,R3,C7
CGCTGATCTGGCTTCA,R2,C1
CGCTGATCTGGTGGTA,R2,C9
CGCTGATCTTCACGCA,R2,C9
CGCTGATCAACTCACC,R8,C9
CGCTGATCAAGAGATC,R3,C9
CGCTGATCAAGGACAC,R3,C9
CGCTGATCAATCCGTC,R2,C1
CGCTGATCAATGTTGC,R2,C9
CGCTGATCACACGACC,R3,C9
CGCTGATCACAGATTC,R2,C1
CGCTGATCAGATGTAC,R6,C7
CGCTGATCAGCACCTC,R3,C9
CGCTGATCAGCCATGC,R3,C5
CGCTGATCAGGCTAAC,R3,C9
CGCTGATCATAGCGAC,R3,C9
CGCTGATCATCATTCC,R3,C9
CGCTGATCATTGGCTC,R3,C9
CGCTGATCCAAGGAGC,R3,C10
CGCTGATCCACCTTAC,R3,C9
CGCTGATCCCATCCTC,R3,C9
CGCTGATCCCGACAAC,R3,C9
CGCTGATCCCTAATCC,R3,C0
CGCTGATCCCTCTATC,R3,C7
CGCTGATCCGACACAC,R3,C5
CGCTGATCCGGATTGC,R3,C9
CGCTGATCCTAAGGTC,R3,C9
CGCTGATCGAACAGGC,R3,C9
CGCTGATCGACAGTGC,R3,C0
CGCTGATCGAGTTAGC,R6,C8
CGCTGATCGATGAATC,R3,C3
CGCTGATCGCCAAGAC,R3,C5
CGCTGATCCGGAAGAA,R3,C5
CGCTGATCGTGACAAG,R1,C5
CGCTGATCGAACCAGA,R3,C2
CATCAAGTTTGCTGGA,R1,C2
CATCAAGTAACAACCA,R7,C5
CATCAAGTAACCGAGA,R7,C5
CATCAAGTAACGCTTA,R7,C5
CATCAAGTAAGACGGA,R1,C7
CATCAAGTAAGGTACA,R6,C5
CATCAAGTACACAGAA,R3,C2
CATCAAGTACAGCAGA,R3,C3
CATCAAGTACCTCCAA,R0,C0
CATCAAGTACGCTCGA,R0,C13
CATCAAGTACGTATCA,R0,C13
CATCAAGTACTATGCA,R6,C13
CATCAAGTAGAGTCAA,R0,C5
CATCAAGTAGATCGCA,R0,C0
CATCAAGTAGCAGGAA,R0,C2
CATCAAGTAGTCACTA,R1,C10
CATCAAGTATCCTGTA,R0,C0
CATCAAGTATTGAGGA,R4,C3
CATCAAGTCAACCACA,R0,C0
CATCAAGTGACTAGTA,R0,C0
CATCAAGTCAATGGAA,R0,C0
CATCAAGTCACTTCGA,R1,C3
CATCAAGTCAGCGTTA,R0,C0
CATCAAGTCATACCAA,R1,C7
CATCAAGTCCAGTTCA,R6,C5
CATCAAGTCCGAAGTA,R0,C2
CATCAAGTCCGTGAGA,R1,C2
CATCAAGTCCTCCTGA,R1,C6
CATCAAGTCGAACTTA,R1,C10
CATCAAGTCGACTGGA,R1,C2
CATCAAGTCGCATACA,R0,C0
CATCAAGTCTCAATGA,R1,C0
CATCAAGTCTGAGCCA,R1,C1
CATCAAGTCTGGCATA,R1,C7
CATCAAGTGAATCTGA,R3,C0
CATCAAGTCAAGACTA,R1,C9
CATCAAGTGAGCTGAA,R3,C9
CATCAAGTGATAGACA,R1,C1
CATCAAGTGCCACATA,R3,C5
CATCAAGTGCGAGTAA,R2,C1
CATCAAGTGCTAACGA,R2,C6
CATCAAGTGCTCGGTA,R2,C1
CATCAAGTGGAGAACA,R2,C6
CATCAAGTGGTGCGAA,R2,C1
CATCAAGTGTACGCAA,R2,C1
CATCAAGTGTCGTAGA,R0,C3
CATCAAGTGTCTGTCA,R2,C6
CATCAAGTGTGTTCTA,R2,C1
CATCAAGTTAGGATGA,R4,C3
CATCAAGTTATCAGCA,R4,C0
CATCAAGTTCCGTCTA,R2,C1
CATCAAGTTCTTCACA,R2,C5
CATCAAGTTGAAGAGA,R1,C10
CATCAAGTTGGAACAA,R2,C5
CATCAAGTTGGCTTCA,R3,C7
CATCAAGTTGGTGGTA,R3,C1
CATCAAGTTTCACGCA,R3,C9
CATCAAGTAACTCACC,R3,C1
CATCAAGTAAGAGATC,R3,C9
CATCAAGTAAGGACAC,R3,C9
CATCAAGTAATCCGTC,R3,C9
CATCAAGTAATGTTGC,R3,C9
CATCAAGTACACGACC,R3,C9
CATCAAGTACAGATTC,R3,C1
CATCAAGTAGATGTAC,R2,C1
CATCAAGTAGCACCTC,R3,C1
CATCAAGTAGCCATGC,R3,C10
CATCAAGTAGGCTAAC,R3,C6
CATCAAGTATAGCGAC,R3,C1
CATCAAGTATCATTCC,R3,C9
CATCAAGTATTGGCTC,R3,C9
CATCAAGTCAAGGAGC,R3,C9
CATCAAGTCACCTTAC,R3,C9
CATCAAGTCCATCCTC,R3,C9
CATCAAGTCCGACAAC,R3,C10
CATCAAGTCCTAATCC,R3,C8
CATCAAGTCCTCTATC,R3,C9
CATCAAGTCGACACAC,R3,C12
CATCAAGTCGGATTGC,R3,C6
CATCAAGTCTAAGGTC,R7,C5
CATCAAGTGAACAGGC,R3,C5
CATCAAGTGACAGTGC,R1,C2
CATCAAGTGAGTTAGC,R1,C2
CATCAAGTGATGAATC,R3,C8
CATCAAGTGCCAAGAC,R8,C3
CATCAAGTCGGAAGAA,R4,C3
CATCAAGTGTGACAAG,R4,C3
CATCAAGTGAACCAGA,R3,C7
CAGATCTGTTGCTGGA,R3,C2
CAGATCTGAACAACCA,R7,C5
CAGATCTGAACCGAGA,R7,C5
CAGATCTGAACGCTTA,R7,C2
CAGATCTGAAGACGGA,R1,C10
CAGATCTGAAGGTACA,R1,C6
CAGATCTGACACAGAA,R6,C2
CAGATCTGACAGCAGA,R1,C2
CAGATCTGACCTCCAA,R0,C0
CAGATCTGACGCTCGA,R0,C13
CAGATCTGACGTATCA,R0,C13
CAGATCTGACTATGCA,R0,C6
CAGATCTGAGAGTCAA,R0,C13
CAGATCTGAGATCGCA,R3,C5
CAGATCTGAGCAGGAA,R0,C2
CAGATCTGAGTCACTA,R8,C0
CAGATCTGATCCTGTA,R0,C2
CAGATCTGATTGAGGA,R1,C2
CAGATCTGCAACCACA,R0,C2
CAGATCTGGACTAGTA,R1,C5
CAGATCTGCAATGGAA,R0,C0
CAGATCTGCACTTCGA,R3,C7
CAGATCTGCAGCGTTA,R1,C2
CAGATCTGCATACCAA,R1,C2
CAGATCTGCCAGTTCA,R1,C2
CAGATCTGCCGAAGTA,R1,C2
CAGATCTGCCGTGAGA,R7,C5
CAGATCTGCCTCCTGA,R3,C3
CAGATCTGCGAACTTA,R1,C6
CAGATCTGCGACTGGA,R0,C0
CAGATCTGCGCATACA,R1,C2
CAGATCTGCTCAATGA,R3,C8
CAGATCTGCTGAGCCA,R1,C2
CAGATCTGCTGGCATA,R6,C6
CAGATCTGGAATCTGA,R0,C2
CAGATCTGCAAGACTA,R3,C2
CAGATCTGGAGCTGAA,R0,C9
CAGATCTGGATAGACA,R3,C0
CAGATCTGGCCACATA,R2,C1
CAGATCTGGCGAGTAA,R2,C1
CAGATCTGGCTAACGA,R2,C1
CAGATCTGGCTCGGTA,R3,C6
CAGATCTGGGAGAACA,R2,C1
CAGATCTGGGTGCGAA,R2,C2
CAGATCTGGTACGCAA,R2,C1
CAGATCTGGTCGTAGA,R2,C1
CAGATCTGGTCTGTCA,R2,C1
CAGATCTGGTGTTCTA,R1,C10
CAGATCTGTAGGATGA,R3,C7
CAGATCTGTATCAGCA,R3,C3
CAGATCTGTCCGTCTA,R1,C6
CAGATCTGTCTTCACA,R3,C3
CAGATCTGTGAAGAGA,R2,C10
CAGATCTGTGGAACAA,R2,C1
CAGATCTGTGGCTTCA,R6,C9
CAGATCTGTGGTGGTA,R7,C2
CAGATCTGTTCACGCA,R3,C7
CAGATCTGAACTCACC,R3,C1
CAGATCTGAAGAGATC,R2,C1
CAGATCTGAAGGACAC,R3,C5
CAGATCTGAATCCGTC,R7,C7
CAGATCTGAATGTTGC,R3,C1
CAGATCTGACACGACC,R3,C1
CAGATCTGACAGATTC,R2,C2
CAGATCTGAGATGTAC,R4,C2
CAGATCTGAGCACCTC,R3,C9
CAGATCTGAGCCATGC,R3,C6
CAGATCTGAGGCTAAC,R2,C1
CAGATCTGATAGCGAC,R3,C9
CAGATCTGATCATTCC,R3,C1
CAGATCTGATTGGCTC,R2,C2
CAGATCTGCAAGGAGC,R3,C5
CAGATCTGCACCTTAC,R3,C10
CAGATCTGCCATCCTC,R3,C8
CAGATCTGCCGACAAC,R3,C8
CAGATCTGCCTAATCC,R3,C9
CAGATCTGCCTCTATC,R3,C3
CAGATCTGCGACACAC,R6,C9
CAGATCTGCGGATTGC,R3,C8
CAGATCTGCTAAGGTC,R3,C10
CAGATCTGGAACAGGC,R3,C7
CAGATCTGGACAGTGC,R6,C5
CAGATCTGGAGTTAGC,R3,C2
CAGATCTGGATGAATC,R3,C7
CAGATCTGGCCAAGAC,R4,C3
CAGATCTGCGGAAGAA,R3,C2
CAGATCTGGTGACAAG,R1,C2
CAGATCTGGAACCAGA,R1,C2
ACATTGGCTTGCTGGA,R3,C3
ACATTGGCAACAACCA,R7,C5
ACATTGGCAACCGAGA,R7,C5
ACATTGGCAACGCTTA,R7,C5
ACATTGGCAAGACGGA,R7,C10
ACATTGGCAAGGTACA,R1,C2
ACATTGGCACACAGAA,R3,C3
ACATTGGCACAGCAGA,R1,C2
ACATTGGCACCTCCAA,R0,C5
ACATTGGCACGCTCGA,R0,C13
ACATTGGCACGTATCA,R0,C13
ACATTGGCACTATGCA,R0,C13
ACATTGGCAGAGTCAA,R0,C13
ACATTGGCAGATCGCA,R0,C13
ACATTGGCAGCAGGAA,R0,C5
ACATTGGCAGTCACTA,R0,C0
ACATTGGCATCCTGTA,R1,C3
ACATTGGCATTGAGGA,R0,C2
ACATTGGCCAACCACA,R0,C2
ACATTGGCGACTAGTA,R1,C2
ACATTGGCCAATGGAA,R0,C2
ACATTGGCCACTTCGA,R0,C0
ACATTGGCCAGCGTTA,R1,C6
ACATTGGCCATACCAA,R1,C7
ACATTGGCCCAGTTCA,R1,C2
ACATTGGCCCGAAGTA,R0,C2
ACATTGGCCCGTGAGA,R1,C10
ACATTGGCCCTCCTGA,R4,C3
ACATTGGCCGAACTTA,R0,C2
ACATTGGCCGACTGGA,R1,C7
ACATTGGCCGCATACA,R4,C2
ACATTGGCCTCAATGA,R3,C3
ACATTGGCCTGAGCCA,R1,C2
ACATTGGCCTGGCATA,R1,C7
ACATTGGCGAATCTGA,R3,C2
ACATTGGCCAAGACTA,R3,C2
ACATTGGCGAGCTGAA,R3,C8
ACATTGGCGATAGACA,R3,C0
ACATTGGCGCCACATA,R2,C1
ACATTGGCGCGAGTAA,R2,C6
ACATTGGCGCTAACGA,R2,C1
ACATTGGCGCTCGGTA,R2,C1
ACATTGGCGGAGAACA,R1,C2
ACATTGGCGGTGCGAA,R2,C1
ACATTGGCGTACGCAA,R2,C2
ACATTGGCGTCGTAGA,R3,C3
ACATTGGCGTCTGTCA,R2,C1
ACATTGGCGTGTTCTA,R0,C1
ACATTGGCTAGGATGA,R3,C6
ACATTGGCTATCAGCA,R3,C6
ACATTGGCTCCGTCTA,R2,C1
ACATTGGCTCTTCACA,R2,C2
ACATTGGCTGAAGAGA,R3,C1
ACATTGGCTGGAACAA,R1,C7
ACATTGGCTGGCTTCA,R3,C6
ACATTGGCTGGTGGTA,R2,C5
ACATTGGCTTCACGCA,R3,C9
ACATTGGCAACTCACC,R3,C5
ACATTGGCAAGAGATC,R3,C9
ACATTGGCAAGGACAC,R3,C0
ACATTGGCAATCCGTC,R3,C1
ACATTGGCAATGTTGC,R3,C1
ACATTGGCACACGACC,R3,C2
ACATTGGCACAGATTC,R3,C9
ACATTGGCAGATGTAC,R3,C9
ACATTGGCAGCACCTC,R3,C5
ACATTGGCAGCCATGC,R2,C3
ACATTGGCAGGCTAAC,R3,C9
ACATTGGCATAGCGAC,R3,C9
ACATTGGCATCATTCC,R3,C1
ACATTGGCATTGGCTC,R3,C0
ACATTGGCCAAGGAGC,R3,C8
ACATTGGCCACCTTAC,R3,C2
ACATTGGCCCATCCTC,R3,C7
ACATTGGCCCGACAAC,R3,C8
ACATTGGCCCTAATCC,R7,C6
ACATTGGCCCTCTATC,R3,C9
ACATTGGCCGACACAC,R3,C9
ACATTGGCCGGATTGC,R3,C9
ACATTGGCCTAAGGTC,R3,C8
ACATTGGCGAACAGGC,R6,C6
ACATTGGCGACAGTGC,R4,C3
ACATTGGCGAGTTAGC,R3,C2
ACATTGGCGATGAATC,R3,C7
ACATTGGCGCCAAGAC,R1,C2
ACATTGGCCGGAAGAA,R1,C8
ACATTGGCGTGACAAG,R6,C5
ACATTGGCGAACCAGA,R3,C5
ACCACTGTTTGCTGGA,R1,C5
ACCACTGTAACAACCA,R7,C2
ACCACTGTAACCGAGA,R7,C5
ACCACTGTAACGCTTA,R7,C5
ACCACTGTAAGACGGA,R7,C5
ACCACTGTAAGGTACA,R1,C7
ACCACTGTACACAGAA,R1,C7
ACCACTGTACAGCAGA,R1,C2
ACCACTGTACCTCCAA,R1,C7
ACCACTGTACGCTCGA,R0,C6
ACCACTGTACGTATCA,R0,C13
ACCACTGTACTATGCA,R0,C13
ACCACTGTAGAGTCAA,R0,C13
ACCACTGTAGATCGCA,R0,C13
ACCACTGTAGCAGGAA,R6,C13
ACCACTGTAGTCACTA,R0,C13
ACCACTGTATCCTGTA,R0,C13
ACCACTGTATTGAGGA,R0,C2
ACCACTGTCAACCACA,R0,C4
ACCACTGTGACTAGTA,R0,C13
ACCACTGTCAATGGAA,R3,C5
ACCACTGTCACTTCGA,R0,C6
ACCACTGTCAGCGTTA,R6,C6
ACCACTGTCATACCAA,R1,C6
ACCACTGTCCAGTTCA,R1,C2
ACCACTGTCCGAAGTA,R1,C2
ACCACTGTCCGTGAGA,R6,C10
ACCACTGTCCTCCTGA,R0,C0
ACCACTGTCGAACTTA,R0,C2
ACCACTGTCGACTGGA,R1,C7
ACCACTGTCGCATACA,R1,C3
ACCACTGTCTCAATGA,R1,C10
ACCACTGTCTGAGCCA,R0,C10
ACCACTGTCTGGCATA,R0,C0
ACCACTGTGAATCTGA,R4,C7
ACCACTGTCAAGACTA,R0,C5
ACCACTGTGAGCTGAA,R3,C2
ACCACTGTGATAGACA,R3,C1
ACCACTGTGCCACATA,R2,C1
ACCACTGTGCGAGTAA,R2,C1
ACCACTGTGCTAACGA,R2,C1
ACCACTGTGCTCGGTA,R2,C6
ACCACTGTGGAGAACA,R2,C1
ACCACTGTGGTGCGAA,R2,C1
ACCACTGTGTACGCAA,R2,C1
ACCACTGTGTCGTAGA,R3,C10
ACCACTGTGTCTGTCA,R2,C1
ACCACTGTGTGTTCTA,R2,C2
ACCACTGTTAGGATGA,R3,C10
ACCACTGTTATCAGCA,R2,C6
ACCACTGTTCCGTCTA,R2,C1
ACCACTGTTCTTCACA,R2,C6
ACCACTGTTGAAGAGA,R2,C1
ACCACTGTTGGAACAA,R2,C1
ACCACTGTTGGCTTCA,R3,C9
ACCACTGTTGGTGGTA,R3,C6
ACCACTGTTTCACGCA,R8,C3
ACCACTGTAACTCACC,R3,C6
ACCACTGTAAGAGATC,R3,C1
ACCACTGTAAGGACAC,R3,C9
ACCACTGTAATCCGTC,R3,C1
ACCACTGTAATGTTGC,R3,C9
ACCACTGTACACGACC,R3,C5
ACCACTGTACAGATTC,R1,C8
ACCACTGTAGATGTAC,R3,C1
ACCACTGTAGCACCTC,R3,C9
ACCACTGTAGCCATGC,R2,C1
ACCACTGTAGGCTAAC,R3,C9
ACCACTGTATAGCGAC,R3,C9
ACCACTGTATCATTCC,R2,C1
ACCACTGTATTGGCTC,R0,C6
ACCACTGTCAAGGAGC,R3,C0
ACCACTGTCACCTTAC,R3,C0
ACCACTGTCCATCCTC,R3,C9
ACCACTGTCCGACAAC,R3,C0
ACCACTGTCCTAATCC,R3,C9
ACCACTGTCCTCTATC,R3,C9
ACCACTGTCGACACAC,R0,C9
ACCACTGTCGGATTGC,R3,C8
ACCACTGTCTAAGGTC,R3,C0
ACCACTGTGAACAGGC,R3,C5
ACCACTGTGACAGTGC,R4,C2
ACCACTGTGAGTTAGC,R1,C7
ACCACTGTGATGAATC,R3,C2
ACCACTGTGCCAAGAC,R3,C2
ACCACTGTCGGAAGAA,R1,C6
ACCACTGTGTGACAAG,R3,C2
ACCACTGTGAACCAGA,R4,C2
AGTGGTCATTGCTGGA,R3,C2
AGTGGTCAAACCGAGA,R7,C5
AGTGGTCAAACGCTTA,R7,C5
AGTGGTCAAAGACGGA,R7,C5
AGTGGTCAAAGGTACA,R7,C5
AGTGGTCAACACAGAA,R1,C7
AGTGGTCAACAGCAGA,R1,C7
AGTGGTCAACCTCCAA,R7,C5
AGTGGTCAACGCTCGA,R7,C5
AGTGGTCAACGTATCA,R6,C7
AGTGGTCAACTATGCA,R0,C13
AGTGGTCAAGAGTCAA,R0,C0
AGTGGTCAAGATCGCA,R0,C0
AGTGGTCAAGCAGGAA,R0,C13
AGTGGTCAAGTCACTA,R0,C13
AGTGGTCAATCCTGTA,R0,C13
AGTGGTCAATTGAGGA,R0,C4
AGTGGTCACAACCACA,R0,C4
AGTGGTCAGACTAGTA,R0,C13
AGTGGTCACAATGGAA,R0,C4
AGTGGTCACACTTCGA,R0,C0
AGTGGTCACAGCGTTA,R3,C10
AGTGGTCACATACCAA,R7,C5
AGTGGTCACCAGTTCA,R0,C2
AGTGGTCACCGAAGTA,R1,C6
AGTGGTCACCGTGAGA,R6,C0
AGTGGTCACCTCCTGA,R1,C2
AGTGGTCACGAACTTA,R1,C7
AGTGGTCACGACTGGA,R1,C2
AGTGGTCACGCATACA,R1,C2
AGTGGTCACTCAATGA,R1,C2
AGTGGTCACTGAGCCA,R3,C8
AGTGGTCACTGGCATA,R0,C6
AGTGGTCAGAATCTGA,R1,C2
AGTGGTCACAAGACTA,R3,C2
AGTGGTCAGAGCTGAA,R3,C7
AGTGGTCAGATAGACA,R3,C2
AGTGGTCAGCCACATA,R3,C9
AGTGGTCAGCGAGTAA,R3,C7
AGTGGTCAGCTAACGA,R3,C2
AGTGGTCAGCTCGGTA,R2,C2
AGTGGTCAGGAGAACA,R2,C2
AGTGGTCAGGTGCGAA,R1,C6
AGTGGTCAGTACGCAA,R2,C7
AGTGGTCAGTCGTAGA,R2,C1
AGTGGTCAGTCTGTCA,R3,C10
AGTGGTCAGTGTTCTA,R2,C1
AGTGGTCATAGGATGA,R1,C2
AGTGGTCATATCAGCA,R3,C1
AGTGGTCATCCGTCTA,R2,C1
AGTGGTCATCTTCACA,R2,C1
AGTGGTCATGAAGAGA,R2,C5
AGTGGTCATGGAACAA,R2,C1
AGTGGTCATGGCTTCA,R3,C1
AGTGGTCATGGTGGTA,R3,C8
AGTGGTCATTCACGCA,R4,C3
AGTGGTCAAACTCACC,R3,C5
AGTGGTCAAAGAGATC,R2,C1
AGTGGTCAAAGGACAC,R2,C1
AGTGGTCAAATCCGTC,R3,C2
AGTGGTCAAATGTTGC,R2,C1
AGTGGTCAACACGACC,R3,C1
AGTGGTCAACAGATTC,R3,C2
AGTGGTCAAGATGTAC,R1,C2
AGTGGTCAAGCACCTC,R2,C2
AGTGGTCAAGCCATGC,R3,C9
AGTGGTCAAGGCTAAC,R3,C9
AGTGGTCAATAGCGAC,R3,C1
AGTGGTCAATCATTCC,R3,C2
AGTGGTCAATTGGCTC,R3,C7
AGTGGTCACAAGGAGC,R3,C0
AGTGGTCACACCTTAC,R3,C2
AGTGGTCACCATCCTC,R3,C0
AGTGGTCACCGACAAC,R3,C9
AGTGGTCACCTAATCC,R3,C8
AGTGGTCACCTCTATC,R1,C7
AGTGGTCACGACACAC,R3,C7
AGTGGTCACGGATTGC,R3,C8
AGTGGTCACTAAGGTC,R3,C7
AGTGGTCAGAACAGGC,R3,C2
AGTGGTCAGACAGTGC,R3,C3
AGTGGTCAGAGTTAGC,R3,C0
AGTGGTCAGATGAATC,R4,C3
AGTGGTCAGCCAAGAC,R6,C7
AGTGGTCACGGAAGAA,R3,C0
AGTGGTCAGTGACAAG,R1,C10
AGTGGTCAGAACCAGA,R7,C3
ATGCCTAATTGCTGGA,R1,C2
ATGCCTAAAAGGTACA,R10,C5
ATGCCTAAACACAGAA,R7,C5
ATGCCTAAACAGCAGA,R7,C5
ATGCCTAAACCTCCAA,R7,C5
ATGCCTAAACGCTCGA,R7,C2
ATGCCTAAACGTATCA,R1,C3
ATGCCTAAACTATGCA,R0,C10
ATGCCTAAAGAGTCAA,R6,C7
ATGCCTAAAGATCGCA,R0,C5
ATGCCTAAAGCAGGAA,R3,C13
ATGCCTAAAGTCACTA,R0,C13
ATGCCTAAATCCTGTA,R0,C13
ATGCCTAAATTGAGGA,R0,C13
ATGCCTAACAACCACA,R0,C13
ATGCCTAAGACTAGTA,R0,C13
ATGCCTAACAATGGAA,R0,C13
ATGCCTAACACTTCGA,R0,C13
ATGCCTAACAGCGTTA,R0,C0
ATGCCTAACATACCAA,R0,C13
ATGCCTAACCAGTTCA,R1,C0
ATGCCTAACCGAAGTA,R1,C0
ATGCCTAACCGTGAGA,R7,C5
ATGCCTAACCTCCTGA,R6,C5
ATGCCTAACGAACTTA,R0,C0
ATGCCTAACGACTGGA,R1,C2
ATGCCTAACGCATACA,R1,C2
ATGCCTAACTCAATGA,R1,C2
ATGCCTAACTGAGCCA,R0,C0
ATGCCTAACTGGCATA,R4,C3
ATGCCTAAGAATCTGA,R2,C10
ATGCCTAACAAGACTA,R6,C3
ATGCCTAAGAGCTGAA,R0,C2
ATGCCTAAGATAGACA,R4,C2
ATGCCTAAGCCACATA,R2,C0
ATGCCTAAGCGAGTAA,R3,C9
ATGCCTAAGCTAACGA,R2,C1
ATGCCTAAGCTCGGTA,R1,C5
ATGCCTAAGGAGAACA,R2,C2
ATGCCTAAGGTGCGAA,R2,C1
ATGCCTAAGTACGCAA,R2,C1
ATGCCTAAGTCGTAGA,R2,C0
ATGCCTAAGTCTGTCA,R2,C7
ATGCCTAAGTGTTCTA,R1,C5
ATGCCTAATAGGATGA,R3,C5
ATGCCTAATATCAGCA,R2,C1
ATGCCTAATCCGTCTA,R2,C1
ATGCCTAATCTTCACA,R2,C1
ATGCCTAATGAAGAGA,R2,C1
ATGCCTAATGGAACAA,R0,C3
ATGCCTAATGGCTTCA,R3,C0
ATGCCTAATGGTGGTA,R3,C9
ATGCCTAATTCACGCA,R3,C9
ATGCCTAAAACTCACC,R3,C3
ATGCCTAAAAGAGATC,R4,C5
ATGCCTAAAAGGACAC,R2,C10
ATGCCTAAAATCCGTC,R3,C9
ATGCCTAAAATGTTGC,R2,C2
ATGCCTAAACACGACC,R3,C1
ATGCCTAAACAGATTC,R2,C9
ATGCCTAAAGATGTAC,R3,C9
ATGCCTAAAGCACCTC,R3,C9
ATGCCTAAAGCCATGC,R3,C9
ATGCCTAAAGGCTAAC,R2,C1
ATGCCTAAATAGCGAC,R3,C0
ATGCCTAAATCATTCC,R3,C9
ATGCCTAAATTGGCTC,R3,C9
ATGCCTAACAAGGAGC,R3,C6
ATGCCTAACACCTTAC,R3,C12
ATGCCTAACCATCCTC,R3,C5
ATGCCTAACCGACAAC,R3,C9
ATGCCTAACCTAATCC,R8,C0
ATGCCTAACCTCTATC,R3,C6
ATGCCTAACGACACAC,R3,C3
ATGCCTAACGGATTGC,R3,C0
ATGCCTAACTAAGGTC,R4,C3
ATGCCTAAGAACAGGC,R4,C3
ATGCCTAAGACAGTGC,R4,C2
ATGCCTAAGAGTTAGC,R3,C5
ATGCCTAAGATGAATC,R3,C5
ATGCCTAAGCCAAGAC,R1,C2
ATGCCTAACGGAAGAA,R3,C2
ATGCCTAAGTGACAAG,R3,C7
ATGCCTAAGAACCAGA,R3,C3
AAACATCGTTGCTGGA,R3,C0
AAACATCGACACAGAA,R1,C6
AAACATCGACAGCAGA,R1,C5
AAACATCGACCTCCAA,R1,C7
AAACATCGACGCTCGA,R7,C2
AAACATCGACGTATCA,R8,C7
AAACATCGACTATGCA,R1,C2
AAACATCGAGAGTCAA,R3,C2
AAACATCGAGATCGCA,R1,C5
AAACATCGAGCAGGAA,R7,C2
AAACATCGAGTCACTA,R0,C2
AAACATCGATCCTGTA,R0,C13
AAACATCGATTGAGGA,R0,C13
AAACATCGCAACCACA,R0,C13
AAACATCGGACTAGTA,R0,C13
AAACATCGCAATGGAA,R0,C13
AAACATCGCACTTCGA,R0,C13
AAACATCGCAGCGTTA,R0,C13
AAACATCGCATACCAA,R0,C13
AAACATCGCCAGTTCA,R0,C13
AAACATCGCCGAAGTA,R0,C13
AAACATCGCCGTGAGA,R0,C4
AAACATCGCCTCCTGA,R1,C6
AAACATCGCGAACTTA,R0,C0
AAACATCGCGACTGGA,R1,C0
AAACATCGCGCATACA,R1,C5
AAACATCGCTCAATGA,R6,C0
AAACATCGCTGAGCCA,R0,C0
AAACATCGCTGGCATA,R1,C10
AAACATCGGAATCTGA,R6,C6
AAACATCGCAAGACTA,R0,C0
AAACATCGGAGCTGAA,R4,C3
AAACATCGGATAGACA,R4,C3
AAACATCGGCCACATA,R2,C9
AAACATCGGCGAGTAA,R2,C1
AAACATCGGCTAACGA,R2,C0
AAACATCGGCTCGGTA,R1,C2
AAACATCGGGAGAACA,R2,C2
AAACATCGGGTGCGAA,R2,C2
AAACATCGGTACGCAA,R2,C1
AAACATCGGTCGTAGA,R2,C1
AAACATCGGTCTGTCA,R2,C1
AAACATCGGTGTTCTA,R4,C2
AAACATCGTAGGATGA,R2,C6
AAACATCGTATCAGCA,R2,C6
AAACATCGTCCGTCTA,R3,C2
AAACATCGTCTTCACA,R2,C1
AAACATCGTGAAGAGA,R3,C1
AAACATCGTGGAACAA,R1,C7
AAACATCGTGGCTTCA,R3,C9
AAACATCGTGGTGGTA,R3,C9
AAACATCGTTCACGCA,R3,C9
AAACATCGAACTCACC,R3,C6
AAACATCGAAGAGATC,R3,C6
AAACATCGAAGGACAC,R3,C1
AAACATCGAATCCGTC,R3,C9
AAACATCGAATGTTGC,R3,C9
AAACATCGACACGACC,R2,C1
AAACATCGACAGATTC,R3,C1
AAACATCGAGATGTAC,R3,C5
AAACATCGAGCACCTC,R2,C1
AAACATCGAGCCATGC,R1,C6
AAACATCGAGGCTAAC,R3,C10
AAACATCGATAGCGAC,R3,C7
AAACATCGATCATTCC,R3,C9
AAACATCGATTGGCTC,R3,C5
AAACATCGCAAGGAGC,R3,C6
AAACATCGCACCTTAC,R3,C8
AAACATCGCCATCCTC,R3,C9
AAACATCGCCGACAAC,R3,C8
AAACATCGCCTAATCC,R3,C8
AAACATCGCCTCTATC,R3,C8
AAACATCGCGACACAC,R3,C8
AAACATCGCGGATTGC,R1,C8
AAACATCGCTAAGGTC,R3,C0
AAACATCGGAACAGGC,R6,C5
AAACATCGGACAGTGC,R6,C2
AAACATCGGAGTTAGC,R1,C7
AAACATCGGATGAATC,R1,C7
AAACATCGGCCAAGAC,R8,C2
AAACATCGCGGAAGAA,R3,C2
AAACATCGGTGACAAG,R4,C3
AAACATCGGAACCAGA,R3,C2
GAACAGGCTTGCTGGA,R1,C6
GAACAGGCACAGCAGA,R1,C6
GAACAGGCACCTCCAA,R0,C2
GAACAGGCACGCTCGA,R6,C4
GAACAGGCACGTATCA,R1,C2
GAACAGGCACTATGCA,R1,C6
GAACAGGCAGAGTCAA,R0,C4
GAACAGGCAGATCGCA,R0,C4
GAACAGGCAGCAGGAA,R1,C2
GAACAGGCAGTCACTA,R0,C6
GAACAGGCATCCTGTA,R0,C4
GAACAGGCATTGAGGA,R0,C5
GAACAGGCCAACCACA,R0,C4
GAACAGGCGACTAGTA,R0,C0
GAACAGGCCAATGGAA,R1,C2
GAACAGGCCACTTCGA,R4,C4
GAACAGGCCAGCGTTA,R7,C4
GAACAGGCCATACCAA,R8,C6
GAACAGGCCCAGTTCA,R0,C4
GAACAGGCCCGAAGTA,R0,C4
GAACAGGCCCGTGAGA,R3,C4
GAACAGGCCCTCCTGA,R0,C4
GAACAGGCCGAACTTA,R0,C10
GAACAGGCCGACTGGA,R0,C4
GAACAGGCCGCATACA,R1,C6
GAACAGGCCTCAATGA,R1,C0
GAACAGGCCTGAGCCA,R1,C0
GAACAGGCCTGGCATA,R8,C5
GAACAGGCGAATCTGA,R0,C0
GAACAGGCCAAGACTA,R4,C3
GAACAGGCGAGCTGAA,R0,C0
GAACAGGCGATAGACA,R1,C5
GAACAGGCGCCACATA,R0,C2
GAACAGGCGCGAGTAA,R0,C4
GAACAGGCGCTAACGA,R1,C0
GAACAGGCGCTCGGTA,R1,C6
GAACAGGCGGAGAACA,R1,C5
GAACAGGCGGTGCGAA,R1,C0
GAACAGGCGTACGCAA,R0,C0
GAACAGGCGTCGTAGA,R1,C3
GAACAGGCGTCTGTCA,R1,C6
GAACAGGCGTGTTCTA,R0,C0
GAACAGGCTAGGATGA,R1,C2
GAACAGGCTATCAGCA,R0,C0
GAACAGGCTCCGTCTA,R6,C0
GAACAGGCTCTTCACA,R4,C2
GAACAGGCTGAAGAGA,R1,C0
GAACAGGCTGGAACAA,R0,C0
GAACAGGCTGGCTTCA,R0,C0
GAACAGGCTGGTGGTA,R0,C6
GAACAGGCTTCACGCA,R4,C2
GAACAGGCAACTCACC,R0,C0
GAACAGGCAAGAGATC,R4,C3
GAACAGGCAAGGACAC,R2,C0
GAACAGGCAATCCGTC,R0,C0
GAACAGGCAATGTTGC,R0,C0
GAACAGGCACACGACC,R0,C0
GAACAGGCACAGATTC,R0,C0
GAACAGGCAGATGTAC,R6,C0
GAACAGGCAGCACCTC,R0,C0
GAACAGGCAGCCATGC,R8,C0
GAACAGGCAGGCTAAC,R0,C0
GAACAGGCATAGCGAC,R0,C0
GAACAGGCATCATTCC,R0,C0
GAACAGGCATTGGCTC,R6,C5
GAACAGGCCAAGGAGC,R0,C0
GAACAGGCCACCTTAC,R0,C10
GAACAGGCCCATCCTC,R0,C0
GAACAGGCCCGACAAC,R0,C0
GAACAGGCCCTAATCC,R1,C5
GAACAGGCCCTCTATC,R0,C4
GAACAGGCCGACACAC,R0,C0
GAACAGGCCGGATTGC,R1,C4
GAACAGGCCTAAGGTC,R0,C4
GAACAGGCGAACAGGC,R0,C0
GAACAGGCGACAGTGC,R1,C5
GAACAGGCGAGTTAGC,R3,C6
GAACAGGCGATGAATC,R3,C5
GAACAGGCGCCAAGAC,R1,C5
GAACAGGCCGGAAGAA,R7,C5
GAACAGGCGTGACAAG,R3,C2
GAACAGGCGAACCAGA,R1,C2
